<?xml version="1.0" encoding="UTF-8"?>
<colors>
    <color name="Highlight">ff0385b5</color>
    <color name="Highlight2">FFff4081</color>
    <color name="Selected">FFededed</color>

    <color name="Dark1">ffd6d6d6</color>
    <color name="Dark2">b3d6d6d6</color>
    <color name="Dark3">4dd6d6d6</color>
    <color name="Dark4">1fd6d6d6</color>
    <color name="Light1">ff333333</color>
    <color name="Light2">b3333333</color>
    <color name="Light3">4d333333</color>
    <color name="Light4">1f333333</color>

    <color name="White100">FFcccccc</color>
    <color name="White70">B3cccccc</color>
    <color name="White30">4Dcccccc</color>
    <color name="White12">1Fcccccc</color>

    <color name="Black100">FF000000</color>
    <color name="Black70">B3000000</color>
    <color name="Black30">4D000000</color>
    <color name="Black12">1F000000</color>

    <color name="PanelWhite100">FFdddddd</color>
    <color name="PanelWhite90">E6dddddd</color>
    <color name="PanelWhite70">B3dddddd</color>
    <color name="PanelWhite30">4Ddddddd</color>
    <color name="PanelWhite12">1Fdddddd</color>
    <color name="PanelBlack30">4D000000</color>
    
    <color name="Panel">ff333333</color>
    <color name="OSDBack">df000000</color>
    <color name="OSDProgressBarColor">0Dffffff</color>

    <color name="ColoredIcons">FFD402AA</color>     

    <color name="InfoBackground">b3181818</color>
            
    <color name="Background">ff181818</color>
    <color name="FanartFade">FFffffff</color>
    <color name="FloorFade">CC181818</color>

    <color name="Box2">FFA7A7A7</color>
    <color name="BoxNotification">CCA7A7A7</color>
    <color name="BoxWidget">FFA7A7A7</color>
    <color name="BoxHomerow">80A7A7A7</color> 
    
    <color name="WatchedIcons">FFDBDBDB</color>
    <color name="WatchedIconsList">FFDBDBDB</color> 
    <color name="WatchedIconsListFocus">FF616161</color>
    
    <color name="Fallback">ff333333</color>    
</colors>
