<?xml version="1.0" encoding="UTF-8"?>
<colors>
    <color name="Dark1">ff303030</color>
    <color name="Dark2">b3141414</color>
    <color name="Dark3">4d141414</color>
    <color name="Dark4">1f141414</color>
    <color name="Light1">ffdddddd</color>
    <color name="Light2">b3dddddd</color>
    <color name="Light3">4ddddddd</color>
    <color name="Light4">1fdddddd</color>

    <color name="Black100">FFbbbbbb</color>
    <color name="Black70">B3bbbbbb</color>
    <color name="Black30">4Dbbbbbb</color>
    <color name="Black12">1Fbbbbbb</color>

    <color name="White100">FF333333</color>
    <color name="White70">B3333333</color>
    <color name="White30">4D333333</color>
    <color name="White12">1F333333</color>

    <color name="InfoBackground">b3ffffff</color>
    
    <color name="Background">ffdddddd</color>
    <color name="FanartFade">FFffffff</color>
    <color name="FloorFade">BBdddddd</color>
    
    <color name="Box2">E6888888</color>
    <color name="BoxNotification">CC888888</color>
    <color name="BoxWidget">E6888888</color>
    <color name="BoxHomerow">80888888</color>
    
    <color name="WatchedIcons">FFDBDBDB</color>  
    <color name="WatchedIconsList">FF808080</color> 
    <color name="WatchedIconsListFocus">FFDBDBDB</color>  

    <color name="Fallback">ff181818</color>
</colors>
