<?xml version="1.0" encoding="UTF-8"?>
<!-- Foundation -->
<window type="window" id="1116">
    <defaultcontrol always="true">9501</defaultcontrol>
    <menucontrol>9000</menucontrol>
    <backgroundcolor>0</backgroundcolor>
    <onload>SetProperty(TMDbHelper.WidgetContainer,9500,Home)</onload>
    <onunload>ClearProperty(TMDbHelper.WidgetContainer,home)</onunload>
    <include>Blur_OnLoad_Action</include>
    <controls>
        <include content="DefHubWindow">
            <param name="list" value="skinshortcuts-group-x1116"/>
        </include>
    </controls>
</window>
