<?xml version="1.0" encoding="UTF-8"?>
<!-- Foundation -->
<window type="dialog" id="1108">
    <defaultcontrol always="true">3122</defaultcontrol>
    <onload>SetFocus(3122)</onload>
    <onload condition="String.IsEqual(Container.Viewmode, $LOCALIZE[21371])">SetFocus(3121)</onload>
    <onload condition="String.IsEqual(Container.Viewmode, $LOCALIZE[31240])">SetFocus(3120)</onload>
    <onload condition="String.IsEqual(Container.Viewmode, $LOCALIZE[535])">SetFocus(3122)</onload>
    <onload condition="String.IsEqual(Container.Viewmode, $LOCALIZE[536])">SetFocus(3123)</onload>
    <onload condition="String.IsEqual(Container.Viewmode, $LOCALIZE[31147])">SetFocus(3124)</onload>
    <onload condition="String.IsEqual(Container.Viewmode, $LOCALIZE[31422])">SetFocus(3125)</onload>
    <onload condition="String.IsEqual(Container.Viewmode, $LOCALIZE[31241])">SetFocus(3126)</onload>
    <onload condition="String.IsEqual(Container.Viewmode, $LOCALIZE[539])">SetFocus(3128)</onload>
    <onload condition="String.IsEqual(Container.Viewmode, $LOCALIZE[31428])">SetFocus(3127)</onload>
    <onload condition="String.IsEqual(Container.Viewmode, $LOCALIZE[31072] $LOCALIZE[2])">SetFocus(3130)</onload>
    <allowoverlay>yes</allowoverlay>
    <zorder>100</zorder>
    <controls>
        <control type="group">
            <left>-42</left>
            <include>Animation.FadeIn</include>
            <include>Animation.FadeOut</include>
            <control type="image">
                <left>590</left>
                <top>184</top>
                <width>466</width>
                <height>690</height>
                <colordiffuse>White100</colordiffuse>
                <texture border="16">common/rounded-shadow8.png</texture>
            </control>
            <control type="group">
                <left>612</left>
                <top>206</top>
                <control type="label">
                    <description>Header Label</description>
                    <left>70</left>
                    <width>1000</width>
                    <posy>0</posy>
                    <include>FontTop</include>
                    <textcolor>Black70</textcolor>
                    <label>582</label>
                </control>
                <include>Kodi_Logo</include>

                <!-- Lines -->
                <control type="image">
                    <top>70</top>
                    <left>17</left>
                    <width>380</width>
                    <height>1</height>
                    <bottom>10</bottom>
                    <colordiffuse>Black12</colordiffuse>
                    <texture>common/white.png</texture>
                </control>
            </control>
            <control type="group">
                <left>805</left>
                <top>200</top>
                <control type="image">
                    <description>arrow image</description>
                    <posy>-32</posy>
                    <include>arrowdimensions</include>
                    <texture colordiffuse="White70" flipy="true">common/arrow-small.png</texture>
                </control>
                <control type="image">
                    <description>arrow image</description>
                    <posy>673</posy>
                    <include>arrowdimensions</include>
                    <texture colordiffuse="White70" flipy="false">common/arrow-small.png</texture>
                </control>
                <include content="Def9000Arrows"><param name="arrow_bottom" value="676" /></include>
            </control>
            <include content="Def_Gradient_Settings_Image">
                <param name="controlid" value="9001"/>
                <param name="left" value="598"/>
                <param name="top" value="296"/>
                <param name="width" value="450"/>
            </include>
            <control type="grouplist" id="9001">
                <height>560</height>
                <left>598</left>
                <top>296</top>
                <onleft>SetFocus(9305)</onleft>
                <onleft>Close</onleft>
                <onright>SetFocus(9305)</onright>
                <onright>Close</onright>
                <itemgap>0</itemgap>
                <scrolltime>0</scrolltime>
                <width>450</width>
                <control type="button" id="3120">
                    <include>DefContextButtonGradient</include>
                    <label>31240</label>
                    <align>left</align>
                    <include condition="Skin.HasSetting(enable.forcedviews)">unlock_views</include>
                    <onclick>Container.SetViewMode(514)</onclick>
                    <onclick>Close</onclick>
                    <enable>!Container.Content(songs)</enable>
                </control>
                <control type="button" id="3121">
                    <include>DefContextButtonGradient</include>
                    <label>21371</label>
                    <align>left</align>
                    <include condition="Skin.HasSetting(enable.forcedviews)">unlock_views</include>
                    <onclick>Container.SetViewMode(500)</onclick>
                    <onclick>Close</onclick>
                </control>
                <control type="button" id="3130">
                    <include>DefContextButtonGradient</include>
                    <label>$LOCALIZE[31072] $LOCALIZE[2]</label>
                    <align>left</align>
                    <include condition="Skin.HasSetting(enable.forcedviews)">unlock_views</include>
                    <onclick>Container.SetViewMode(523)</onclick>
                    <onclick>Close</onclick>
                </control>
                <control type="button" id="3122">
                    <include>DefContextButtonGradient</include>
                    <label>535</label>
                    <align>left</align>
                    <include condition="Skin.HasSetting(enable.forcedviews)">unlock_views</include>
                    <onclick>Container.SetViewMode(50)</onclick>
                    <onclick>Close</onclick>
                </control>
                <control type="button" id="3123">
                    <include>DefContextButtonGradient</include>
                    <label>536</label>
                    <align>left</align>
                    <include condition="Skin.HasSetting(enable.forcedviews)">unlock_views</include>
                    <onclick>Container.SetViewMode(507)</onclick>
                    <onclick>Close</onclick>
                    <enable>!Container.Content(songs)</enable>
                </control>
                <control type="button" id="3124">
                    <include>DefContextButtonGradient</include>
                    <label>31147</label>
                    <align>left</align>
                    <include condition="Skin.HasSetting(enable.forcedviews)">unlock_views</include>
                    <onclick>Container.SetViewMode(57)</onclick>
                    <onclick>Close</onclick>
                    <enable>!Container.Content(songs) + !Container.Content(albums)</enable>
                </control>
                <control type="button" id="3125">
                    <include>DefContextButtonGradient</include>
                    <label>31422</label>
                    <align>left</align>
                    <include condition="Skin.HasSetting(enable.forcedviews)">unlock_views</include>
                    <onclick>Container.SetViewMode(51)</onclick>
                    <onclick>Close</onclick>
                    <enable>Container.Content(songs) | Container.Content(albums) | Container.Content(artists)</enable>
                </control>
                <control type="button" id="3126">
                    <include>DefContextButtonGradient</include>
                    <label>31241</label>
                    <align>left</align>
                    <include condition="Skin.HasSetting(enable.forcedviews)">unlock_views</include>
                    <onclick>Container.SetViewMode(505)</onclick>
                    <onclick>Close</onclick>
                    <enable>!Container.Content(songs) + !Container.Content(albums)</enable>
                </control>
                <control type="button" id="3127">
                    <include>DefContextButtonGradient</include>
                    <label>31428</label>
                    <align>left</align>
                    <include condition="Skin.HasSetting(enable.forcedviews)">unlock_views</include>
                    <onclick>Container.SetViewMode(503)</onclick>
                    <onclick>Close</onclick>
                    <enable>!Container.Content(artists)</enable>
                </control>
                <control type="button" id="3128">
                    <include>DefContextButtonGradient</include>
                    <label>539</label>
                    <align>left</align>
                    <include condition="Skin.HasSetting(enable.forcedviews)">unlock_views</include>
                    <onclick>Container.SetViewMode(54)</onclick>
                    <onclick>Close</onclick>
                    <enable>!Container.Content(artists)</enable>
                </control>
            </control>
            <control type="group">
                <left>41</left>
                <control type="image">
                    <left>1025</left>
                    <top>184</top>
                    <width>822</width>
                    <height>481</height>
                    <colordiffuse>White100</colordiffuse>
                    <texture border="16">common/rounded-shadow8.png</texture>
                </control>
                <control type="image">
                    <description>Thumb image</description>
                    <left>1046</left>
                    <top>205</top>
                    <width>780</width>
                    <height>439</height>
                    <texture border="5">$VAR[ImageViewSelectorMusic]</texture>
                </control>
            </control>
        </control>
    </controls>
</window>
