<?xml version="1.0" encoding="UTF-8"?>
<includes>

	<!-- GAMES -->
	<variable name="GameTitle">
		<value condition="!String.IsEmpty(Game.Title)">$INFO[Game.Title]</value>
		<value condition="!String.IsEmpty(ListItem.Title)">$INFO[ListItem.Title]</value>
		<value>$INFO[ListItem.Label]</value>
	</variable>
	<variable name="GamePlot">
		<value condition="!String.IsEmpty(Game.Overview)">$INFO[Game.Overview]</value>
		<value condition="!String.IsEmpty(ListItem.Plot)">$INFO[ListItem.Plot]</value>
		<value>$INFO[ListItem.AddonSummary]</value>
	</variable>
	<variable name="GameStudio">
		<value condition="!String.IsEmpty(Game.Developer)">$INFO[Game.Developer]</value>
		<value>$INFO[ListItem.Studio]</value>
	</variable>
	<variable name="GameGenre">
		<value condition="!String.IsEmpty(Game.Genres)">$INFO[Game.Genres]</value>
		<value>$INFO[ListItem.Genre]</value>
	</variable>
	<variable name="GameYear">
		<value condition="!String.IsEmpty(Game.Year)">$INFO[Game.Year]</value>
		<value>$INFO[ListItem.Year]</value>
	</variable>
	<variable name="GameRating">
		<value>$INFO[ListItem.Rating]</value>
	</variable>
	<variable name="GameESRB">
		<value>$INFO[ListItem.Property(esrb)]</value>
	</variable>
	<variable name="OneOrMoreLocalPlayersVar">
		<value condition="String.IsEqual(Container.ListItem.Property(nplayers),1) | String.IsEqual(ListItem.Property(nplayers),1)">$LOCALIZE[31690]</value>
		<value>$LOCALIZE[31691]</value>
	</variable>
	<variable name="OneOrMoreOnlinePlayersVar">
		<value condition="String.IsEqual(Container.ListItem.Property(nplayers_online),1) | String.IsEqual(ListItem.Property(nplayers_online),1)">$LOCALIZE[31690]</value>
		<value>$LOCALIZE[31691]</value>
	</variable>
	<variable name="GameAudioFlag">
		<value condition="String.Contains(ListItem.Property(tags),atmos)">atmos</value>
		<value condition="String.Contains(ListItem.Property(tags),dtsx) | String.Contains(ListItem.Property(tags),dts-x)">dtsx</value>
		<value condition="String.Contains(ListItem.Property(tags),dts) | String.Contains(ListItem.Property(tags),dca)">dts</value>
		<value condition="String.Contains(ListItem.Property(tags),dolby hd)">dtshd_hra</value>
		<value condition="String.Contains(ListItem.Property(tags),dolby digital)">eac3</value>
	</variable>
	<variable name="GameResolutionFlag">
		<value condition="String.Contains(ListItem.Property(tags),480)">480</value>
		<value condition="String.Contains(ListItem.Property(tags),720)">720</value>
		<value condition="String.Contains(ListItem.Property(tags),1080)">1080</value>
		<value condition="String.Contains(ListItem.Property(tags),4K)">4K</value>
	</variable>

	<variable name="GameStudioFlag">
		<value condition="!String.IsEmpty(Skin.String(game.logos.path))">$INFO[Skin.String(game.logos.path)]$INFO[ListItem.Studio,,.png]</value>
	</variable>
	<variable name="GameESRBFlag">
		<value condition="!String.IsEmpty(Skin.String(game.logos.path))">$INFO[Skin.String(game.logos.path),,esrb/]$INFO[ListItem.Property(esrb),,.png]</value>
	</variable>
	<variable name="GameMultiplayerTypeFlag">
		<value condition="!String.IsEmpty(Skin.String(game.logos.path)) + String.Contains(ListItem.Property(tags),vs)">$INFO[Skin.String(game.logos.path),,flags/vs.png]</value>
		<value condition="!String.IsEmpty(Skin.String(game.logos.path)) + String.Contains(ListItem.Property(tags),co-op)">$INFO[Skin.String(game.logos.path),,flags/co-op.png]</value>
		<value condition="!String.IsEmpty(Skin.String(game.logos.path)) + String.Contains(ListItem.Property(tags),coop)">$INFO[Skin.String(game.logos.path),,flags/co-op.png]</value>
	</variable>

	<variable name="GameThumb">
		<value condition="!String.IsEmpty(ListItem.Icon)">$INFO[ListItem.Icon]</value>
		<value condition="!String.IsEmpty(ListItem.Art(boxfront))">$INFO[ListItem.Art(boxfront)]</value>
		<value condition="!String.IsEmpty(ListItem.Art(thumb))">$INFO[ListItem.Art(thumb)]</value>
		<value>DefaultAddonGame.png</value>
	</variable>

	<include name="NumberOfPlayersFurniture">
		<control type="group" description="NumberOfPlayers">
			<width>100</width>
			<height>100</height>
			<top>8</top>
			<visible>!String.IsEmpty(ListItem.Property($PARAM[nplayerfield]))</visible>
			<control type="image">
				<width>100%</width>
				<height>100%</height>
				<texture colordiffuse="Box2" border="4" background="true" infill="false">common/box21.png</texture>
			</control>
			<control type="grouplist">
				<width>100</width>
				<itemgap>0</itemgap>
				<orientation>vertical</orientation>
				<control type="label">
					<width>100%</width>
					<height>20</height>
					<aligny>center</aligny>
					<align>center</align>
					<font>Flag</font>
					<textcolor>Dark1</textcolor>
					<label>$LOCALIZE[$PARAM[textid]]</label>
				</control>
				<control type="group">
					<height>50</height>
					<width>100</width>
					<align>center</align>
					<control type="image">
						<left>5</left>
						<width>50</width>
						<height>50</height>
						<texture colordiffuse="Dark1">DefaultActor.png</texture>					
					</control>
					<control type="label">
						<left>60</left>
						<height>50</height>
						<label>$INFO[ListItem.Property($PARAM[nplayerfield])]</label>
						<aligny>center</aligny>
						<align>left</align>
						<font>Flag</font>
						<textcolor>Dark1</textcolor>
					</control>
				</control>
				<control type="label">
					<height>20</height>
					<aligny>center</aligny>
					<align>center</align>
					<font>Flag</font>
					<textcolor>Dark1</textcolor>
					<label>$VAR[$PARAM[playersTextId]]</label>
				</control>
			</control>	 
		</control>
		<control type="textbox">
			<left>1</left>
			<width>10</width>
			<label></label>
			<height>50</height>
		</control>
	</include>

	<include name="GameDialogControllers">
		<include content="DefDialog">
			<param name="header_id" value="2" />
			<param name="header_label" value="35058" />
            <param name="width" value="1700" />
            <param name="height" value="900" />
            <control type="label">
                <left>8</left>
                <width>380</width>
                <top>115</top>
                <textoffsetx>30</textoffsetx>
                <align>left</align>
                <font>Button</font>
                <textcolor>Black70</textcolor>
                <label>35050</label>
            </control>
            <include content="Def_Gradient_Settings_Image">
                <param name="controlid" value="3"/>
                <param name="left" value="8"/>
                <param name="top" value="185"/>
                <param name="width" value="380"/>
                <param name="overlayfix" value="true"/>
            </include>
            <control type="grouplist" id="3">
                <left>8</left>
                <width>380</width>
                <top>185</top>
                <height>630</height>
                <onleft>9001</onleft>
                <onright>5</onright>
                <scrolltime>0</scrolltime>
                <itemgap>0</itemgap>
            </control>
           	<control type="image">
                <left>388</left>
                <top>115</top>
                <height>700</height>
                <width>1</width>
                <texture colordiffuse="Black12">common/white.png</texture>
                <animation effect="fade" start="0" end="100" time="100" condition="!Control.HasFocus(1000) + !Container.Scrolling">Conditional</animation>
            </control>             
            <control type="group">
				<top>115</top>
				<left>389</left>
				<right>756</right>
				<height>700</height>				
	            <control type="gamecontroller" id="31">
					<centerleft>50%</centerleft>
	                <width>400</width>
	                <height>400</height>
	            </control>
	            <control type="textbox" id="32">
					<left>32</left>
					<right>32</right>
					<top>410</top>
					<bottom>10</bottom>
	                <font>Tiny</font>
	                <align>center</align>
	                <aligny>top</aligny>
	                <textcolor>Black70</textcolor>
	                <selectedcolor>Black70</selectedcolor>
	            </control>
            </control>
            <control type="image">
                <right>757</right>
                <top>115</top>
                <height>700</height>
                <width>1</width>
                <texture colordiffuse="Black12">common/white.png</texture>
            </control>
            <control type="label">
                <right>376</right>
                <width>380</width>
                <top>115</top>
                <textoffsetx>30</textoffsetx>
                <align>left</align>
                <font>Button</font>
                <textcolor>Black70</textcolor>
                <label>35059</label>
            </control>         
            <include content="Def_Gradient_Settings_Image_Right">
                <param name="controlid" value="5"/>
                <param name="right" value="376" />
                <param name="top" value="185"/>
                <param name="width" value="380"/>
                <param name="overlayfix" value="true"/>
            </include>
            <control type="grouplist" id="5">
                <width>380</width>
                <right>376</right>
                <top>185</top>
                <height>630</height>
                <onleft>3</onleft>
                <onright>9001</onright>
                <scrolltime>0</scrolltime>
                <itemgap>0</itemgap>
            </control>           
            <control type="image">
                <top>115</top>
                <right>375</right>
                <height>700</height>
                <width>1</width>
                <texture colordiffuse="Black12">common/white.png</texture>
                <animation effect="fade" start="0" end="100" time="100" condition="!Control.HasFocus(1001) + !Container.Scrolling">Conditional</animation>
            </control>			
            <control type="grouplist" id="9001">
                <width>300</width>
                <right>42</right>
                <top>115</top>
                <itemgap>4</itemgap>
                <orientation>vertical</orientation>
                <onleft>5</onleft>
                <onright>3</onright>
                <control type="button" id="18">
                    <description>OK</description>
                    <include>DefDialogButtons</include>
                    <label>$LOCALIZE[186]</label>
                </control>
                <control type="button" id="19">
                    <description>Reset</description>
                    <include>DefDialogButtons</include>
                    <label>$LOCALIZE[13007]</label>
                </control>
                <control type="button" id="21">
                    <description>Fix Skipping</description>
                    <include>DefDialogButtons</include>
                    <label>$LOCALIZE[35019]</label>
                </control>
                <control type="button" id="20">
                    <description>Install More Controllers</description>
                    <include>DefDialogButtons</include>
                    <label>$LOCALIZE[21452]</label>
                </control>
                <control type="button" id="22">
                    <description>Install All</description>
                    <include>DefDialogButtons</include>
                    <label>$LOCALIZE[35021]</label>
                </control>
                <control type="button" id="17">
                    <description>Help</description>
                    <include>DefDialogButtons</include>
                    <label>$LOCALIZE[10043]</label>
                </control>
            </control>
            <include>DialogSelectlabelInclude</include>
        </include>
        <control type="label" id="8">
            <width>380</width>
            <textcolor>Black30</textcolor>
            <include>DefSettingsButtonLabelContextName</include>
        </control>
        <control type="button" id="7">
            <width>380</width>
            <textcolor>Black100</textcolor>
           	<include>DefSettingsButtonGradient</include>
        </control>
        <control type="button" id="10">
            <width>380</width>
            <textcolor>Black100</textcolor>
           	<include>DefSettingsButtonGradient</include>
        </control>
	</include>
	
	<include name="GameDialogPorts">
		<include content="DefDialog">
			<param name="width" value="1450" />
			<param name="header_id" value="2" />

            <control type="list" id="3">
 				<description>Port item list</description>
				<posx>8</posx>
                <posy>115</posy>
                <width>1070</width>
                <height>690</height>
                <onleft>9001</onleft>
                <onright>1000</onright>
                <pagecontrol>1000</pagecontrol>

	            <itemlayout height="138" width="1066">
	                <control type="label">
	                    <left>32</left>
	                    <width>416</width>
	                    <height>135</height>
	                    <font>SmallBold</font>
	                    <textcolor>Black70</textcolor>
	                    <selectedcolor>Black70</selectedcolor>
	                    <label>$INFO[ListItem.Label]</label>
	                </control>
	                <control type="label">
	                    <right>170</right>
	                    <width>416</width>
	                    <height>135</height>
	                    <font>Small</font>
	                    <align>right</align>
	                    <textcolor>Black70</textcolor>
	                    <selectedcolor>Black70</selectedcolor>
	                    <label>$INFO[ListItem.Label2]</label>
	                </control>
	                <control type="gamecontroller">
	                    <top>12</top>
	                    <right>32</right>
	                    <width>111</width>
	                    <height>111</height>
	                    <texture fallback="DefaultAddonNone.png">$INFO[ListItem.Icon]</texture>
						<portaddress>$INFO[ListItem.FilenameAndPath]</portaddress>
	                </control>
	                <control type="image">
	                    <top>11</top>
	                    <right>31</right>
	                    <width>113</width>
	                    <height>113</height>
	                    <texture colordiffuse="Box2" border="4" background="true" infill="false">common/box21.png</texture>
	                    <visible>!Skin.HasSetting(global.hideborders)</visible>
	                </control>
	            </itemlayout>
	            <focusedlayout height="138" width="1066">
					<control type="group">
						<visible>!Control.HasFocus(3)</visible>
		                <control type="label">
		                    <posx>32</posx>
		                    <width>416</width>
		                    <height>135</height>
		                    <font>SmallBold</font>
		                    <textcolor>Black70</textcolor>
		                    <selectedcolor>Black70</selectedcolor>
		                    <label>$INFO[ListItem.Label]</label>
		                </control>
		                <control type="label">
		                    <right>170</right>
		                    <width>416</width>
		                    <height>135</height>
		                    <font>Small</font>
		                    <align>right</align>
		                    <textcolor>Black70</textcolor>
		                    <selectedcolor>Black70</selectedcolor>
		                    <label>$INFO[ListItem.Label2]</label>
		                </control>
					</control>
					<control type="group">
						<visible>Control.HasFocus(3)</visible>
		                <control type="image">
		                    <left>0</left>
		                    <right>0</right>
		                    <height>135</height>
		                    <texture border="5" colordiffuse="$VAR[ColorHighlight]">common/white.png</texture>
		                </control>
		                <control type="image">
		                    <left>0</left>
		                    <right>0</right>
		                    <height>135</height>
		                    <texture border="8" colordiffuse="$VAR[ColorGradient]">common/gradient-box-wide-cut.png</texture>
		                </control>
		                <control type="label">
		                    <posx>32</posx>
		                    <width>416</width>
		                    <height>135</height>
		                    <font>SmallBold</font>
		                    <textcolor>Selected</textcolor>
		                    <selectedcolor>Selected</selectedcolor>
		                    <label>$INFO[ListItem.Label]</label>
		                </control>
		                <control type="label">
		                    <right>170</right>
		                    <width>416</width>
		                    <height>135</height>
		                    <font>Small</font>
		                    <align>right</align>
		                    <textcolor>Selected</textcolor>
		                    <selectedcolor>Selected</selectedcolor>
		                    <label>$INFO[ListItem.Label2]</label>
		                </control>
					</control>
	                <control type="gamecontroller">
	                    <top>12</top>
	                    <right>32</right>
	                    <width>111</width>
	                    <height>111</height>
	                    <texture fallback="DefaultAddonNone.png">$INFO[ListItem.Icon]</texture>
						<portaddress>$INFO[ListItem.FilenameAndPath]</portaddress>
	                </control>
	                <control type="image">
	                    <top>11</top>
	                    <right>31</right>
	                    <width>113</width>
	                    <height>113</height>
	                    <texture colordiffuse="Box2" border="4" background="true" infill="false">common/box21.png</texture>
	                    <visible>!Skin.HasSetting(global.hideborders) + Skin.HasSetting(global.hidecirles)</visible>
	                </control>
	            </focusedlayout>
            </control>
			
            <include content="scrollbar_dialog">				
                <param name="scrollid" value="1000"/>
                <param name="onleft" value="3"/>
                <param name="onright" value="9001"/>
                <param name="height" value="698" />
			</include>
           <control type="image">
                <top>115</top>
                <right>375</right>
                <height>700</height>
                <width>1</width>
                <texture colordiffuse="Black12">common/white.png</texture>
                <animation effect="fade" start="0" end="100" time="100" condition="!Control.HasFocus(1001) + !Container.Scrolling">Conditional</animation>
            </control>			
            <control type="grouplist" id="9001">
                <width>300</width>
                <right>42</right>
                <top>115</top>
                <itemgap>DialogButtonsItemgap</itemgap>
                <orientation>vertical</orientation>
                <onleft>1000</onleft>
                <onright>3</onright>
                <control type="button" id="18">
                    <include>DefDialogButtons</include>
                    <label>$LOCALIZE[186]</label>
                </control>
                <control type="button" id="19">
                    <include>DefDialogButtons</include>
                    <label>$LOCALIZE[13007]</label>
                </control>
			</control>			
            <include>DialogSelectlabelInclude</include>
		</include>
	</include>	

	<include name="GameDialogAgents">
		<include content="DefDialog">
			<param name="width" value="1800" />
			<param name="height" value="920" />
			<param name="header_id" value="2" />
			<param name="header_label" value="$LOCALIZE[35172]" />

			<control type="group">
				<description>Content Area</description>
				<top>115</top>
				<left>40</left>
				<right>40</right>
				<bottom>30</bottom>
				<control type="group">
					<description>Area of the dialog for ports</description>
					<width>100%</width>
					<height>96</height>
					<control type="group">			
			            <width>100%</width>
			            <height>100%</height>
						<control type="image">
		                    <width>100%</width>
		                    <top>1</top>
		                    <bottom>1</bottom>		                    
		                    <texture border="5" colordiffuse="$VAR[ColorHighlight]">common/white.png</texture>
		                    <animation effect="fade" start="100" end="0" condition="!Control.HasFocus(3)">Conditional</animation>
		                </control>
		                <control type="image">
		                    <width>100%</width>
		                    <top>1</top>
		                    <bottom>1</bottom>		                    
		                    <texture border="8" colordiffuse="$VAR[ColorGradient]">common/gradient-box-wide-cut.png</texture>
		                    <animation effect="fade" start="100" end="0" condition="!Control.HasFocus(3)">Conditional</animation>
		                </control>
	                    <control type="image">
	                        <top>1</top>
	                        <bottom>1</bottom>
	                        <left>0</left>
	                        <right>1249</right>
                            <texture border="5">common/white.png</texture>
                            <colordiffuse>Black30</colordiffuse>
		                    <animation effect="fade" start="100" end="40" condition="true">Conditional</animation>
		                    <visible>!Control.HasFocus(3)</visible>      	                            
	                    </control>
						<control type="button" id="3">
		                    <width>100%</width>
		                    <height>100%</height>
							<ondown>7</ondown>
							<onup>10</onup>
							<label>$LOCALIZE[35110]</label>
							<textoffsetx>32</textoffsetx>
							<font>SmallBold</font>
				            <textcolor>Black100</textcolor>
							<align>left</align>
		        			<onclick>ActivateWindow(GamePorts)</onclick>
						</control>
					</control>
					<control type="gamecontrollerlist" id="4">
						<description>Active port list. Length should fit 13 listitems (12 controllers and one "controller disconnected" indicator).</description>
						<right>0</right>
						<width>1248</width>
						<orientation>horizontal</orientation>
						<align>right</align>
						<enable>false</enable>
						<itemlayout width="96" height="96">
							<include content="ControllerBackground">
								<param name="fade" value="40" />
								<param name="focused" value="Control.HasFocus(3)" />
							</include>
							<control type="gamecontroller">
								<include>ControllerLayout</include>
								<texture>$INFO[ListItem.Icon]</texture>
								<controllerid>$INFO[ListItem.Property(game.controllerid)]</controllerid>
								<controlleraddress>$INFO[ListItem.FilenameAndPath]</controlleraddress>
							</control>
						</itemlayout>
						<focusedlayout width="96" height="96">
							<include content="ControllerBackground">
								<param name="fade" value="40" />
								<param name="focused" value="Control.HasFocus(3)" />
							</include>
							<control type="gamecontroller">
								<include>ControllerLayout</include>
								<texture>$INFO[ListItem.Icon]</texture>
								<controllerid>$INFO[ListItem.Property(game.controllerid)]</controllerid>
								<controlleraddress>$INFO[ListItem.FilenameAndPath]</controlleraddress>
							</control>
						</focusedlayout>
						<!--
						<content>
							<item>
								<icon>DefaultAddonNone.png</icon>
							</item>
							<item>
								<property name="game.controllerid">game.controller.snes</property>
							</item>
							<item>
								<property name="game.controllerid">game.controller.snes</property>
							</item>
							<item>
								<property name="game.controllerid">game.controller.snes</property>
							</item>
							<item>
								<property name="game.controllerid">game.controller.snes</property>
							</item>
							<item>
								<property name="game.controllerid">game.controller.snes</property>
							</item>
							<item>
								<property name="game.controllerid">game.controller.snes</property>
							</item>
							<item>
								<property name="game.controllerid">game.controller.snes</property>
							</item>
							<item>
								<property name="game.controllerid">game.controller.snes</property>
							</item>
							<item>
								<property name="game.controllerid">game.controller.snes</property>
							</item>
							<item>
								<property name="game.controllerid">game.controller.snes</property>
							</item>
							<item>
								<property name="game.controllerid">game.controller.snes</property>
							</item>
							<item>
								<property name="game.controllerid">game.controller.snes</property>
							</item>
						</content>
						-->
					</control>
				</control>		
				<control type="group">
					<description>Area of the dialog for player controllers</description>
					<top>96</top>
					<width>100%</width>
					<height>576</height>
					<control type="list" id="7">
						<onup>3</onup>
						<ondown>10</ondown>
						<description>Controller list</description>
						<orientation>vertical</orientation>
						<itemlayout width="1720" height="96">
							<include content="AgentControllerList">
								<param name="focused" value="false" />
							</include>
						</itemlayout>
						<focusedlayout width="1720" height="96">
							<control type="image">
			                    <width>100%</width>
								<top>1</top>
								<bottom>1</bottom>
			                    <texture border="5" colordiffuse="$VAR[ColorHighlight]">common/white.png</texture>
			                    <animation effect="fade" start="100" end="0" condition="!Control.HasFocus(7)">Conditional</animation>
			                </control>
			                <control type="image">
			                    <width>100%</width>
								<top>1</top>
								<bottom>1</bottom>
			                    <texture border="8" colordiffuse="$VAR[ColorGradient]">common/gradient-box-wide-cut.png</texture>
			                    <animation effect="fade" start="100" end="0" condition="!Control.HasFocus(7)">Conditional</animation>
			                </control>
							<include content="AgentControllerList">
								<param name="focused" value="Control.HasFocus(7)" />
							</include>
						</focusedlayout>
						<!--
						<content>
							<item>
								<label>Player 1</label>
							</item>
							<item>
								<label>Player 2</label>
							</item>
							<item>
								<label>Player 3</label>
							</item>
							<item>
								<label>Player 4</label>
							</item>
							<item>
								<label>Player 5</label>
							</item>
							<item>
								<label>Player 6</label>
							</item>
							<item>
								<label>Player 7</label>
							</item>
							<item>
								<label>Player 8</label>
							</item>
							<item>
								<label>Player 9</label>
							</item>
							<item>
								<label>Player 10</label>
							</item>
							<item>
								<label>Player 11</label>
							</item>
							<item>
								<label>Player 12</label>
							</item>
						</content>
						-->
					</control>
				</control>
				<control type="grouplist" id="10">
					<description>Action buttons</description>
					<width>100%</width>
					<bottom>0</bottom>
					<height>70</height>
					<onup>7</onup>
					<ondown>3</ondown>
					<orientation>horizontal</orientation>
					<align>center</align>
					<itemgap>16</itemgap>
	                <control type="button" id="18">
	                    <include>DefDialogButtons</include>
	                    <label>$LOCALIZE[186]</label>
	                </control>
				</control>
			</control>	
		</include>
	</include>	

	<include name="ControllerLayout">
		<top>1</top>
		<left>1</left>
		<height>94</height>
		<width>94</width>
	</include>
	
	<include name="ControllerBackground">
		<param name="focused" />
		<param name="fade" />
		<definition>
	        <control type="image">
                <top>1</top>
                <bottom>1</bottom>
                <left>1</left>
                <right>1</right>
                <texture border="5">common/white.png</texture>
                <colordiffuse>Black30</colordiffuse>
                <animation effect="fade" start="100" end="$PARAM[fade]" condition="true">Conditional</animation>        	                            
                <visible>!$PARAM[focused]</visible>     	                            
            </control>
		</definition>
	</include>
	
	<include name="AgentControllerList">
		<param name="focused" />
 		<definition>
	        <control type="image">
	            <top>1</top>
	            <bottom>1</bottom>
	            <left>0</left>
	            <right>1249</right>
	            <texture border="5">common/white.png</texture>
	            <colordiffuse>Black30</colordiffuse>
	            <animation effect="fade" start="100" end="80" condition="true">Conditional</animation>        	                            
	            <visible>!$PARAM[focused]</visible>      	                            
		    </control>
			<control type="label">
				<description>Controller name as reported by the driver</description>
				<height>100%</height>
				<left>32</left>
	            <font>SmallBold</font>
	            <textcolor>Selected</textcolor>
	            <selectedcolor>Selected</selectedcolor>
				<label>$INFO[ListItem.Label]</label>
				<align>left</align>
				<visible>$PARAM[focused]</visible>
			</control>
			<control type="label">
				<description>Controller name as reported by the driver</description>
				<height>100%</height>
				<left>32</left>
	            <font>SmallBold</font>
	            <textcolor>Black100</textcolor>
	            <selectedcolor>Black100</selectedcolor>
				<label>$INFO[ListItem.Label]</label>
				<align>left</align>
				<visible>!$PARAM[focused]</visible>
			</control>
			<control type="gamecontrollerlist">
				<description>Controller list which indicates the port a player's controller is connected to. Length should fit 13 listitems (12 controller items and one "input disabled" item).</description>
				<right>0</right>
				<width>1248</width>
				<orientation>horizontal</orientation>
				<align>right</align>
				<enable>false</enable>
				<itemlayout width="96" height="96">
					<include content="ControllerBackground">
						<param name="fade" value="80" />
						<param name="focused" value="$PARAM[focused]" />
					</include>
					<control type="gamecontroller">
						<include>ControllerLayout</include>
						<texture>$INFO[ListItem.Icon]</texture>
						<controllerid>$INFO[ListItem.Property(game.controllerid)]</controllerid>
						<peripherallocation>$INFO[ListItem.FilenameAndPath]</peripherallocation>
					</control>
				</itemlayout>
				<focusedlayout width="96" height="96">
					<include content="ControllerBackground">
						<param name="fade" value="80" />
						<param name="focused" value="$PARAM[focused]" />
					</include>
					<control type="gamecontroller">
						<include>ControllerLayout</include>
						<texture>$INFO[ListItem.Icon]</texture>
						<controllerid>$INFO[ListItem.Property(game.controllerid)]</controllerid>
						<peripherallocation>$INFO[ListItem.FilenameAndPath]</peripherallocation>
					</control>
				</focusedlayout>
				<!--
				<content>
					<item>
						<icon>DefaultAddonNone.png</icon>
					</item>
					<item>
						<property name="game.controllerid">game.controller.default</property>
					</item>
					<item>
						<property name="game.controllerid">game.controller.default</property>
					</item>
					<item>
						<property name="game.controllerid">game.controller.default</property>
					</item>
					<item>
						<property name="game.controllerid">game.controller.default</property>
					</item>
					<item>
						<property name="game.controllerid">game.controller.default</property>
					</item>
					<item>
						<property name="game.controllerid">game.controller.default</property>
					</item>
					<item>
						<property name="game.controllerid">game.controller.default</property>
					</item>
					<item>
						<property name="game.controllerid">game.controller.default</property>
					</item>
					<item>
						<property name="game.controllerid">game.controller.default</property>
					</item>
					<item>
						<property name="game.controllerid">game.controller.default</property>
					</item>
					<item>
						<property name="game.controllerid">game.controller.default</property>
					</item>
					<item>
						<property name="game.controllerid">game.controller.default</property>
					</item>
				</content>
				-->
			</control>
 		</definition>	
	</include>
</includes>