<?xml version="1.0" encoding="UTF-8"?>
<!-- Foundation -->
<includes>

    <include name="View_50_List">
        <description>List View (id=50)</description>
        <control type="group">
            <include>Animation.Common</include>
            <visible>Control.IsVisible(50)</visible>
            <include>ViewSlideForJumpBar</include>
            <control type="group">
                <control type="panel" id="50">
                    <visible>$EXP[InGameMode] | Container.Content(musicvideos) | Container.Content(movies) | Container.Content(tvshows) | Container.Content(actors) | Container.Content(sets) | Container.Content(seasons) | [Container.Content(files) + !String.Contains(Container.FolderPath,plugin://,left) + !String.IsEqual(Container.FolderPath,library://video/movies/) + !String.IsEqual(Container.FolderPath,library://video/tvshows/) + !String.IsEqual(Container.FolderPath,special://videoplaylists/)] | [Container.Content(episodes) + !String.Contains(Container.FolderPath,plugin://,left)]</visible>
                    <include content="forced_view" condition="Skin.HasSetting(enable.forcedviews)">
                        <param name="string" value="$LOCALIZE[535]" />
                    </include>
                    <top>PosterPad</top>
                    <height>PosterH</height>
                    <include condition="Skin.HasSetting(disable.poster)" content="def_left"><param name="left" value="SidePad" /></include>
                    <include condition="!Skin.HasSetting(disable.poster)" content="def_left"><param name="left" value="ListX" /></include>
                    <include condition="Skin.HasSetting(disable.poster)" content="def_width"><param name="width" value="1760" /></include>
                    <include condition="!Skin.HasSetting(disable.poster)" content="def_width"><param name="width" value="ListW" /></include>
                    <right>SidePad</right>
                    <onleft condition="!Skin.HasSetting(global.kioskmode)">9000</onleft>
                    <onright>1627</onright>
                    <onup>50</onup>
                    <ondown>50</ondown>
                    <pagecontrol>1627</pagecontrol>
                    <viewtype label="535">list</viewtype>
                    <include>ScrolltimeViewsList</include>
                    <itemlayout condition="!Skin.HasSetting(511ListInfo) | Container.Content(files)" width="auto" height="64">
                        <include>50itemlayout</include>
                    </itemlayout>
                    <itemlayout condition="Skin.HasSetting(511ListInfo) + !Container.Content(files)" width="auto" height="91.4">
                        <include>50itemlayout_info</include>
                    </itemlayout>
                    <focusedlayout width="auto" height="91.4" condition="Skin.HasSetting(511ListInfo) + !Container.Content(files)">
                        <include>50focuslayout_info</include>
                    </focusedlayout>
                    <focusedlayout width="auto" height="64" condition="!Skin.HasSetting(511ListInfo) | Container.Content(files)">
                        <include>50focuslayout</include>
                    </focusedlayout>
                </control>
                <control type="scrollbar" id="1627">
                    <include content="scrollbar_vertical">
                        <param name="scrollid" value="1627"/>
                    </include>
                </control>
            </control>
            <include condition="!Skin.HasSetting(disable.poster)">View_50_SidePoster</include>
        </control>
    </include>

    <include name="50focuslayout_new">
        <control type="image">
            <width>100%</width>
            <left>20</left>
            <height>100%</height>
            <texture border="8" colordiffuse="Dark1">common/white.png</texture>
            <include>ListViewScrollAnim</include>
        </control>
        <control type="image">
            <width>100%</width>
            <height>100%</height>
            <left>20</left>
            <texture border="8" colordiffuse="Dark1">common/gradient-box-wide-cut.png</texture>
            <include>ListViewScrollAnim</include>
        </control>
        <control type="label">
            <posx>48</posx>
            <width>160</width>
            <aligny>center</aligny>
            <height>52</height>
            <font>SmallBold</font>
            <textcolor>Light1</textcolor>
            <selectedcolor>Light1</selectedcolor>
            <label>$INFO[ListItem.Label]</label>
        </control>
    </include>

    <include name="50itemlayout_new">
        <control type="label">
            <posx>48</posx>
            <width>165</width>
            <aligny>center</aligny>
            <height>52</height>
            <font>SmallBold</font>
            <label>$INFO[ListItem.Label]</label>
            <textcolor>Dark1</textcolor>
            <selectedcolor>Dark1</selectedcolor>
        </control>
    </include>

    <include name="View_50_LowList">
        <description>List View (id=50)</description>
        <control type="group">
            <include>Animation.Common</include>
            <visible>Control.IsVisible(50)</visible>
            <include>ViewSlideForJumpBar</include>
            <control type="group">
                <include content="def_top" condition="Skin.HasSetting(511ListInfo)">
                    <param name="top" value="370" />
                </include>
                <top>320</top>
                <control type="fixedlist" id="50">
                    <visible>$EXP[InGameMode] | Container.Content(musicvideos) | Container.Content(movies) | Container.Content(tvshows) | Container.Content(actors) | Container.Content(sets) | Container.Content(seasons) | [Container.Content(files) + !String.Contains(Container.FolderPath,plugin://,left) + !String.IsEqual(Container.FolderPath,library://video/movies/) + !String.IsEqual(Container.FolderPath,library://video/tvshows/) + !String.IsEqual(Container.FolderPath,special://videoplaylists/)] | [Container.Content(episodes) + !String.Contains(Container.FolderPath,plugin://,left)]</visible>
                    <top>PosterPad</top>
                    <include content="def_height" condition="Skin.HasSetting(511ListInfo)">
                        <param name="height" value="270" />
                    </include>
                    <height>320</height>
                    <left>ListX</left>
                    <right>SidePad</right>
                    <onleft condition="!Skin.HasSetting(global.kioskmode)">9000</onleft>
                    <onright>1699</onright>
                    <onup>50</onup>
                    <ondown>50</ondown>
                    <include content="def_focusposition" condition="Skin.HasSetting(511ListInfo)">
                        <param name="focusposition" value="1" />
                    </include>
                    <focusposition>2</focusposition>
                    <include content="def_movement" condition="Skin.HasSetting(511ListInfo)">
                        <param name="movement" value="1" />
                    </include>
                    <movement>2</movement>
                    <pagecontrol>1699</pagecontrol>
                    <viewtype label="535">list</viewtype>
                    <include>ScrolltimeViewsList</include>
                    <itemlayout condition="!Skin.HasSetting(511ListInfo)" width="ListW" height="64">
                        <include>50itemlayout</include>
                    </itemlayout>
                    <focusedlayout condition="!Skin.HasSetting(511ListInfo)" width="ListW" height="64">
                        <control type="group">
                            <visible>Control.HasFocus(50)</visible>
                            <include>50focuslayout</include>
                        </control>
                        <control type="group">
                            <visible>!Control.HasFocus(50)</visible>
                            <include>50itemlayout</include>
                        </control>
                    </focusedlayout>
                    <itemlayout condition="Skin.HasSetting(511ListInfo)" width="ListW" height="90">
                        <include>50itemlayout_info</include>
                    </itemlayout>
                    <focusedlayout condition="Skin.HasSetting(511ListInfo)" width="ListW" height="90">
                        <control type="group">
                            <visible>Control.HasFocus(50)</visible>
                            <include>50focuslayout_info</include>
                        </control>
                        <control type="group">
                            <visible>!Control.HasFocus(50)</visible>
                            <include>50itemlayout_info</include>
                        </control>
                    </focusedlayout>
                </control>
                <control type="scrollbar" id="1699">
                    <include content="scrollbar_vertical" condition="!Skin.HasSetting(511ListInfo)">
                        <param name="scrollid" value="1699"/>
                        <param name="height" value="320"/>
                    </include>
                    <include content="scrollbar_vertical" condition="Skin.HasSetting(511ListInfo)">
                        <param name="scrollid" value="1699"/>
                        <param name="height" value="270"/>
                    </include>
                </control>
            </control>
            <include>View_50_SidePoster</include>
        </control>
    </include>

    <include name="View_50_SidePoster">
        <control type="group" description="Poster">
            <include>Animation.PosterSlide</include>
            <left>SidePad</left>
            <top>PosterPad</top>
            <animation effect="fade" end="5" start="100" time="250" condition="[Window.IsVisible(script-wikipedia.xml) + !Skin.HasSetting(hidebutton.video.wiki)]">Conditional</animation>
            <control type="image">
                <top>PosterH</top>
                <width>PosterW</width>
                <height>PosterH</height>
                <fadetime>PosterFanartFadetime</fadetime>
                <aspectratio align="center" aligny="center" scalediffuse="false">scale</aspectratio>
                <texture flipy="true" diffuse="diffuse/listposter-ref-widgets.png" background="true">$VAR[PosterImage]</texture>
                <visible>Skin.HasSetting(show.reflections)</visible>
            </control>
            <control type="image">
                <centertop>PosterH</centertop>
                <width>PosterW</width>
                <height>48</height>
                <aspectratio>stretch</aspectratio>
                <texture>diffuse/shadowspot.png</texture>
            </control>
            <control type="image">
                <left>-24</left>
                <top>-24</top>
                <width>PosterShadowW</width>
                <height>PosterShadowH</height>
                <texture border="32" infill="false">common/$VAR[shadow-24]</texture>
            </control>
            <control type="image">
                <width>PosterW</width>
                <height>PosterH</height>
                <texture border="5" colordiffuse="Fallback">common/box.png</texture>
            </control>
            <control type="image">
                <width>PosterW</width>
                <height>PosterH</height>
                <fadetime>PosterFanartFadetime</fadetime>
                <aspectratio align="center" aligny="center" scalediffuse="false">scale</aspectratio>
                <texture diffuse="diffuse/listposter2.png" background="true">$VAR[PosterImage]</texture>
            </control>
            <control type="image">
                <width>PosterW</width>
                <height>PosterH</height>
                <texture colordiffuse="Box2" border="4" background="true" infill="false">common/box21.png</texture>
                <visible>!Skin.HasSetting(global.hideborders)</visible>
            </control>
        </control>
    </include>

    <include name="View_50_SidePoster_Square">
        <control type="group" description="Poster">
            <include>Animation.PosterSlideSquare</include>
            <animation effect="rotatey" end="-180" start="0" center="400,0" time="350" condition="String.IsEqual(Window.Property(RotateCover),1)">Conditional</animation>
            <left>SidePad</left>
            <top>PosterPad</top>
            <animation effect="fade" end="5" start="100" time="250" condition="[Window.IsVisible(script-wikipedia.xml) + !Skin.HasSetting(hidebutton.music.wiki)]">Conditional</animation>
            <control type="image">
                <top>PosterH</top>
                <width>PosterH</width>
                <height>PosterH</height>
                <fadetime>PosterFanartFadetime</fadetime>
                <aspectratio align="center" aligny="center" scalediffuse="false">keep</aspectratio>
                <texture flipy="true" diffuse="diffuse/listposter-ref-widgets.png" background="true">$VAR[PosterImageSquare]</texture>
                <visible>Skin.HasSetting(show.reflections) + !String.IsEqual(ListItem.DBType,genre)</visible>
            </control>
            <control type="image">
                <top>PosterH</top>
                <width>PosterH</width>
                <height>PosterH</height>
                <fadetime>PosterFanartFadetime</fadetime>
                <aspectratio align="center" aligny="center" scalediffuse="false">keep</aspectratio>
                <texture flipy="true" diffuse="diffuse/listposter-ref-widgets.png" background="true" fallback="DefaultGenre.png">$VAR[ThumbImageGenres]</texture>
                <visible>Skin.HasSetting(show.reflections) + String.IsEqual(ListItem.DBType,genre)</visible>
            </control>
            <control type="image">
                <centertop>PosterH</centertop>
                <width>PosterH</width>
                <height>48</height>
                <aspectratio>stretch</aspectratio>
                <texture>diffuse/shadowspot.png</texture>
            </control>
            <control type="image">
                <left>-24</left>
                <top>-24</top>
                <width>PosterShadowH</width>
                <height>PosterShadowH</height>
                <texture border="32" infill="false">common/$VAR[shadow-24]</texture>
            </control>
            <control type="image">
                <width>PosterH</width>
                <height>PosterH</height>
                <texture border="5" colordiffuse="Fallback">common/box.png</texture>
            </control>
            <control type="image">
                <width>PosterH</width>
                <height>PosterH</height>
                <fadetime>PosterFanartFadetime</fadetime>
                <aspectratio align="center" aligny="center" scalediffuse="false">keep</aspectratio>
                <texture diffuse="diffuse/listposter.png" background="true">$VAR[PosterImageSquare]</texture>
                <visible>!String.IsEqual(ListItem.DBType,genre)</visible>
            </control>
            <control type="image">
                <width>PosterH</width>
                <height>PosterH</height>
                <fadetime>PosterFanartFadetime</fadetime>
                <aspectratio align="center" aligny="center" scalediffuse="false">keep</aspectratio>
                <texture diffuse="diffuse/listposter.png" background="true" fallback="DefaultGenre.png">$VAR[ThumbImageGenres]</texture>
                <visible>String.IsEqual(ListItem.DBType,genre)</visible>
            </control>
            <control type="image">
                <width>PosterH</width>
                <height>PosterH</height>
                <fadetime>PosterFanartFadetime</fadetime>
                <aspectratio align="center" aligny="center" scalediffuse="false">keep</aspectratio>
                <texture diffuse="diffuse/listposter.png" background="true">$INFO[ListItem.Art(back)]</texture>
                <animation effect="rotatey" end="-180" start="0" center="320,0" time="0" condition="true">Conditional</animation>
                <animation type="Visible">
                    <effect type="fade" end="100" start="0" time="0" delay="200" />
                </animation>
                <animation type="Hidden">
                    <effect type="fade" end="0" start="100" time="50" delay="100" />
                </animation>
                <visible>String.IsEqual(Window.Property(RotateCover),1) + !String.IsEmpty(ListItem.Art(back))</visible>
            </control>
            <control type="image">
                <width>PosterH</width>
                <height>PosterH</height>
                <texture colordiffuse="Box2" border="4" background="true" infill="false">common/box21.png</texture>
                <visible>!Skin.HasSetting(global.hideborders)</visible>
            </control>
        </control>
    </include>

    <include name="View_50_List_Square_Music">
        <description>List View (id=50)</description>
        <control type="group">
            <include>Animation.Common</include>
            <visible>Control.IsVisible(50)</visible>
            <include>ViewSlideForJumpBar</include>
            <control type="group">
                <control type="panel" id="50">
                    <top>PosterPad</top>
                    <height>PosterH</height>
                    <left>ListSquareX</left>
                    <right>SidePad</right>
                    <onleft condition="!Skin.HasSetting(global.kioskmode)">9000</onleft>
                    <onright>1679</onright>
                    <onup>50</onup>
                    <ondown>50</ondown>
                    <pagecontrol>1679</pagecontrol>
                    <viewtype label="535">list</viewtype>
                    <scrolltime>200</scrolltime>
                    <itemlayout condition="Skin.HasSetting(No50ListInfo) | [!Container.Content(songs) + !Container.Content(albums) + !Container.Content(artists)]" width="ListSquareW" height="64">
                        <include>50itemlayout_square</include>
                    </itemlayout>
                    <itemlayout condition="!Skin.HasSetting(No50ListInfo) + [Container.Content(songs) | Container.Content(albums) | Container.Content(artists)]" width="ListSquareW" height="91.4">
                        <include>50itemlayout_square_info</include>
                    </itemlayout>
                    <focusedlayout condition="Skin.HasSetting(No50ListInfo) | [!Container.Content(songs) + !Container.Content(albums) + !Container.Content(artists)]" width="ListSquareW" height="64">
                        <include>50focuslayout_square</include>
                    </focusedlayout>
                    <focusedlayout condition="!Skin.HasSetting(No50ListInfo) + [Container.Content(songs) | Container.Content(albums) | Container.Content(artists)]" width="ListSquareW" height="91.4">
                        <include>50focuslayout_square_info</include>
                    </focusedlayout>
                </control>
                <control type="scrollbar" id="1679">
                    <include content="scrollbar_vertical">
                        <param name="scrollid" value="1679"/>
                    </include>
                </control>
            </control>
            <include>View_50_SidePoster_Square</include>
        </control>
    </include>

    <include name="View_50_List_Square">
        <description>List View (id=50)</description>
        <control type="group">
            <include>Animation.Common</include>
            <visible>Control.IsVisible(50)</visible>
            <include>ViewSlideForJumpBar</include>
            <control type="group">
                <control type="panel" id="50">
                    <top>PosterPad</top>
                    <height>PosterH</height>
                    <left>ListSquareX</left>
                    <right>SidePad</right>
                    <onleft condition="!Skin.HasSetting(global.kioskmode)">9000</onleft>
                    <onright>1679</onright>
                    <onup>50</onup>
                    <ondown>50</ondown>
                    <pagecontrol>1679</pagecontrol>
                    <viewtype label="535">list</viewtype>
                    <scrolltime>200</scrolltime>
                    <itemlayout width="ListSquareW" height="64">
                        <include>50itemlayout_square</include>
                    </itemlayout>
                    <focusedlayout width="ListSquareW" height="64">
                        <include>50focuslayout_square</include>
                    </focusedlayout>
                </control>
                <control type="scrollbar" id="1679">
                    <include content="scrollbar_vertical">
                        <param name="scrollid" value="1679"/>
                    </include>
                </control>
            </control>
            <include>View_50_SidePoster_Square</include>
        </control>
    </include>

    <include name="View_50_List_Square_Playlist">
        <description>List View (id=50)</description>
        <control type="group">
            <include>Animation.Common</include>
            <visible>Control.IsVisible(50)</visible>
            <include>ViewSlideForJumpBar</include>
            <control type="group">
                <control type="panel" id="50">
                    <top>PosterPad</top>
                    <height>PosterH</height>
                    <left>ListSquareX</left>
                    <right>SidePad</right>
                    <onleft condition="!Skin.HasSetting(global.kioskmode)">9000</onleft>
                    <onright>60</onright>
                    <onup>50</onup>
                    <ondown>50</ondown>
                    <pagecontrol>60</pagecontrol>
                    <viewtype label="535">list</viewtype>
                    <scrolltime>200</scrolltime>
                    <itemlayout condition="!Skin.HasSetting(511ListInfo)" width="ListSquareW" height="64">
                        <include>50itemlayout_square_playlist</include>
                    </itemlayout>
                    <focusedlayout condition="!Skin.HasSetting(511ListInfo)" width="ListSquareW" height="64">
                        <include>50focuslayout_square_playlist</include>
                    </focusedlayout>
                    <itemlayout condition="Skin.HasSetting(511ListInfo)" width="ListSquareW" height="91.4">
                        <include>50itemlayout_square_playlist_info</include>
                    </itemlayout>
                    <focusedlayout condition="Skin.HasSetting(511ListInfo)" width="ListSquareW" height="91.4">
                        <include>50focuslayout_square_playlist_info</include>
                    </focusedlayout>
                </control>
                <include>Furniture_Scrollbar</include>
            </control>
            <include>View_50_SidePoster_Square</include>
        </control>
    </include>

    <include name="View_51_List_Squarepics">
        <description>List View (id=51)</description>
        <control type="group">
            <include>Animation.Common</include>
            <visible>Control.IsVisible(51)</visible>
            <include>ViewSlideForJumpBar</include>
            <control type="group">
                <control type="panel" id="51">
                    <top>206</top>
                    <right>-47</right>
                    <width>1220</width>
                    <height>682</height>
                    <onleft condition="!Skin.HasSetting(global.kioskmode)">9000</onleft>
                    <onright>1640</onright>
                    <onup>50</onup>
                    <ondown>50</ondown>
                    <preloaditems>2</preloaditems>
                    <pagecontrol>1640</pagecontrol>
                    <viewtype label="Squarepics">list</viewtype>
                    <scrolltime>200</scrolltime>
                    <itemlayout height="341" width="372" condition="!Skin.HasSetting(pics.layout.fanart)">
                        <include>Itemlayout_Pics_50</include>
                    </itemlayout>
                    <itemlayout height="341" width="557" condition="Skin.HasSetting(pics.layout.fanart)">
                        <include>Itemlayout_Pics_50</include>
                    </itemlayout>
                    <focusedlayout height="341" width="372" condition="!Skin.HasSetting(pics.layout.fanart)">
                        <include>Focuslayout_Pics_50</include>
                    </focusedlayout>
                    <focusedlayout height="341" width="557" condition="Skin.HasSetting(pics.layout.fanart)">
                        <include>Focuslayout_Pics_50</include>
                    </focusedlayout>
                </control>
                <control type="scrollbar" id="1640">
                    <include content="scrollbar_vertical">
                        <param name="scrollid" value="1640"/>
                    </include>
                </control>
            </control>
            <include>View_50_SidePoster_Square</include>
        </control>
    </include>

    <include name="View_550_List">
        <description>List View (id=550)</description>
        <control type="group">
            <include>Animation.Common</include>
            <visible>Control.IsVisible(550)</visible>
            <include>ViewSlideForJumpBar</include>
            <control type="group">
                <control type="panel" id="550">
                    <visible>$EXP[InGameMode] | ![Container.Content(musicvideos) | Container.Content(movies) | Container.Content(tvshows) | Container.Content(actors) | Container.Content(sets) | Container.Content(seasons) | Container.Content(episodes) | [Container.Content(files) + !String.Contains(Container.FolderPath,plugin://,left) + !String.IsEqual(Container.FolderPath,library://video/movies/) + !String.IsEqual(Container.FolderPath,library://video/tvshows/) + !String.IsEqual(Container.FolderPath,special://videoplaylists/)]]</visible>
                    <top>PosterPad</top>
                    <height>PosterH</height>
                    <left>ListSquareX</left>
                    <right>SidePad</right>
                    <onleft condition="!Skin.HasSetting(global.kioskmode)">9000</onleft>
                    <onright>60</onright>
                    <onup>550</onup>
                    <ondown>550</ondown>
                    <pagecontrol>60</pagecontrol>
                    <viewtype label="535">list</viewtype>
                    <scrolltime>200</scrolltime>
                    <itemlayout width="ListSquareW" height="64">
                        <include>50itemlayout_square</include>
                    </itemlayout>
                    <focusedlayout width="ListSquareW" height="64">
                        <include>50focuslayout_square</include>
                    </focusedlayout>
                </control>
                <include>Furniture_Scrollbar</include>
            </control>
            <include>View_50_SidePoster_Square</include>
        </control>
    </include>

    <include name="Itemlayout_Pics_50">
        <control type="image">
            <left>4</left>
            <top>0</top>
            <right>15</right>
            <bottom>22</bottom>
            <texture border="10" background="true" infill="false">common/$VAR[nofocus-shadow10]</texture>
        </control>
        <control type="image">
            <left>14</left>
            <top>10</top>
            <right>25</right>
            <bottom>32</bottom>
            <texture colordiffuse="Fallback" border="4" background="true">common/diffuse_box.png</texture>
        </control>
        <control type="image">
            <left>14</left>
            <top>10</top>
            <right>25</right>
            <bottom>32</bottom>
            <aspectratio scalediffuse="false">scale</aspectratio>
            <texture diffuse="diffuse/widgetfanart_new.png" background="true">$VAR[ThumbImage]</texture>
        </control>
        <control type="image">
            <left>14</left>
            <right>25</right>
            <bottom>32</bottom>
            <height>60</height>
            <texture border="15" colordiffuse="df000000">common/white.png</texture>
        </control>
        <control type="label">
            <left>14</left>
            <right>25</right>
            <bottom>34</bottom>
            <height>60</height>
            <align>center</align>
            <font>Tiny</font>
            <label>$INFO[ListItem.Label]</label>
            <textcolor>PanelWhite70</textcolor>
        </control>
        <control type="image">
            <left>14</left>
            <top>10</top>
            <right>25</right>
            <bottom>32</bottom>
            <texture colordiffuse="Box2" border="4" background="true" infill="false">common/box21.png</texture>
            <visible>!Skin.HasSetting(global.hideborders)</visible>
        </control>
    </include>

    <include name="Focuslayout_Pics_50">
        <control type="group">
            <control type="image">
                <left>4</left>
                <top>0</top>
                <right>15</right>
                <bottom>22</bottom>
                <texture border="10" background="true" infill="false">common/$VAR[nofocus-shadow10]</texture>
            </control>
            <control type="image">
                <left>14</left>
                <top>10</top>
                <right>25</right>
                <bottom>32</bottom>
                <texture colordiffuse="Fallback" border="4" background="true">common/diffuse_box.png</texture>
            </control>
            <control type="image">
                <left>14</left>
                <top>10</top>
                <right>25</right>
                <bottom>32</bottom>
                <aspectratio scalediffuse="false">scale</aspectratio>
                <texture diffuse="diffuse/widgetfanart_new.png" background="true">$VAR[ThumbImage]</texture>
            </control>
            <control type="image">
                <left>14</left>
                <right>25</right>
                <bottom>32</bottom>
                <height>60</height>
                <texture border="15" colordiffuse="df000000">common/white.png</texture>
            </control>
            <control type="label">
                <left>14</left>
                <right>25</right>
                <bottom>34</bottom>
                <height>60</height>
                <align>center</align>
                <font>Tiny</font>
                <label>$INFO[ListItem.Label]</label>
                <textcolor>PanelWhite70</textcolor>
            </control>
            <control type="image">
                <left>13</left>
                <top>9</top>
                <right>24</right>
                <bottom>31</bottom>
                <texture colordiffuse="Box2" border="4" background="true" infill="false">common/box21.png</texture>
                <visible>!Skin.HasSetting(global.hideborders)</visible>
            </control>
            <control type="image">
                <include>Animation.SelectBoxHome</include>
                <left>6</left>
                <top>3</top>
                <right>17</right>
                <bottom>24</bottom>
                <texture border="20" colordiffuse="$VAR[ColorHighlight]">common/selectbox.png</texture>
            </control>
            <control type="image">
                <include>Animation.SelectBoxHome</include>
                <left>6</left>
                <top>3</top>
                <right>17</right>
                <bottom>24</bottom>
                <texture border="20" colordiffuse="$VAR[ColorGradient]">common/gradient-selectbox.png</texture>
            </control>
        </control>
    </include>

    <include name="50focuslayout">
        <control type="image">
            <width>100%</width>
            <height>100%</height>
            <texture border="8" colordiffuse="Dark1">common/box.png</texture>
            <include>ListViewScrollAnim</include>
        </control>
        <control type="label">
            <posx>30</posx>
            <width>200</width>
            <font>Small</font>
            <aligny>center</aligny>
            <height>64</height>
            <textcolor>Light1</textcolor>
            <selectedcolor>Light1</selectedcolor>
            <label>$VAR[LabelYear]</label>
            <visible>Container.Content(movies)</visible>
        </control>
        <control type="label">
            <posx>120</posx>
            <width>auto</width>
            <aligny>center</aligny>
            <height>64</height>
            <font>SmallBold</font>
            <textcolor>Light1</textcolor>
            <selectedcolor>Light1</selectedcolor>
            <label>$INFO[ListItem.Label]</label>
            <animation effect="slide" start="0" end="-90" time="0" condition="!Container.Content(movies) | [Container.Content(movies) + String.IsEmpty(ListItem.Year)]">Conditional</animation>
            <visible>!Container.Content(episodes) + !Container.Content(tvshows)</visible>
        </control>
        <control type="label">
            <posx>30</posx>
            <width>auto</width>
            <aligny>center</aligny>
            <height>64</height>
            <font>SmallBold</font>
            <textcolor>Light1</textcolor>
            <selectedcolor>Light1</selectedcolor>
            <label>$INFO[ListItem.Label]</label>
            <visible>Container.Content(episodes) | Container.Content(tvshows)</visible>
        </control>
        <control type="label">
            <right>154</right>
            <width>500</width>
            <aligny>center</aligny>
            <height>64</height>
            <align>right</align>
            <font>Small</font>
            <textcolor>Light1</textcolor>
            <selectedcolor>Light1</selectedcolor>
            <label>$VAR[50ListNormal]</label>
            <animation effect="slide" start="0" end="60" time="0" condition="Container.Content(Seasons) | Skin.HasSetting(hide.markers)">Conditional</animation>
            <animation effect="slide" start="0" end="66" time="0" condition="!Container.Content(Seasons) + Skin.HasSetting(hide.ratings)">Conditional</animation>
        </control>
        <control type="label">
            <align>right</align>
            <aligny>center</aligny>
            <width>64</width>
            <centerright>130</centerright>
            <height>68</height>
            <textcolor>WatchedIconsListFocus</textcolor>
            <selectedcolor>WatchedIconsListFocus</selectedcolor>
            <font>SymbolList</font>
            <label>$VAR[WatchedLabelList]</label>
            <visible>!String.IsEqual(ListItem.Label,..)</visible>
            <animation effect="slide" start="0" end="60" time="0" condition="Container.Content(Seasons) | Skin.HasSetting(hide.markers)">Conditional</animation>
            <animation effect="slide" start="0" end="66" time="0" condition="!Container.Content(Seasons) + Skin.HasSetting(hide.ratings)">Conditional</animation>
        </control>
        <control type="label">
            <right>30</right>
            <width>500</width>
            <aligny>center</aligny>
            <height>64</height>
            <align>right</align>
            <font>Small</font>
            <textcolor>Light1</textcolor>
            <selectedcolor>Light1</selectedcolor>
            <label>$VAR[LabelRating]</label>
            <visible>!String.IsEqual(ListItem.Label,..)</visible>
            <visible>!Container.Content(seasons) | String.IsEqual(Container.SortMethod,$LOCALIZE[553]) | String.IsEqual(Container.SortMethod,$LOCALIZE[561])</visible>
            <visible>!Skin.HasSetting(hide.ratings) | String.IsEqual(Container.SortMethod,$LOCALIZE[553]) | String.IsEqual(Container.SortMethod,$LOCALIZE[561])</visible>
        </control>
    </include>

    <include name="50itemlayout">
        <control type="label">
            <posx>30</posx>
            <width>200</width>
            <font>Small</font>
            <aligny>center</aligny>
            <height>64</height>
            <label>$VAR[LabelYear]</label>
            <textcolor>Dark1</textcolor>
            <selectedcolor>Dark1</selectedcolor>
            <visible>Container.Content(movies)</visible>
        </control>
        <control type="label">
            <posx>120</posx>
            <width>auto</width>
            <aligny>center</aligny>
            <height>64</height>
            <font>SmallBold</font>
            <label>$INFO[ListItem.Label]</label>
            <textcolor>Dark1</textcolor>
            <selectedcolor>Dark1</selectedcolor>
            <animation effect="slide" start="0" end="-90" time="0" condition="!Container.Content(movies) | [Container.Content(movies) + String.IsEmpty(ListItem.Year)]">Conditional</animation>
            <visible>!Container.Content(episodes) + !Container.Content(tvshows)</visible>
        </control>
        <control type="label">
            <posx>30</posx>
            <width>auto</width>
            <aligny>center</aligny>
            <height>64</height>
            <font>SmallBold</font>
            <label>$INFO[ListItem.Label]</label>
            <textcolor>Dark1</textcolor>
            <selectedcolor>Dark1</selectedcolor>
            <visible>Container.Content(episodes) | Container.Content(tvshows)</visible>
        </control>
        <control type="label">
            <right>154</right>
            <width>500</width>
            <aligny>center</aligny>
            <height>64</height>
            <align>right</align>
            <font>Small</font>
            <textcolor>Dark1</textcolor>
            <selectedcolor>Dark1</selectedcolor>
            <label>$VAR[50ListNormal]</label>
            <animation effect="slide" start="0" end="60" time="0" condition="Container.Content(Seasons) | Skin.HasSetting(hide.markers)">Conditional</animation>
            <animation effect="slide" start="0" end="66" time="0" condition="!Container.Content(Seasons) + Skin.HasSetting(hide.ratings)">Conditional</animation>
        </control>
        <control type="label">
            <align>right</align>
            <aligny>center</aligny>
            <width>64</width>
            <centerright>130</centerright>
            <height>68</height>
            <textcolor>WatchedIconsList</textcolor>
            <selectedcolor>WatchedIconsList</selectedcolor>
            <font>SymbolList</font>
            <label>$VAR[WatchedLabelList]</label>
            <visible>!String.IsEqual(ListItem.Label,..)</visible>
            <animation effect="slide" start="0" end="60" time="0" condition="Container.Content(Seasons) | Skin.HasSetting(hide.markers)">Conditional</animation>
            <animation effect="slide" start="0" end="66" time="0" condition="!Container.Content(Seasons) + Skin.HasSetting(hide.ratings)">Conditional</animation>
        </control>
        <control type="label">
            <right>30</right>
            <width>500</width>
            <aligny>center</aligny>
            <height>64</height>
            <align>right</align>
            <font>Small</font>
            <textcolor>Dark1</textcolor>
            <selectedcolor>Dark1</selectedcolor>
            <label>$VAR[LabelRating]</label>
            <visible>!String.IsEqual(ListItem.Label,..)</visible>
            <visible>!Container.Content(seasons) | String.IsEqual(Container.SortMethod,$LOCALIZE[553]) | String.IsEqual(Container.SortMethod,$LOCALIZE[561])</visible>
            <visible>!Skin.HasSetting(hide.ratings) | String.IsEqual(Container.SortMethod,$LOCALIZE[553]) | String.IsEqual(Container.SortMethod,$LOCALIZE[561])</visible>
        </control>
    </include>

    <include name="11focusepglayout">
        <control type="label">
            <posx>10</posx>
            <width>200</width>
            <font>EPGTimeline</font>
            <height>64</height>
            <textcolor>$VAR[ColorHighlight]</textcolor>
            <selectedcolor>$VAR[ColorHighlight]</selectedcolor>
            <label>$INFO[ListItem.Label]</label>
        </control>
    </include>

    <include name="11epglayout">
        <control type="label">
            <posx>10</posx>
            <width>200</width>
            <height>64</height>
            <font>EPGTimeline</font>
            <label>$INFO[ListItem.Label]</label>
            <textcolor>PanelWhite100</textcolor>
            <selectedcolor>PanelWhite100</selectedcolor>
        </control>
    </include>
    
    <include name="50itemlayout_square_info">
        <control type="image">
            <left>25</left>
            <centertop>29</centertop>
            <width>32</width>
            <height>32</height>
            <aspectratio aligny="top">keep</aspectratio>
            <texture colordiffuse="$VAR[ColorHighlight]">indicator/playlist.png</texture>
            <visible>ListItem.IsPlaying</visible>
        </control>
        <control type="label">
            <top>-5</top>
            <visible>String.IsEqual(Container.SortMethod,$LOCALIZE[38018])</visible>
            <posx>30</posx>
            <width>810</width>
            <aligny>center</aligny>
            <height>64</height>
            <font>SmallBold</font>
            <label>$INFO[ListItem.Label]</label>
            <textcolor>Dark1</textcolor>
            <selectedcolor>Dark1</selectedcolor>
            <visible>!ListItem.IsPlaying</visible>
        </control>
        <control type="label">
            <top>-5</top>
            <visible>String.IsEqual(Container.SortMethod,$LOCALIZE[38018])</visible>
            <posx>78</posx>
            <width>760</width>
            <aligny>center</aligny>
            <height>64</height>
            <font>SmallBold</font>
            <label>$INFO[ListItem.Label]</label>
            <textcolor>Dark1</textcolor>
            <selectedcolor>Dark1</selectedcolor>
            <visible>ListItem.IsPlaying</visible>
        </control>
        <control type="label">
            <top>-5</top>
            <visible>!String.IsEqual(Container.SortMethod,$LOCALIZE[38018])</visible>
            <posx>30</posx>
            <width>auto</width>
            <aligny>center</aligny>
            <height>64</height>
            <font>SmallBold</font>
            <label>$INFO[ListItem.Label]</label>
            <textcolor>Dark1</textcolor>
            <selectedcolor>Dark1</selectedcolor>
            <visible>!ListItem.IsPlaying</visible>
        </control>
        <control type="label">
            <top>-5</top>
            <visible>!String.IsEqual(Container.SortMethod,$LOCALIZE[38018])</visible>
            <posx>78</posx>
            <width>auto</width>
            <aligny>center</aligny>
            <height>64</height>
            <font>SmallBold</font>
            <label>$INFO[ListItem.Label]</label>
            <textcolor>Dark1</textcolor>
            <selectedcolor>Dark1</selectedcolor>
            <visible>ListItem.IsPlaying</visible>
        </control>
        <control type="label">
            <top>-5</top>
            <right>30</right>
            <width>500</width>
            <aligny>center</aligny>
            <height>64</height>
            <align>right</align>
            <font>Small</font>
            <textcolor>Dark1</textcolor>
            <selectedcolor>Dark1</selectedcolor>
            <label>$VAR[Label_Music_Duration_50]</label>
            <visible>Container.Content(songs)</visible>
            <animation effect="slide" start="0" end="-130" time="0" condition="String.IsEqual(Container.SortMethod,$LOCALIZE[38018])">Conditional</animation>
        </control>
        <control type="image">
            <right>97</right>
            <centertop>29</centertop>
            <width>30</width>
            <height>30</height>
            <aspectratio aligny="top">keep</aspectratio>
            <texture colordiffuse="Dark1">misc/star10.png</texture>
            <visible>!String.IsEqual(ListItem.Label,..) + String.IsEqual(Container.SortMethod,$LOCALIZE[38018])</visible>
        </control>
        <control type="label">
            <top>28</top>
            <posx>30</posx>
            <width>auto</width>
            <aligny>center</aligny>
            <height>64</height>
            <font>Tiny24</font>
            <label>$VAR[50ListExtendedMusic]</label>
            <textcolor>Dark2</textcolor>
            <selectedcolor>Dark1</selectedcolor>
            <visible>[Container.Content(songs) | Container.Content(albums) | Container.Content(artists)]</visible>
        </control>
        <control type="label">
            <top>-5</top>
            <right>30</right>
            <width>500</width>
            <aligny>center</aligny>
            <height>64</height>
            <align>right</align>
            <font>Small</font>
            <textcolor>Dark1</textcolor>
            <selectedcolor>Dark1</selectedcolor>
            <label fallback="-">$INFO[ListItem.UserRating,,.0]</label>
            <visible>!String.IsEqual(ListItem.Label,..) + String.IsEqual(Container.SortMethod,$LOCALIZE[38018])</visible>
        </control>
    </include>

    <include name="50focuslayout_square_info">
        <control type="image">
            <width>100%</width>
            <height>100%</height>
            <texture border="8" colordiffuse="Dark1">common/box.png</texture>
            <include>ListViewScrollAnim</include>
        </control>
        <control type="image">
            <left>25</left>
            <centertop>29</centertop>
            <width>32</width>
            <height>32</height>
            <aspectratio aligny="top">keep</aspectratio>
            <texture colordiffuse="Light1">indicator/playlist.png</texture>
            <visible>ListItem.IsPlaying</visible>
        </control>
        <control type="label">
            <top>-5</top>
            <visible>String.IsEqual(Container.SortMethod,$LOCALIZE[38018])</visible>
            <posx>30</posx>
            <width>810</width>
            <aligny>center</aligny>
            <height>64</height>
            <font>SmallBold</font>
            <label>$INFO[ListItem.Label]</label>
            <textcolor>Light1</textcolor>
            <selectedcolor>Light1</selectedcolor>
            <visible>!ListItem.IsPlaying</visible>
        </control>
        <control type="label">
            <top>-5</top>
            <visible>String.IsEqual(Container.SortMethod,$LOCALIZE[38018])</visible>
            <posx>78</posx>
            <width>760</width>
            <aligny>center</aligny>
            <height>64</height>
            <font>SmallBold</font>
            <label>$INFO[ListItem.Label]</label>
            <textcolor>Light1</textcolor>
            <selectedcolor>Light1</selectedcolor>
            <visible>ListItem.IsPlaying</visible>
        </control>
        <control type="label">
            <top>-5</top>
            <visible>!String.IsEqual(Container.SortMethod,$LOCALIZE[38018])</visible>
            <posx>30</posx>
            <width>auto</width>
            <aligny>center</aligny>
            <height>64</height>
            <font>SmallBold</font>
            <label>$INFO[ListItem.Label]</label>
            <textcolor>Light1</textcolor>
            <selectedcolor>Light1</selectedcolor>
            <visible>!ListItem.IsPlaying</visible>
        </control>
        <control type="label">
            <top>-5</top>
            <visible>!String.IsEqual(Container.SortMethod,$LOCALIZE[38018])</visible>
            <posx>78</posx>
            <width>auto</width>
            <aligny>center</aligny>
            <height>64</height>
            <font>SmallBold</font>
            <label>$INFO[ListItem.Label]</label>
            <textcolor>Light1</textcolor>
            <selectedcolor>Light1</selectedcolor>
            <visible>ListItem.IsPlaying</visible>
        </control>
        <control type="label">
            <top>-5</top>
            <right>30</right>
            <width>500</width>
            <aligny>center</aligny>
            <height>64</height>
            <align>right</align>
            <font>Small</font>
            <textcolor>Light1</textcolor>
            <selectedcolor>Light1</selectedcolor>
            <label>$VAR[Label_Music_Duration_50]</label>
            <visible>Container.Content(songs)</visible>
            <animation effect="slide" start="0" end="-130" time="0" condition="String.IsEqual(Container.SortMethod,$LOCALIZE[38018])">Conditional</animation>
        </control>
        <control type="image">
            <right>97</right>
            <centertop>29</centertop>
            <width>30</width>
            <height>30</height>
            <aspectratio aligny="top">keep</aspectratio>
            <texture colordiffuse="Light1">misc/star10.png</texture>
            <visible>!String.IsEqual(ListItem.Label,..) + String.IsEqual(Container.SortMethod,$LOCALIZE[38018])</visible>
        </control>
        <control type="label">
            <top>28</top>
            <posx>30</posx>
            <width>auto</width>
            <aligny>center</aligny>
            <height>64</height>
            <font>Tiny24</font>
            <label>$VAR[50ListExtendedMusic]</label>
            <textcolor>Light1</textcolor>
            <selectedcolor>Light1</selectedcolor>
            <visible>[Container.Content(songs) | Container.Content(albums) | Container.Content(artists)]</visible>
        </control>
        <control type="label">
            <top>-5</top>
            <right>30</right>
            <width>500</width>
            <aligny>center</aligny>
            <height>64</height>
            <align>right</align>
            <font>Small</font>
            <textcolor>Light1</textcolor>
            <selectedcolor>Light1</selectedcolor>
            <label fallback="-">$INFO[ListItem.UserRating,,.0]</label>
            <visible>!String.IsEqual(ListItem.Label,..) + String.IsEqual(Container.SortMethod,$LOCALIZE[38018])</visible>
        </control>
    </include>

    <include name="50itemlayout_square">
        <control type="image">
            <left>25</left>
            <centertop>34</centertop>
            <width>32</width>
            <height>32</height>
            <aspectratio aligny="top">keep</aspectratio>
            <texture colordiffuse="$VAR[ColorHighlight]">indicator/playlist.png</texture>
            <visible>ListItem.IsPlaying</visible>
        </control>
        <control type="label">
            <visible>String.IsEqual(Container.SortMethod,$LOCALIZE[38018])</visible>
            <posx>30</posx>
            <width>810</width>
            <aligny>center</aligny>
            <height>64</height>
            <font>SmallBold</font>
            <label>$INFO[ListItem.Label]</label>
            <textcolor>Dark1</textcolor>
            <selectedcolor>Dark1</selectedcolor>
            <visible>!ListItem.IsPlaying</visible>
        </control>
        <control type="label">
            <visible>String.IsEqual(Container.SortMethod,$LOCALIZE[38018])</visible>
            <posx>78</posx>
            <width>760</width>
            <aligny>center</aligny>
            <height>64</height>
            <font>SmallBold</font>
            <label>$INFO[ListItem.Label]</label>
            <textcolor>Dark1</textcolor>
            <selectedcolor>Dark1</selectedcolor>
            <visible>ListItem.IsPlaying</visible>
        </control>
        <control type="label">
            <visible>!String.IsEqual(Container.SortMethod,$LOCALIZE[38018])</visible>
            <posx>30</posx>
            <width>auto</width>
            <aligny>center</aligny>
            <height>64</height>
            <font>SmallBold</font>
            <label>$INFO[ListItem.Label]</label>
            <textcolor>Dark1</textcolor>
            <selectedcolor>Dark1</selectedcolor>
            <visible>!ListItem.IsPlaying</visible>
        </control>
        <control type="label">
            <visible>!String.IsEqual(Container.SortMethod,$LOCALIZE[38018])</visible>
            <posx>78</posx>
            <width>auto</width>
            <aligny>center</aligny>
            <height>64</height>
            <font>SmallBold</font>
            <label>$INFO[ListItem.Label]</label>
            <textcolor>Dark1</textcolor>
            <selectedcolor>Dark1</selectedcolor>
            <visible>ListItem.IsPlaying</visible>
        </control>
        <control type="label">
            <right>30</right>
            <width>500</width>
            <aligny>center</aligny>
            <height>64</height>
            <align>right</align>
            <font>Small</font>
            <textcolor>Dark1</textcolor>
            <selectedcolor>Dark1</selectedcolor>
            <label>$VAR[Label_Music_Duration_50]</label>
            <visible>Container.Content(songs)</visible>
            <animation effect="slide" start="0" end="-130" time="0" condition="String.IsEqual(Container.SortMethod,$LOCALIZE[38018])">Conditional</animation>
        </control>
        <control type="image">
            <right>97</right>
            <centertop>33</centertop>
            <width>32</width>
            <height>32</height>
            <aspectratio aligny="top">keep</aspectratio>
            <texture colordiffuse="Dark1">misc/star10.png</texture>
            <visible>!String.IsEqual(ListItem.Label,..) + String.IsEqual(Container.SortMethod,$LOCALIZE[38018])</visible>
        </control>
        <control type="label">
            <right>30</right>
            <width>500</width>
            <aligny>center</aligny>
            <height>64</height>
            <align>right</align>
            <font>Small</font>
            <textcolor>Dark1</textcolor>
            <selectedcolor>Dark1</selectedcolor>
            <label>$INFO[ListItem.Label2]</label>
            <visible>!Container.Content(songs) + !String.IsEqual(Container.SortMethod,$LOCALIZE[38018])</visible>
            <visible>!String.Contains(Container.FolderPath,plugin://plugin.video.youtube)</visible>
        </control>
        <control type="label">
            <right>85</right>
            <width>500</width>
            <aligny>center</aligny>
            <height>64</height>
            <align>right</align>
            <font>Small</font>
            <textcolor>Dark1</textcolor>
            <selectedcolor>Dark1</selectedcolor>
            <label>$INFO[ListItem.Label2]</label>
            <visible>String.Contains(Container.FolderPath,plugin://plugin.video.youtube)</visible>
            <visible>!Container.Content(songs)</visible>
            <animation effect="slide" start="0" end="60" time="0" condition="Skin.HasSetting(hide.markers)">Conditional</animation>
        </control>
        <control type="label">
            <right>35</right>
            <width>500</width>
            <aligny>center</aligny>
            <height>64</height>
            <align>right</align>
            <textcolor>WatchedIconsList</textcolor>
            <selectedcolor>WatchedIconsList</selectedcolor>
            <font>SymbolList</font>
            <label>$VAR[WatchedLabelList]</label>
            <visible>String.Contains(Container.FolderPath,plugin://plugin.video.youtube)</visible>
            <visible>!Container.Content(songs)</visible>
            <visible>!ListItem.IsFolder</visible>
        </control>
        <control type="label">
            <right>30</right>
            <width>500</width>
            <aligny>center</aligny>
            <height>64</height>
            <align>right</align>
            <font>Small</font>
            <textcolor>Dark1</textcolor>
            <selectedcolor>Dark1</selectedcolor>
            <label fallback="-">$INFO[ListItem.UserRating,,.0]</label>
            <visible>!String.IsEqual(ListItem.Label,..) + String.IsEqual(Container.SortMethod,$LOCALIZE[38018])</visible>
        </control>
    </include>

    <include name="50focuslayout_square">
        <control type="image">
            <width>100%</width>
            <height>100%</height>
            <texture border="8" colordiffuse="Dark1">common/box.png</texture>
            <include>ListViewScrollAnim</include>
        </control>
        <control type="image">
            <left>25</left>
            <centertop>34</centertop>
            <width>32</width>
            <height>32</height>
            <aspectratio aligny="top">keep</aspectratio>
            <texture colordiffuse="Light1">indicator/playlist.png</texture>
            <visible>ListItem.IsPlaying</visible>
        </control>
        <control type="label">
            <visible>String.IsEqual(Container.SortMethod,$LOCALIZE[38018])</visible>
            <posx>30</posx>
            <width>810</width>
            <aligny>center</aligny>
            <height>64</height>
            <font>SmallBold</font>
            <label>$INFO[ListItem.Label]</label>
            <textcolor>Light1</textcolor>
            <selectedcolor>Light1</selectedcolor>
            <visible>!ListItem.IsPlaying</visible>
        </control>
        <control type="label">
            <visible>String.IsEqual(Container.SortMethod,$LOCALIZE[38018])</visible>
            <posx>78</posx>
            <width>760</width>
            <aligny>center</aligny>
            <height>64</height>
            <font>SmallBold</font>
            <label>$INFO[ListItem.Label]</label>
            <textcolor>Light1</textcolor>
            <selectedcolor>Light1</selectedcolor>
            <visible>ListItem.IsPlaying</visible>
        </control>
        <control type="label">
            <visible>!String.IsEqual(Container.SortMethod,$LOCALIZE[38018])</visible>
            <posx>30</posx>
            <width>auto</width>
            <aligny>center</aligny>
            <height>64</height>
            <font>SmallBold</font>
            <label>$INFO[ListItem.Label]</label>
            <textcolor>Light1</textcolor>
            <selectedcolor>Light1</selectedcolor>
            <visible>!ListItem.IsPlaying</visible>
        </control>
        <control type="label">
            <visible>!String.IsEqual(Container.SortMethod,$LOCALIZE[38018])</visible>
            <posx>78</posx>
            <width>auto</width>
            <aligny>center</aligny>
            <height>64</height>
            <font>SmallBold</font>
            <label>$INFO[ListItem.Label]</label>
            <textcolor>Light1</textcolor>
            <selectedcolor>Light1</selectedcolor>
            <visible>ListItem.IsPlaying</visible>
        </control>
        <control type="label">
            <right>30</right>
            <width>500</width>
            <aligny>center</aligny>
            <height>64</height>
            <align>right</align>
            <font>Small</font>
            <textcolor>Light1</textcolor>
            <selectedcolor>Light1</selectedcolor>
            <label>$VAR[Label_Music_Duration_50]</label>
            <visible>Container.Content(songs)</visible>
            <animation effect="slide" start="0" end="-130" time="0" condition="String.IsEqual(Container.SortMethod,$LOCALIZE[38018])">Conditional</animation>
        </control>
        <control type="image">
            <right>97</right>
            <centertop>33</centertop>
            <width>32</width>
            <height>32</height>
            <aspectratio aligny="top">keep</aspectratio>
            <texture colordiffuse="Light1">misc/star10.png</texture>
            <visible>!String.IsEqual(ListItem.Label,..) + String.IsEqual(Container.SortMethod,$LOCALIZE[38018])</visible>
        </control>
        <control type="label">
            <right>30</right>
            <width>500</width>
            <aligny>center</aligny>
            <height>64</height>
            <align>right</align>
            <font>Small</font>
            <textcolor>Light1</textcolor>
            <selectedcolor>Light1</selectedcolor>
            <label>$INFO[ListItem.Label2]</label>
            <visible>!Container.Content(songs) + !String.IsEqual(Container.SortMethod,$LOCALIZE[38018])</visible>
            <visible>!String.Contains(Container.FolderPath,plugin://plugin.video.youtube)</visible>
        </control>
        <control type="label">
            <right>85</right>
            <width>500</width>
            <aligny>center</aligny>
            <height>64</height>
            <align>right</align>
            <font>Small</font>
            <textcolor>Light1</textcolor>
            <selectedcolor>Light1</selectedcolor>
            <label>$INFO[ListItem.Label2]</label>
            <visible>String.Contains(Container.FolderPath,plugin://plugin.video.youtube)</visible>
            <visible>!Container.Content(songs)</visible>
            <animation effect="slide" start="0" end="60" time="0" condition="Skin.HasSetting(hide.markers)">Conditional</animation>
        </control>
        <control type="label">
            <right>35</right>
            <width>500</width>
            <aligny>center</aligny>
            <height>64</height>
            <align>right</align>
            <textcolor>WatchedIconsListFocus</textcolor>
            <selectedcolor>WatchedIconsListFocus</selectedcolor>
            <font>SymbolList</font>
            <label>$VAR[WatchedLabelList]</label>
            <visible>String.Contains(Container.FolderPath,plugin://plugin.video.youtube)</visible>
            <visible>!Container.Content(songs)</visible>
            <visible>!ListItem.IsFolder</visible>
        </control>
        <control type="label">
            <right>30</right>
            <width>500</width>
            <aligny>center</aligny>
            <height>64</height>
            <align>right</align>
            <font>Small</font>
            <textcolor>Light1</textcolor>
            <selectedcolor>Light1</selectedcolor>
            <label fallback="-">$INFO[ListItem.UserRating,,.0]</label>
            <visible>!String.IsEqual(ListItem.Label,..) + String.IsEqual(Container.SortMethod,$LOCALIZE[38018])</visible>
        </control>
    </include>

    <include name="50itemlayout_square_playlist">
        <control type="image">
            <left>25</left>
            <centertop>34</centertop>
            <width>32</width>
            <height>32</height>
            <aspectratio aligny="top">keep</aspectratio>
            <texture colordiffuse="$VAR[ColorHighlight]">indicator/playlist.png</texture>
            <visible>ListItem.IsPlaying</visible>
        </control>
        <control type="label">
            <posx>30</posx>
            <width>auto</width>
            <aligny>center</aligny>
            <height>64</height>
            <font>SmallBold</font>
            <label>$INFO[ListItem.Label]</label>
            <textcolor>Dark1</textcolor>
            <selectedcolor>Dark1</selectedcolor>
            <visible>!ListItem.IsPlaying</visible>
        </control>
        <control type="label">
            <posx>78</posx>
            <width>auto</width>
            <aligny>center</aligny>
            <height>64</height>
            <font>SmallBold</font>
            <label>$INFO[ListItem.Label]</label>
            <textcolor>Dark1</textcolor>
            <selectedcolor>Dark1</selectedcolor>
            <visible>ListItem.IsPlaying</visible>
        </control>
        <control type="label">
            <right>45</right>
            <width>500</width>
            <aligny>center</aligny>
            <height>64</height>
            <align>right</align>
            <font>Small</font>
            <textcolor>Dark1</textcolor>
            <selectedcolor>Dark1</selectedcolor>
            <label>$INFO[ListItem.Duration]</label>
        </control>
    </include>

    <include name="50focuslayout_square_playlist">
        <control type="image">
            <width>100%</width>
            <height>100%</height>
            <texture border="8" colordiffuse="Dark1">common/box.png</texture>
            <include>ListViewScrollAnim</include>
        </control>
        <control type="image">
            <left>25</left>
            <centertop>34</centertop>
            <width>32</width>
            <height>32</height>
            <aspectratio aligny="top">keep</aspectratio>
            <texture colordiffuse="Light1">indicator/playlist.png</texture>
            <visible>ListItem.IsPlaying</visible>
        </control>
        <control type="label">
            <posx>30</posx>
            <width>auto</width>
            <aligny>center</aligny>
            <height>64</height>
            <font>SmallBold</font>
            <label>$INFO[ListItem.Label]</label>
            <textcolor>Light1</textcolor>
            <selectedcolor>Light1</selectedcolor>
            <visible>!ListItem.IsPlaying</visible>
        </control>
        <control type="label">
            <posx>78</posx>
            <width>auto</width>
            <aligny>center</aligny>
            <height>64</height>
            <font>SmallBold</font>
            <label>$INFO[ListItem.Label]</label>
            <textcolor>Light1</textcolor>
            <selectedcolor>Light1</selectedcolor>
            <visible>ListItem.IsPlaying</visible>
        </control>
        <control type="label">
            <right>45</right>
            <width>500</width>
            <aligny>center</aligny>
            <height>64</height>
            <align>right</align>
            <font>Small</font>
            <textcolor>Light1</textcolor>
            <selectedcolor>Light1</selectedcolor>
            <label>$INFO[ListItem.Duration]</label>
        </control>
    </include>

    <include name="50itemlayout_square_playlist_info">
        <control type="image">
            <left>25</left>
            <centertop>29</centertop>
            <width>32</width>
            <height>32</height>
            <aspectratio aligny="top">keep</aspectratio>
            <texture colordiffuse="$VAR[ColorHighlight]">indicator/playlist.png</texture>
            <visible>ListItem.IsPlaying</visible>
        </control>
        <control type="label">
            <posx>30</posx>
            <top>-5</top>
            <width>auto</width>
            <aligny>center</aligny>
            <height>64</height>
            <font>SmallBold</font>
            <label>$INFO[ListItem.Label]</label>
            <textcolor>Dark1</textcolor>
            <selectedcolor>Dark1</selectedcolor>
            <visible>!ListItem.IsPlaying</visible>
        </control>
        <control type="label">
            <posx>78</posx>
            <top>-5</top>
            <width>auto</width>
            <aligny>center</aligny>
            <height>64</height>
            <font>SmallBold</font>
            <label>$INFO[ListItem.Label]</label>
            <textcolor>Dark1</textcolor>
            <selectedcolor>Dark1</selectedcolor>
            <visible>ListItem.IsPlaying</visible>
        </control>
        <control type="label">
            <right>30</right>
            <top>-5</top>
            <width>500</width>
            <aligny>center</aligny>
            <height>64</height>
            <align>right</align>
            <font>Small</font>
            <textcolor>Dark1</textcolor>
            <selectedcolor>Dark1</selectedcolor>
            <label>$INFO[ListItem.Duration]</label>
        </control>
        <control type="label">
            <visible>!Skin.HasSetting(list.show.filename)</visible>
            <top>28</top>
            <posx>30</posx>
            <width>auto</width>
            <aligny>center</aligny>
            <height>64</height>
            <font>Tiny24</font>
            <label>$VAR[LabelPlaylist]</label>
            <textcolor>Dark2</textcolor>
            <selectedcolor>Dark2</selectedcolor>
        </control>
        <control type="label">
            <visible>Skin.HasSetting(list.show.filename) + !String.IsEqual(ListItem.Label,..)</visible>
            <top>28</top>
            <posx>30</posx>
            <width>auto</width>
            <aligny>center</aligny>
            <height>64</height>
            <align>left</align>
            <font>Tiny24</font>
            <textcolor>Dark2</textcolor>
            <selectedcolor>Dark2</selectedcolor>
            <label>$VAR[50ListFolderPathFile]</label>
        </control>
    </include>

    <include name="50focuslayout_square_playlist_info">
        <control type="image">
            <width>100%</width>
            <height>100%</height>
            <texture border="8" colordiffuse="Dark1">common/box.png</texture>
            <include>ListViewScrollAnim</include>
        </control>
        <control type="image">
            <left>25</left>
            <centertop>29</centertop>
            <width>32</width>
            <height>32</height>
            <aspectratio aligny="top">keep</aspectratio>
            <texture colordiffuse="Light1">indicator/playlist.png</texture>
            <visible>ListItem.IsPlaying</visible>
        </control>
        <control type="label">
            <posx>30</posx>
            <top>-5</top>
            <width>auto</width>
            <aligny>center</aligny>
            <height>64</height>
            <font>SmallBold</font>
            <label>$INFO[ListItem.Label]</label>
            <textcolor>Light1</textcolor>
            <selectedcolor>Light1</selectedcolor>
            <visible>!ListItem.IsPlaying</visible>
        </control>
        <control type="label">
            <posx>78</posx>
            <top>-5</top>
            <width>auto</width>
            <aligny>center</aligny>
            <height>64</height>
            <font>SmallBold</font>
            <label>$INFO[ListItem.Label]</label>
            <textcolor>Light1</textcolor>
            <selectedcolor>Light1</selectedcolor>
            <visible>ListItem.IsPlaying</visible>
        </control>
        <control type="label">
            <right>30</right>
            <top>-5</top>
            <width>500</width>
            <aligny>center</aligny>
            <height>64</height>
            <align>right</align>
            <font>Small</font>
            <textcolor>Light1</textcolor>
            <selectedcolor>Light1</selectedcolor>
            <label>$INFO[ListItem.Duration]</label>
        </control>
        <control type="label">
            <visible>!Skin.HasSetting(list.show.filename)</visible>
            <top>28</top>
            <posx>30</posx>
            <width>auto</width>
            <aligny>center</aligny>
            <height>64</height>
            <align>left</align>
            <font>Tiny24</font>
            <textcolor>Light1</textcolor>
            <selectedcolor>Light1</selectedcolor>
            <label>$VAR[LabelPlaylist]</label>
        </control>
        <control type="label">
            <visible>Skin.HasSetting(list.show.filename) + !String.IsEqual(ListItem.Label,..)</visible>
            <top>28</top>
            <posx>30</posx>
            <width>auto</width>
            <aligny>center</aligny>
            <height>64</height>
            <align>left</align>
            <font>Tiny24</font>
            <textcolor>Light1</textcolor>
            <selectedcolor>Light1</selectedcolor>
            <label>$VAR[50ListFolderPathFile]</label>
        </control>
    </include>

    <include name="50focuslayout_info">
        <control type="image">
            <width>100%</width>
            <height>100%</height>
            <texture border="8" colordiffuse="Dark1">common/box.png</texture>
            <include>ListViewScrollAnim</include>
        </control>
        <control type="label">
            <top>-5</top>
            <posx>30</posx>
            <width>200</width>
            <font>Small</font>
            <aligny>center</aligny>
            <height>64</height>
            <textcolor>Light1</textcolor>
            <selectedcolor>Light1</selectedcolor>
            <label>$VAR[LabelYear]</label>
            <visible>Container.Content(movies)</visible>
        </control>
        <control type="label">
            <top>-5</top>
            <posx>120</posx>
            <width>auto</width>
            <aligny>center</aligny>
            <height>64</height>
            <font>SmallBold</font>
            <textcolor>Light1</textcolor>
            <selectedcolor>Light1</selectedcolor>
            <label>$INFO[ListItem.Label]</label>
            <animation effect="slide" start="0" end="-90" time="0" condition="!Container.Content(movies) | [Container.Content(movies) + String.IsEmpty(ListItem.Year)]">Conditional</animation>
            <visible>!Container.Content(episodes) + !Container.Content(tvshows)</visible>
        </control>
        <control type="label">
            <top>-5</top>
            <posx>30</posx>
            <width>auto</width>
            <aligny>center</aligny>
            <height>64</height>
            <font>SmallBold</font>
            <textcolor>Light1</textcolor>
            <selectedcolor>Light1</selectedcolor>
            <label>$INFO[ListItem.Label]</label>
            <visible>Container.Content(episodes) | Container.Content(tvshows)</visible>
        </control>
        <control type="group">
            <visible>!Skin.HasSetting(list.show.filename)</visible>
            <top>30</top>
            <posx>30</posx>
            <control type="label">
                <width>auto</width>
                <aligny>center</aligny>
                <height>64</height>
                <align>left</align>
                <font>Tiny24</font>
                <textcolor>Light2</textcolor>
                <selectedcolor>Light2</selectedcolor>
                <label>$VAR[LabelDurationVar50]</label>
                <include>Animation.TestIn</include>
            </control>
            <control type="label">
                <width>auto</width>
                <aligny>center</aligny>
                <height>64</height>
                <align>left</align>
                <font>Tiny24</font>
                <textcolor>Light2</textcolor>
                <selectedcolor>Light2</selectedcolor>
                <label>$VAR[50ListExtended]</label>
                <include>Animation.TestOut</include>
            </control>
        </control>
        <control type="label">
            <visible>Skin.HasSetting(list.show.filename) + !String.IsEqual(ListItem.Label,..)</visible>
            <top>30</top>
            <posx>30</posx>
            <width>auto</width>
            <aligny>center</aligny>
            <height>64</height>
            <align>left</align>
            <font>Tiny24</font>
            <textcolor>Light2</textcolor>
            <selectedcolor>Light2</selectedcolor>
            <label>$VAR[50ListFolderPathFile]</label>
        </control>
        <control type="label">
            <top>-5</top>
            <animation effect="slide" start="0" end="60" time="0" condition="Container.Content(Seasons) | Skin.HasSetting(hide.markers)">Conditional</animation>
            <animation effect="slide" start="0" end="66" time="0" condition="!Container.Content(Seasons) + Skin.HasSetting(hide.ratings)">Conditional</animation>
            <right>154</right>
            <width>500</width>
            <aligny>center</aligny>
            <height>64</height>
            <align>right</align>
            <font>Small</font>
            <textcolor>Light1</textcolor>
            <selectedcolor>Light1</selectedcolor>
            <label>$VAR[50ListNormalRight]</label>
        </control>
        <control type="label">
            <top>-5</top>
            <align>right</align>
            <aligny>center</aligny>
            <width>64</width>
            <centerright>130</centerright>
            <height>68</height>
            <textcolor>WatchedIconsListFocus</textcolor>
            <selectedcolor>WatchedIconsListFocus</selectedcolor>
            <font>SymbolList</font>
            <label>$VAR[WatchedLabelList]</label>
            <visible>!String.IsEqual(ListItem.Label,..)</visible>
            <animation effect="slide" start="0" end="60" time="0" condition="Container.Content(Seasons) | Skin.HasSetting(hide.markers)">Conditional</animation>
            <animation effect="slide" start="0" end="66" time="0" condition="!Container.Content(Seasons) + Skin.HasSetting(hide.ratings)">Conditional</animation>
        </control>
        <control type="label">
            <top>-5</top>
            <right>30</right>
            <width>500</width>
            <aligny>center</aligny>
            <height>64</height>
            <align>right</align>
            <font>Small</font>
            <textcolor>Light1</textcolor>
            <selectedcolor>Light1</selectedcolor>
            <label>$VAR[LabelRating]</label>
            <visible>!String.IsEqual(ListItem.Label,..)</visible>
            <visible>!Container.Content(seasons) | String.IsEqual(Container.SortMethod,$LOCALIZE[553]) | String.IsEqual(Container.SortMethod,$LOCALIZE[561])</visible>
            <visible>!Skin.HasSetting(hide.ratings) | String.IsEqual(Container.SortMethod,$LOCALIZE[553]) | String.IsEqual(Container.SortMethod,$LOCALIZE[561])</visible>
        </control>
    </include>

    <include name="50itemlayout_info">
        <control type="label">
            <top>-5</top>
            <posx>30</posx>
            <width>200</width>
            <font>Small</font>
            <aligny>center</aligny>
            <height>64</height>
            <label>$VAR[LabelYear]</label>
            <textcolor>Dark1</textcolor>
            <selectedcolor>Dark1</selectedcolor>
            <visible>Container.Content(movies)</visible>
        </control>
        <control type="label">
            <top>-5</top>
            <posx>120</posx>
            <width>auto</width>
            <aligny>center</aligny>
            <height>64</height>
            <font>SmallBold</font>
            <label>$INFO[ListItem.Label]</label>
            <textcolor>Dark1</textcolor>
            <selectedcolor>Dark1</selectedcolor>
            <animation effect="slide" start="0" end="-90" time="0" condition="!Container.Content(movies) | [Container.Content(movies) + String.IsEmpty(ListItem.Year)]">Conditional</animation>
            <visible>!Container.Content(episodes) + !Container.Content(tvshows)</visible>
        </control>
        <control type="label">
            <top>-5</top>
            <posx>30</posx>
            <width>auto</width>
            <aligny>center</aligny>
            <height>64</height>
            <font>SmallBold</font>
            <label>$INFO[ListItem.Label]</label>
            <textcolor>Dark1</textcolor>
            <selectedcolor>Dark1</selectedcolor>
            <visible>Container.Content(episodes) | Container.Content(tvshows)</visible>
        </control>
        <control type="label">
            <visible>!Skin.HasSetting(list.show.filename)</visible>
            <top>30</top>
            <posx>30</posx>
            <width>auto</width>
            <aligny>center</aligny>
            <height>64</height>
            <font>Tiny24</font>
            <label>$VAR[50ListExtended]</label>
            <textcolor>Dark2</textcolor>
            <selectedcolor>Dark1</selectedcolor>
        </control>
        <control type="label">
            <visible>Skin.HasSetting(list.show.filename) + !String.IsEqual(ListItem.Label,..)</visible>
            <top>30</top>
            <posx>30</posx>
            <width>auto</width>
            <aligny>center</aligny>
            <height>64</height>
            <align>left</align>
            <font>Tiny24</font>
            <textcolor>Dark2</textcolor>
            <selectedcolor>Dark2</selectedcolor>
            <label>$VAR[50ListFolderPathFile]</label>
        </control>
        <control type="label">
            <top>-5</top>
            <right>154</right>
            <width>500</width>
            <aligny>center</aligny>
            <height>64</height>
            <align>right</align>
            <font>Small</font>
            <textcolor>Dark1</textcolor>
            <selectedcolor>Dark1</selectedcolor>
            <label>$VAR[50ListNormalRight]</label>
            <animation effect="slide" start="0" end="60" time="0" condition="Container.Content(Seasons) | Skin.HasSetting(hide.markers)">Conditional</animation>
            <animation effect="slide" start="0" end="66" time="0" condition="!Container.Content(Seasons) + Skin.HasSetting(hide.ratings)">Conditional</animation>
        </control>
        <control type="label">
            <top>-5</top>
            <align>right</align>
            <aligny>center</aligny>
            <width>64</width>
            <centerright>130</centerright>
            <height>68</height>
            <textcolor>WatchedIconsList</textcolor>
            <selectedcolor>WatchedIconsList</selectedcolor>
            <font>SymbolList</font>
            <label>$VAR[WatchedLabelList]</label>
            <visible>!String.IsEqual(ListItem.Label,..)</visible>
            <animation effect="slide" start="0" end="60" time="0" condition="Container.Content(Seasons) | Skin.HasSetting(hide.markers)">Conditional</animation>
            <animation effect="slide" start="0" end="66" time="0" condition="!Container.Content(Seasons) + Skin.HasSetting(hide.ratings)">Conditional</animation>
        </control>
        <control type="label">
            <top>-5</top>
            <right>30</right>
            <width>500</width>
            <aligny>center</aligny>
            <height>64</height>
            <align>right</align>
            <font>Small</font>
            <textcolor>Dark1</textcolor>
            <selectedcolor>Dark1</selectedcolor>
            <label>$VAR[LabelRating]</label>
            <visible>!String.IsEqual(ListItem.Label,..)</visible>
            <visible>!Container.Content(seasons) | String.IsEqual(Container.SortMethod,$LOCALIZE[553]) | String.IsEqual(Container.SortMethod,$LOCALIZE[561])</visible>
            <visible>!Skin.HasSetting(hide.ratings) | String.IsEqual(Container.SortMethod,$LOCALIZE[553]) | String.IsEqual(Container.SortMethod,$LOCALIZE[561])</visible>
        </control>
    </include>
</includes>