<?xml version="1.0" encoding="UTF-8" standalone="yes"?>
<addon id="repository.martian" name="martian Add-On Repository" version="1.0.0" provider-name="martian89">
    <extension point="xbmc.addon.repository" name="martian Addon-On Repository">
        <dir>
            <info compressed="false">https://raw.githubusercontent.com/martian/repository.martian/master/repo/zips/addons.xml</info>
            <checksum>https://raw.githubusercontent.com/martian/repository.martian/master/repo/zips/addons.xml.md5</checksum>
            <datadir zip="true">https://raw.githubusercontent.com/martian/repository.martian/master/repo/zips/</datadir>
        </dir>
    </extension>
    <extension point="xbmc.addon.metadata">
        <summary>martian Add-On Repository</summary>
        <description>A repository for the Arctic: Zephyr (martian) skin.</description>
        <disclaimer></disclaimer>
        <platform>all</platform>
        <assets>
            <icon/>
            <fanart/>
        </assets>
    </extension>
</addon>