<?xml version='1.0' encoding='UTF-8'?>
<shortcuts>
    <shortcut>
        <label>$LOCALIZE[3]</label>
        <label2>Common Shortcut</label2>
        <defaultID>videos</defaultID>
        <icon>special://skin/extras/icons/video-addons.png</icon>
        <action>ActivateWindow(videos,library://video/)</action>
        <visible>!Library.HasContent(Movies) + !Library.HasContent(TVShows)</visible>
    </shortcut>
    <shortcut>
        <label>$LOCALIZE[20342]</label>
        <label2>Common Shortcut</label2>
        <defaultID>movies</defaultID>
        <icon>special://skin/extras/icons/film.png</icon>
        <action>ActivateWindow(videos,videodb://movies/titles/,return)</action>
    </shortcut>
    <shortcut>
        <label>$LOCALIZE[20343]</label>
        <label2>Common Shortcut</label2>
        <defaultID>tvshows</defaultID>
        <icon>special://skin/extras/icons/tv.png</icon>
        <action>ActivateWindow(videos,videodb://tvshows/titles/,return)</action>
    </shortcut>
    <shortcut>
        <label>$LOCALIZE[2]</label>
        <label2>Common Shortcut</label2>
        <defaultID>music</defaultID>
        <icon>special://skin/extras/icons/songs.png</icon>
        <action>ActivateWindow(Music,library://music/,return)</action>
    </shortcut>
    <shortcut>
        <label>$LOCALIZE[31103]</label>
        <label2>Common Shortcut</label2>
        <defaultID>livetv</defaultID>
        <icon>special://skin/extras/icons/livetv.png</icon>
        <action>ActivateWindow(Tvchannels)</action>
    </shortcut>
    <shortcut>
        <label>$LOCALIZE[10004]</label>
        <label2>Common Shortcut</label2>
        <defaultID>settings</defaultID>
        <icon>special://skin/extras/icons/settings.png</icon>
        <action>ActivateWindow(Settings)</action>
    </shortcut>
    <shortcut>
        <label>$LOCALIZE[33060]</label>
        <label2>Common Shortcut</label2>
        <defaultID>power</defaultID>
        <icon>special://skin/extras/icons/power.png</icon>
        <action>ActivateWindow(shutdownmenu)</action>
    </shortcut>
</shortcuts>
