<?xml version="1.0" encoding="UTF-8"?>
<shortcuts>
	<shortcut>
		<label>20386</label>
		<label2>342</label2>
		<icon>DefaultRecentlyAddedMovies.png</icon>
		<thumb />
		<action>ActivateWindow(Videos,videodb://recentlyaddedmovies/,return)</action>
	</shortcut>
    <shortcut>
        <label>575</label>
        <label2>342</label2>
        <icon>special://skin/extras/icons/timer.png</icon>
        <thumb />
        <action>ActivateWindow(Videos,special://skin/extras/playlists/InProgressMovies.xsp,return)</action>
    </shortcut>
	<shortcut>
		<label>20434</label>
		<label2>342</label2>
		<icon>DefaultSets.png</icon>
		<thumb />
		<action>ActivateWindow(Videos,videodb://movies/sets/,return)</action>
	</shortcut>
	<shortcut>
		<label>369</label>
		<label2>342</label2>
		<icon>DefaultMovieTitle.png</icon>
		<thumb />
		<action>ActivateWindow(Videos,videodb://movies/titles/,return)</action>
	</shortcut>
	<shortcut>
		<label>135</label>
		<label2>342</label2>
		<icon>DefaultGenre.png</icon>
		<thumb />
		<action>ActivateWindow(Videos,videodb://movies/genres/,return)</action>
	</shortcut>
	<shortcut>
		<label>562</label>
		<label2>342</label2>
		<icon>DefaultYear.png</icon>
		<thumb />
		<action>ActivateWindow(Videos,videodb://movies/years/,return)</action>
	</shortcut>
	<shortcut>
		<label>344</label>
		<label2>342</label2>
		<icon>DefaultActor.png</icon>
		<thumb />
		<action>ActivateWindow(Videos,videodb://movies/actors/,return)</action>
	</shortcut>
    <shortcut>
        <label>744</label>
        <label2>32014</label2>
        <icon>DefaultFolder.png</icon>
        <thumb />
        <action>ActivateWindow(Videos,Files,return)</action>
    </shortcut>
    <shortcut>
        <label>1037</label>
        <label2>32014</label2>
        <icon>DefaultAddonVideo.png</icon>
        <thumb />
        <action>ActivateWindow(Videos,Addons,return)</action>
    </shortcut>
    <shortcut>
        <label>$VAR[VideoScanLabel]</label>
        <label2>14236</label2>
        <icon>special://skin/extras/icons/update.png</icon>
        <thumb />
        <action>UpdateLibrary(video)</action>
    </shortcut>
    <shortcut>
        <label>14247</label>
        <label2>14236</label2>
        <icon>special://skin/extras/icons/paintbrush.png</icon>
        <thumb />
        <action>CleanLibrary(video)</action>
    </shortcut>
</shortcuts>
