<?xml version="1.0" encoding="UTF-8"?>
<shortcuts>
	<shortcut>
		<label>744</label>
		<label2>32019</label2>
		<icon>DefaultFolder.png</icon>
		<thumb />
		<action>ActivateWindow(Music,Files,Return)</action>
	</shortcut>
	<shortcut>
		<label>15100</label>
		<label2>32019</label2>
		<icon>DefaultFolder.png</icon>
		<thumb />
		<action>ActivateWindow(MusicLibrary,MusicLibrary,return)</action>
	</shortcut>
	<shortcut>
		<label>1038</label>
		<label2>32019</label2>
		<icon>DefaultAddonMusic.png</icon>
		<thumb />
		<action>ActivateWindow(MusicLibrary,Addons,return)</action>
	</shortcut>
    <shortcut>
        <label>$VAR[MusicScanLabel]</label>
        <label2>14237</label2>
        <icon>special://skin/extras/icons/update.png</icon>
        <thumb />
        <action>UpdateLibrary(music)</action>
    </shortcut>
    <shortcut>
        <label>14247</label>
        <label2>14237</label2>
        <icon>special://skin/extras/icons/paintbrush.png</icon>
        <thumb />
        <action>CleanLibrary(music)</action>
    </shortcut>
</shortcuts>
