<?xml version='1.0' encoding='UTF-8'?>
<shortcuts>
     <shortcut>
        <label2>Power Menu Shortcut</label2>
        <label>$LOCALIZE[31195]</label>
        <action>ReloadSkin()</action>
        <icon />
        <thumb />
    </shortcut>
    <shortcut>
        <label2>Power Menu Shortcut</label2>
        <label>$LOCALIZE[31360]</label>
        <action>SystemLogOff</action>
        <visible>[System.HasLoginScreen | Integer.IsGreater(System.ProfileCount,1)] + System.Loggedon</visible>
        <icon />
        <thumb />
    </shortcut>
    <shortcut>
        <label2>Power Menu Shortcut</label2>
        <label>$LOCALIZE[20046]</label>
        <altlabel>20045</altlabel>
        <action>mastermode</action>
        <visible>System.HasLocks</visible>
        <icon />
        <thumb />
    </shortcut>
    <shortcut>
        <label2>Power Menu Shortcut</label2>
        <label>$LOCALIZE[13012]</label>
        <action>Quit()</action>
        <icon />
        <thumb />
        <visible>System.ShowExitButton</visible>
    </shortcut>
    <shortcut>
        <label2>Power Menu Shortcut</label2>
        <label>$LOCALIZE[13005]</label>
        <action>Powerdown()</action>
        <visible>System.CanPowerDown</visible>
        <icon />
        <thumb />
    </shortcut>
    <shortcut>
        <label2>Power Menu Shortcut</label2>
        <label>$LOCALIZE[20150]</label>
        <action>AlarmClock(shutdowntimer,Shutdown())</action>
        <visible>!System.HasAlarm(shutdowntimer)</visible>
        <visible>System.CanPowerDown | System.CanSuspend | System.CanHibernate</visible>
        <icon />
        <thumb />
    </shortcut>
    <shortcut>
        <label2>Power Menu Shortcut</label2>
        <label>$LOCALIZE[20151]</label>
        <action>CancelAlarm(shutdowntimer)</action>
        <visible>System.HasAlarm(shutdowntimer)</visible>
        <icon />
        <thumb />
    </shortcut>
    <shortcut>
        <label2>Power Menu Shortcut</label2>
        <label>$LOCALIZE[13011]</label>
        <action>Suspend()</action>
        <visible>System.CanSuspend</visible>
        <icon />
        <thumb />
    </shortcut>
    <shortcut>
        <label2>Power Menu Shortcut</label2>
        <label>$LOCALIZE[13010]</label>
        <action>Hibernate()</action>
        <visible>System.CanHibernate</visible>
        <icon />
        <thumb />
    </shortcut>
    <shortcut>
        <label2>Power Menu Shortcut</label2>
        <label>$LOCALIZE[13013]</label>
        <action>Reset()</action>
        <visible>System.CanReboot</visible>
        <icon />
        <thumb />
    </shortcut>
    <shortcut>
        <label2>Power Menu Shortcut</label2>
        <label>$LOCALIZE[31232]</label>
        <action>RebootToAndroid</action>
        <visible>System.PathExist("/dev/env")</visible>
        <icon />
        <thumb />
    </shortcut>
    <shortcut>
        <label>$LOCALIZE[5]</label>
        <label2>Power Menu Shortcut</label2>
        <action>ActivateWindow(settings)</action>
        <visible>System.Loggedon</visible>
        <icon />
        <thumb />
    </shortcut>
</shortcuts>
