<?xml version="1.0" encoding="UTF-8"?>
<shortcuts>
	<shortcut>
		<label>20389</label>
		<label2>32034</label2>
		<icon>DefaultMusicVideos.png</icon>
		<thumb />
		<action>ActivateWindow(Videos,videodb://musicvideos/titles/,return)</action>
	</shortcut>
	<shortcut>
		<label>744</label>
		<label2>32014</label2>
		<icon>DefaultFolder.png</icon>
		<thumb />
		<action>ActivateWindow(Videos,Files,return)</action>
	</shortcut>
	<shortcut>
		<label>1037</label>
		<label2>32014</label2>
		<icon>DefaultAddonVideo.png</icon>
		<thumb />
		<action>ActivateWindow(Videos,Addons,return)</action>
	</shortcut>
    <shortcut>
        <label>$VAR[VideoScanLabel]</label>
        <label2>14236</label2>
        <icon>special://skin/extras/icons/update.png</icon>
        <thumb />
        <action>UpdateLibrary(video)</action>
    </shortcut>
    <shortcut>
        <label>14247</label>
        <label2>14236</label2>
        <icon>special://skin/extras/icons/paintbrush.png</icon>
        <thumb />
        <action>CleanLibrary(video)</action>
    </shortcut>
</shortcuts>
