<?xml version="1.0" encoding="UTF-8"?>
<!-- http://www.w3.org/TR/css3-color/#colorunits -->
<colors>
    <color name="red_50">ffffebee</color>
    <color name="red_100">ffffcdd2</color>
    <color name="red_200">ffef9a9a</color>
    <color name="red_300">ffe57373</color>
    <color name="red_400">ffef5350</color>
    <color name="red_500">fff44336</color>
    <color name="red_600">ffe53935</color>
    <color name="red_700">ffd32f2f</color>
    <color name="red_800">ffc62828</color>
    <color name="red_900">ffb71c1c</color>
    <color name="red_a100">ffff8a80</color>
    <color name="red_a200">ffff5252</color>
    <color name="red_a400">ffff1744</color>
    <color name="red_a700">ffd50000</color>
    <color name="pink_50">fffce4ec</color>
    <color name="pink_100">fff8bbd0</color>
    <color name="pink_200">fff48fb1</color>
    <color name="pink_300">fff06292</color>
    <color name="pink_400">ffec407a</color>
    <color name="pink_500">ffe91e63</color>
    <color name="pink_600">ffd81b60</color>
    <color name="pink_700">ffc2185b</color>
    <color name="pink_800">ffad1457</color>
    <color name="pink_900">ff880e4f</color>
    <color name="pink_a100">ffff80ab</color>
    <color name="pink_a200">ffff4081</color>
    <color name="pink_a400">fff50057</color>
    <color name="pink_a700">ffc51162</color>
    <color name="deep_orange_50">fffbe9e7</color>
    <color name="deep_orange_100">ffffccbc</color>
    <color name="deep_orange_200">ffffab91</color>
    <color name="deep_orange_300">ffff8a65</color>
    <color name="deep_orange_400">ffff7043</color>
    <color name="deep_orange_500">ffff5722</color>
    <color name="deep_orange_600">fff4511e</color>
    <color name="deep_orange_700">ffe64a19</color>
    <color name="deep_orange_800">ffd84315</color>
    <color name="deep_orange_900">ffbf360c</color>
    <color name="deep_orange_a100">ffff9e80</color>
    <color name="deep_orange_a200">ffff6e40</color>
    <color name="deep_orange_a400">ffff3d00</color>
    <color name="deep_orange_a700">ffdd2c00</color>
    <color name="orange_50">fffff3e0</color>
    <color name="orange_100">ffffe0b2</color>
    <color name="orange_200">ffffcc80</color>
    <color name="orange_300">ffffb74d</color>
    <color name="orange_400">ffffa726</color>
    <color name="orange_500">ffff9800</color>
    <color name="orange_600">fffb8c00</color>
    <color name="orange_700">fff57c00</color>
    <color name="orange_800">ffef6c00</color>
    <color name="orange_900">ffe65100</color>
    <color name="orange_a100">ffffd180</color>
    <color name="orange_a200">ffffab40</color>
    <color name="orange_a400">ffff9100</color>
    <color name="orange_a700">ffff6d00</color>
    <color name="amber_50">fffff8e1</color>
    <color name="amber_100">ffffecb3</color>
    <color name="amber_200">ffffe082</color>
    <color name="amber_300">ffffd54f</color>
    <color name="amber_400">ffffca28</color>
    <color name="amber_500">ffffc107</color>
    <color name="amber_600">ffffb300</color>
    <color name="amber_700">ffffa000</color>
    <color name="amber_800">ffff8f00</color>
    <color name="amber_900">ffff6f00</color>
    <color name="amber_a100">ffffe57f</color>
    <color name="amber_a200">ffffd740</color>
    <color name="amber_a400">ffffc400</color>
    <color name="amber_a700">ffffab00</color>
    <color name="yellow_50">fffffde7</color>
    <color name="yellow_100">fffff9c4</color>
    <color name="yellow_200">fffff59d</color>
    <color name="yellow_300">fffff176</color>
    <color name="yellow_400">ffffee58</color>
    <color name="yellow_500">ffffeb3b</color>
    <color name="yellow_600">fffdd835</color>
    <color name="yellow_700">fffbc02d</color>
    <color name="yellow_800">fff9a825</color>
    <color name="yellow_900">fff57f17</color>
    <color name="yellow_a100">ffffff8d</color>
    <color name="yellow_a200">ffffff00</color>
    <color name="yellow_a400">ffffea00</color>
    <color name="yellow_a700">ffffd600</color>
    <color name="lime_50">fff9fbe7</color>
    <color name="lime_100">fff0f4c3</color>
    <color name="lime_200">ffe6ee9c</color>
    <color name="lime_300">ffdce775</color>
    <color name="lime_400">ffd4e157</color>
    <color name="lime_500">ffcddc39</color>
    <color name="lime_600">ffc0ca33</color>
    <color name="lime_700">ffafb42b</color>
    <color name="lime_800">ff9e9d24</color>
    <color name="lime_900">ff827717</color>
    <color name="lime_a100">fff4ff81</color>
    <color name="lime_a200">ffeeff41</color>
    <color name="lime_a400">ffc6ff00</color>
    <color name="lime_a700">ffaeea00</color>
    <color name="light_green_50">fff1f8e9</color>
    <color name="light_green_100">ffdcedc8</color>
    <color name="light_green_200">ffc5e1a5</color>
    <color name="light_green_300">ffaed581</color>
    <color name="light_green_400">ff9ccc65</color>
    <color name="light_green_500">ff8bc34a</color>
    <color name="light_green_600">ff7cb342</color>
    <color name="light_green_700">ff689f38</color>
    <color name="light_green_800">ff558b2f</color>
    <color name="light_green_900">ff33691e</color>
    <color name="light_green_a100">ffccff90</color>
    <color name="light_green_a200">ffb2ff59</color>
    <color name="light_green_a400">ff76ff03</color>
    <color name="light_green_a700">ff64dd17</color>
    <color name="green_50">ffe8f5e9</color>
    <color name="green_100">ffc8e6c9</color>
    <color name="green_200">ffa5d6a7</color>
    <color name="green_300">ff81c784</color>
    <color name="green_400">ff66bb6a</color>
    <color name="green_500">ff4caf50</color>
    <color name="green_600">ff43a047</color>
    <color name="green_700">ff388e3c</color>
    <color name="green_800">ff2e7d32</color>
    <color name="green_900">ff1b5e20</color>
    <color name="green_a100">ffb9f6ca</color>
    <color name="green_a200">ff69f0ae</color>
    <color name="green_a400">ff00e676</color>
    <color name="green_a700">ff00c853</color>
    <color name="teal_50">ffe0f2f1</color>
    <color name="teal_100">ffb2dfdb</color>
    <color name="teal_200">ff80cbc4</color>
    <color name="teal_300">ff4db6ac</color>
    <color name="teal_400">ff26a69a</color>
    <color name="teal_500">ff009688</color>
    <color name="teal_600">ff00897b</color>
    <color name="teal_700">ff00796b</color>
    <color name="teal_800">ff00695c</color>
    <color name="teal_900">ff004d40</color>
    <color name="teal_a100">ffa7ffeb</color>
    <color name="teal_a200">ff64ffda</color>
    <color name="teal_a400">ff1de9b6</color>
    <color name="teal_a700">ff00bfa5</color>
    <color name="cyan_50">ffe0f7fa</color>
    <color name="cyan_100">ffb2ebf2</color>
    <color name="cyan_200">ff80deea</color>
    <color name="cyan_300">ff4dd0e1</color>
    <color name="cyan_400">ff26c6da</color>
    <color name="cyan_500">ff00bcd4</color>
    <color name="cyan_600">ff00acc1</color>
    <color name="cyan_700">ff0097a7</color>
    <color name="cyan_800">ff00838f</color>
    <color name="cyan_900">ff006064</color>
    <color name="cyan_a100">ff84ffff</color>
    <color name="cyan_a200">ff18ffff</color>
    <color name="cyan_a400">ff00e5ff</color>
    <color name="cyan_a700">ff00b8d4</color>
    <color name="light_blue_50">ffe1f5fe</color>
    <color name="light_blue_100">ffb3e5fc</color>
    <color name="light_blue_200">ff81d4fa</color>
    <color name="light_blue_300">ff4fc3f7</color>
    <color name="light_blue_400">ff29b6f6</color>
    <color name="light_blue_500">ff03a9f4</color>
    <color name="light_blue_600">ff039be5</color>
    <color name="light_blue_700">ff0288d1</color>
    <color name="light_blue_800">ff0277bd</color>
    <color name="light_blue_900">ff01579b</color>
    <color name="light_blue_a100">ff80d8ff</color>
    <color name="light_blue_a200">ff40c4ff</color>
    <color name="light_blue_a400">ff00b0ff</color>
    <color name="light_blue_a700">ff0091ea</color>
    <color name="blue_50">ffe3f2fd</color>
    <color name="blue_100">ffbbdefb</color>
    <color name="blue_200">ff90caf9</color>
    <color name="blue_300">ff64b5f6</color>
    <color name="blue_400">ff42a5f5</color>
    <color name="blue_500">ff2196f3</color>
    <color name="blue_600">ff1e88e5</color>
    <color name="blue_700">ff1976d2</color>
    <color name="blue_800">ff1565c0</color>
    <color name="blue_900">ff0d47a1</color>
    <color name="blue_a100">ff82b1ff</color>
    <color name="blue_a200">ff448aff</color>
    <color name="blue_a400">ff2979ff</color>
    <color name="blue_a700">ff2962ff</color>
    <color name="indigo_50">ffe8eaf6</color>
    <color name="indigo_100">ffc5cae9</color>
    <color name="indigo_200">ff9fa8da</color>
    <color name="indigo_300">ff7986cb</color>
    <color name="indigo_400">ff5c6bc0</color>
    <color name="indigo_500">ff3f51b5</color>
    <color name="indigo_600">ff3949ab</color>
    <color name="indigo_700">ff303f9f</color>
    <color name="indigo_800">ff283593</color>
    <color name="indigo_900">ff1a237e</color>
    <color name="indigo_a100">ff8c9eff</color>
    <color name="indigo_a200">ff536dfe</color>
    <color name="indigo_a400">ff3d5afe</color>
    <color name="indigo_a700">ff304ffe</color>
    <color name="purple_50">fff3e5f5</color>
    <color name="purple_100">ffe1bee7</color>
    <color name="purple_200">ffce93d8</color>
    <color name="purple_300">ffba68c8</color>
    <color name="purple_400">ffab47bc</color>
    <color name="purple_500">ff9c27b0</color>
    <color name="purple_600">ff8e24aa</color>
    <color name="purple_700">ff7b1fa2</color>
    <color name="purple_800">ff6a1b9a</color>
    <color name="purple_900">ff4a148c</color>
    <color name="purple_a100">ffea80fc</color>
    <color name="purple_a200">ffe040fb</color>
    <color name="purple_a400">ffd500f9</color>
    <color name="purple_a700">ffaa00ff</color>
    <color name="deep_purple_50">ffede7f6</color>
    <color name="deep_purple_100">ffd1c4e9</color>
    <color name="deep_purple_200">ffb39ddb</color>
    <color name="deep_purple_300">ff9575cd</color>
    <color name="deep_purple_400">ff7e57c2</color>
    <color name="deep_purple_500">ff673ab7</color>
    <color name="deep_purple_600">ff5e35b1</color>
    <color name="deep_purple_700">ff512da8</color>
    <color name="deep_purple_800">ff4527a0</color>
    <color name="deep_purple_900">ff311b92</color>
    <color name="deep_purple_a100">ffb388ff</color>
    <color name="deep_purple_a200">ff7c4dff</color>
    <color name="deep_purple_a400">ff651fff</color>
    <color name="deep_purple_a700">ff6200ea</color>
    <color name="blue_grey_50">ffeceff1</color>
    <color name="blue_grey_100">ffcfd8dc</color>
    <color name="blue_grey_200">ffb0bec5</color>
    <color name="blue_grey_300">ff90a4ae</color>
    <color name="blue_grey_400">ff78909c</color>
    <color name="blue_grey_500">ff607d8b</color>
    <color name="blue_grey_600">ff546e7a</color>
    <color name="blue_grey_700">ff455a64</color>
    <color name="blue_grey_800">ff37474f</color>
    <color name="blue_grey_900">ff263238</color>
    <color name="brown_50">ffefebe9</color>
    <color name="brown_100">ffd7ccc8</color>
    <color name="brown_200">ffbcaaa4</color>
    <color name="brown_300">ffa1887f</color>
    <color name="brown_400">ff8d6e63</color>
    <color name="brown_500">ff795548</color>
    <color name="brown_600">ff6d4c41</color>
    <color name="brown_700">ff5d4037</color>
    <color name="brown_800">ff4e342e</color>
    <color name="brown_900">ff3e2723</color>

    <color name="ffbce535">ffbce535</color>
    <color name="ff00b36c">ff00b36c</color>
    <color name="ff35bce5">ff35bce5</color>
    <color name="ff0385b5">ff0385b5</color>
    <color name="ff3564e5">ff3564e5</color>
    <color name="ff5e35e5">ff5e35e5</color>
    <color name="ffb635e5">ffb635e5</color>
    <color name="ffe535bc">ffe535bc</color>
    <color name="ffe53564">ffe53564</color>
    <color name="ffe55e35">ffe55e35</color>

    <color name="grey_1">ffeeeeee</color>
    <color name="grey_2">ffdddddd</color>
    <color name="grey_3">ffcccccc</color>
    <color name="grey_4">ffbbbbbb</color>
    <color name="grey_5">ffaaaaaa</color>
    <color name="grey_6">ff999999</color>
    <color name="grey_7">ff888888</color>
    <color name="grey_8">ff777777</color>
    <color name="grey_9">ff666666</color>
    <color name="grey_10">ff555555</color>
    <color name="grey_11">ff444444</color>
    <color name="grey_12">ff333333</color>
    <color name="grey_13">ff222222</color>
    <color name="grey_14">ff111111</color>

    <color name="black">ff000000</color>
    <color name="white">ffffffff</color>
</colors>
