<?xml version="1.0" encoding="UTF-8"?>
<!-- Foundation -->
<window type="window" id="1105">
    <defaultcontrol always="true">9500</defaultcontrol>
    <backgroundcolor>0</backgroundcolor>
    <onload>SetProperty(TMDbHelper.WidgetContainer,9500,Home)</onload>
    <onunload>ClearProperty(TMDbHelper.WidgetContainer,home)</onunload>
    <include>Blur_OnLoad_Action</include>
    <onunload>ClearProperty(content)</onunload>
    <controls>
        <include>GlobalBackground</include>
        <include>Furniture_Header</include>
        <include>Furniture_NowPlaying</include>
        <include>Furniture_Weather</include>
        <include>Furniture_Clock</include>
        <control type="group">
            <posy>40</posy>
            <include>Animation.Common</include>
            <control type="grouplist" id="9510">
                <top>156</top>
                <height>100</height>
                <ondown>9500</ondown>
                <orientation>horizontal</orientation>
                <align>center</align>
                <left>SidePad</left>
                <right>SidePad</right>
                <control type="button" id="9514">
                    <font>Medium</font>
                    <height>100</height>
                    <width>250</width>
                    <textcolor>Dark3</textcolor>
                    <focusedcolor>Dark1</focusedcolor>
                    <label>31213</label>
                    <onclick>SetProperty(content,4)</onclick>
                    <onclick>SetFocus(9500,0)</onclick>
                    <texturefocus />
                </control>
                <control type="button" id="9511">
                    <font>Medium</font>
                    <height>100</height>
                    <width>250</width>
                    <textcolor>Dark3</textcolor>
                    <focusedcolor>Dark1</focusedcolor>
                    <label>31212</label>
                    <onclick>SetProperty(content,3)</onclick>
                    <onclick>SetFocus(9500,0)</onclick>
                    <texturefocus />
                </control>
                <control type="button" id="9512">
                    <font>Medium</font>
                    <height>100</height>
                    <width>250</width>
                    <textcolor>Dark3</textcolor>
                    <focusedcolor>Dark1</focusedcolor>
                    <label>31210</label>
                    <onclick>SetProperty(content,2)</onclick>
                    <onclick>SetFocus(9500,0)</onclick>
                    <texturefocus />
                </control>
                <control type="button" id="9513">
                    <font>Medium</font>
                    <height>100</height>
                    <width>250</width>
                    <textcolor>Dark3</textcolor>
                    <focusedcolor>Dark1</focusedcolor>
                    <label>31211</label>
                    <onclick>SetProperty(content,1)</onclick>
                    <onclick>SetFocus(9500,0)</onclick>
                    <texturefocus />
                </control>
            </control>
            <control type="group">
                <centerleft>50%</centerleft>
                <centertop>39%</centertop>
                <width>450</width>
                <height>117</height>
                <visible>Container(9500).IsUpdating</visible>
                <include>Animation.FadeIn</include>
                <include>Animation.FadeOut</include>
                <include>BusySpinner</include>
            </control>
            <control type="list" id="9500">
                <visible allowhiddenfocus="true">!Container(9500).IsUpdating</visible>
                <include>Animation.FadeIn</include>
                <include>Animation.FadeOut</include>
                <top>260</top>
                <right>72</right>
                <left>72</left>
                <height>674</height>
                <onup>9510</onup>
                <preloaditems>2</preloaditems>
                <orientation>horizontal</orientation>
                <pagecontrol>60</pagecontrol>
                <viewtype label="536">list</viewtype>
                <include>ScrolltimeViewsList</include>
                <itemlayout height="337" width="222">
                    <control type="group">
                        <height>337</height>
                        <include content="include.widget.poster">
                            <param name="id" value="9500"/>
                            <param name="reflections" value="Skin.HasSetting(show.reflections)"/>
                        </include>
                    </control>
                </itemlayout>
                <focusedlayout height="337" width="222">
                    <control type="group">
                        <height>337</height>
                        <include content="include.widget.poster.focus">
                            <param name="id" value="9500"/>
                            <param name="reflections" value="Skin.HasSetting(show.reflections)"/>
                        </include>
                    </control>
                </focusedlayout>
                <content target="videos">$VAR[DefMovieDBEpisodesContent]</content>
            </control>
            <control type="grouplist">
                <visible>!Container(9500).IsUpdating</visible>
                <include>Animation.FadeIn</include>
                <include>Animation.FadeOut</include>
                <left>160</left>
                <right>160</right>
                <orientation>vertical</orientation>
                <top>600</top>
                <itemgap>-10</itemgap>
                <control type="label">
                    <font>MediumBold</font>
                    <width>100%</width>
                    <align>center</align>
                    <textcolor>Dark1</textcolor>
                    <label>$INFO[Container(9500).ListItem.Label]</label>
                </control>
                <control type="label">
                    <font>Tiny</font>
                    <width>100%</width>
                    <align>center</align>
                    <textcolor>Dark2</textcolor>
                    <label>$INFO[Container(9500).ListItem.Season,$LOCALIZE[20373] ,  •  ]$INFO[Container(9500).ListItem.Episode,$LOCALIZE[20359] ]$INFO[Container(9500).ListItem.Premiered,  •  ]$VAR[LabelDurationTimeCheck9500,  •  ]$VAR[RatingLabel9500,  •  ]$VAR[RtMclabel]</label>
                </control>
                <control type="textbox">
                    <font>Tiny</font>
                    <width>100%</width>
                    <align>center</align>
                    <textcolor>Dark2</textcolor>
                    <height>108</height>
                    <label>$INFO[Container(9500).ListItem.Plot]</label>
                </control>
            </control>
        </control>
    </controls>
</window>
