<?xml version="1.0" encoding="UTF-8"?>
<window type="dialog" id="1107">
    <defaultcontrol>11</defaultcontrol>
    <controls>
		<include content="DefDialog">
	        <param name="header_label" value="31247"/>
	        <param name="width" value="1140"/>
            <control type="list" id="11">
				<left>8</left>
                <height>696</height>
                <width>512</width>
                <top>115</top>
                <scrolltime>0</scrolltime>
 				<include content="Def_SimpleListLayout">
					<param name="width" value="520" />
					<param name="item_selected" value="!String.IsEmpty(ListItem.Property(ItemSelected))" />
				</include>
				<content>
					<include>HomeViewTypes</include>
				</content>
            </control>
            <control type="image">
                <posx>520</posx>
                <top>115</top>
                <height>687</height>
                <width>1</width>
                <texture colordiffuse="Black12">common/white.png</texture>
            </control>
            <control type="image">
                <left>545</left>
                <top>115</top>
                <height>312</height>
                <width>555</width>
                <fadetime>150</fadetime>
                <texture background="true">$INFO[ListItem.Thumb]</texture>
            </control>
            <include>DialogSelectlabelInclude</include>
		</include>
    </controls>
</window>