<?xml version="1.0" encoding="UTF-8"?>
<!-- Foundation -->
<window type="dialog" id="1123">
    <defaultcontrol always="true">101</defaultcontrol>
    <controls>
        <control type="group">
            <centerleft>50%</centerleft>
            <centertop>50%</centertop>
            <width>468</width>
            <height>615</height>
            <visible allowhiddenfocus="true">ControlGroup(100).HasFocus()</visible>
            <include>Animation.ZoomIn</include>
            <include>Animation.FadeOut</include>
            <visible>!Window.IsActive(GameVideoFilter) + !Window.IsActive(GameStretchMode) + !Window.IsActive(GameVideoRotation) + !Window.IsActive(DialogSlider.xml)</visible>
            <control type="image">
                <left>-8</left>
                <top>-20</top>
                <right>10</right>
                <bottom>15</bottom>
                <colordiffuse>White100</colordiffuse>
                <texture border="16">common/rounded-shadow8.png</texture>
            </control>
            <control type="group">
                <left>17</left>
                <top>0</top>
                <control type="label">
                    <description>Header Label</description>
                    <left>70</left>
                    <width>1000</width>
                    <posy>0</posy>
                    <include>FontTop</include>
                    <textcolor>Black70</textcolor>
                    <label>5</label>
                </control>
                <include>Kodi_Logo</include>
                <!-- Lines -->
                <control type="image">
                    <top>70</top>
                    <left>17</left>
                    <width>385</width>
                    <height>1</height>
                    <bottom>10</bottom>
                    <colordiffuse>Black12</colordiffuse>
                    <texture>common/white.png</texture>
                </control>
            </control>
            <control type="group">
                <height>490</height>
                <left>-20</left>
                <top>-18</top>
                <include content="Def9000Arrows"><param name="arrow_bottom" value="755" /></include>
            </control>
            <include content="Def_Gradient_Settings_Image">
                <param name="controlid" value="100"/>
                <param name="left" value="0"/>
                <param name="top" value="90"/>
                <param name="width" value="450"/>
            </include>
            <control type="grouplist" id="100">
                <top>90</top>
                <height>490</height>
                <scrolltime>0</scrolltime>
                <onleft>Close</onleft>
                <onright>Close</onright>
                <itemgap>0</itemgap>
                <usecontrolcoords>true</usecontrolcoords>
                <control type="button" id="101">
                    <include>DefContextButtonGradient</include>
                    <align>left</align>
                    <label>$LOCALIZE[35225]</label>
                    <onclick>ActivateWindow(GameVideoFilter)</onclick>
                </control>
                <control type="button" id="102">
                    <include>DefContextButtonGradient</include>
                    <align>left</align>
                    <label>$LOCALIZE[35233]</label>
                    <onclick>ActivateWindow(GameStretchMode)</onclick>
                </control>
                <control type="button" id="103">
                    <include>DefContextButtonGradient</include>
                    <align>left</align>
                    <label>$LOCALIZE[35227]</label>
                    <onclick>ActivateWindow(GameVideoRotation)</onclick>
                </control>
                <control type="button" id="104">
                    <label>$LOCALIZE[13376]</label>
                    <align>left</align>
                    <include>DefContextButtonGradient</include>
                    <onclick>ActivateWindow(GameVolume)</onclick>
                </control>
                <control type="button" id="105">
                    <include>DefContextButtonGradient</include>
                    <align>left</align>
                    <label>$LOCALIZE[35234]</label>
                    <onclick>ActivateWindow(GameControllers)</onclick>
                </control>
                <control type="button" id="106">
                    <include>DefContextButtonGradient</include>
                    <align>left</align>
                    <label>$LOCALIZE[35110]</label>
                    <onclick>ActivateWindow(GamePorts)</onclick>
                </control>
                <control type="button" id="107">
                    <include>DefContextButtonGradient</include>
                    <align>left</align>
                    <label>$LOCALIZE[35226]</label>
                    <onclick>ActivateWindow(GameAdvancedSettings)</onclick>
                </control>
            </control>
        </control>
    </controls>
</window>