<?xml version="1.0" encoding="UTF-8"?>
<window type="window" id="1190">
    <defaultcontrol always="true">9999</defaultcontrol>
    <backgroundcolor>0</backgroundcolor>
    <onload>SetProperty(TMDbHelper.HideView,1,Home)</onload>
    <onunload>AlarmClock(ShowView,ClearProperty(TMDbHelper.HideView,Home),00:02,silent)</onunload>
    <controls>
        <!-- OPTIONAL: Code from your skin for window background e.g. -->
        <include>GlobalBackground</include> 

    </controls>
</window>
