<?xml version="1.0" encoding="UTF-8"?>
<!-- Foundation -->
<window id="1106" type="dialog">
    <defaultcontrol always="true">9000</defaultcontrol>
    <controls>
        <include>GlobalOverlay</include>
        <control type="group">
            <include>DefDialogBackground</include>
            <control type="group">
                <left>22</left>
                <top>22</top>
                <control type="label">
                    <description>Header Label</description>
                    <left>70</left>
                    <width>1000</width>
                    <posy>0</posy>
                    <include>FontTop</include>
                    <textcolor>Black70</textcolor>
                    <label>31269</label>
                </control>
                <include>Kodi_Logo</include>

                <!-- Lines -->
                <control type="image">
                    <top>70</top>
                    <left>17</left>
                    <right>40</right>
                    <height>1</height>
                    <bottom>10</bottom>
                    <colordiffuse>Black12</colordiffuse>
                    <texture>common/white.png</texture>
                </control>
            </control>
            <control type="list" id="9000">
                <left>8</left>
                <width>1064</width>
                <posy>110</posy>
                <height>726</height>
                <onup>9000</onup>
                <ondown>9000</ondown>
                <itemlayout height="66" width="1064">
                    <control type="label">
                        <left>30</left>
                        <right>30</right>
                        <font>SmallBold</font>
                        <textcolor>Black70</textcolor>
                        <height>66</height>
                        <aligny>center</aligny>
                        <info>ListItem.Label</info>
                    </control>
                    <control type="label">
                        <left>30</left>
                        <right>30</right>
                        <textcolor>Black70</textcolor>
                        <align>right</align>
                        <height>66</height>
                        <aligny>center</aligny>
                        <font>Small</font>
                        <info>ListItem.Label2</info>
                    </control>
                </itemlayout>
                <focusedlayout height="66" width="1064">
                    <control type="image">
                        <width>100%</width>
                        <height>100%</height>
                        <texture colordiffuse="$VAR[ColorHighlight]">common/white.png</texture>
                    </control>
                    <control type="image">
                        <width>100%</width>
                        <height>100%</height>
                        <texture border="8" colordiffuse="$VAR[ColorGradient]">common/gradient-box-wide.png</texture>
                    </control>
                    <control type="label">
                        <left>30</left>
                        <right>30</right>
                        <height>66</height>
                        <font>SmallBold</font>
                        <aligny>center</aligny>
                        <textcolor>Selected</textcolor>
                        <info>ListItem.Label</info>
                    </control>
                    <control type="label">
                        <left>30</left>
                        <right>30</right>
                        <align>right</align>
                        <height>66</height>
                        <aligny>center</aligny>
                        <textcolor>Selected</textcolor>
                        <font>Small</font>
                        <info>ListItem.Label2</info>
                    </control>
                </focusedlayout>
                <content>
                    <item>
                        <label>16018</label>
                        <onclick>Close</onclick>
                        <onclick>Skin.SetString(home.slideshowpath,none)</onclick>
                    </item>
                    <item>
                        <label>31271</label>
                        <onclick>Close</onclick>
                        <onclick condition="String.IsEqual(Skin.String(home.slideshowpath),none)">Skin.Reset(home.slideshowpath)</onclick>
                        <onclick>Skin.SetImage(home.slideshowpath)</onclick>
                    </item>
                    <item>
                        <label>31272</label>
                        <onclick>Close</onclick>
                        <onclick condition="String.IsEqual(Skin.String(home.slideshowpath),none)">Skin.Reset(home.slideshowpath)</onclick>
                        <onclick>Skin.SetPath(home.slideshowpath)</onclick>
                    </item>
                    <item>
                        <label>31105</label>
                        <onclick>Close</onclick>
                        <onclick>Skin.Reset(home.slideshowpath)</onclick>
                        <onclick>RunScript(script.skinshortcuts,type=widgets&amp;grouping=video&amp;skinWidgetPath=home.fallbackwidget&amp;skinWidgetName=home.fallbackwidget.name&amp;skinWidgetType=home.fallbackwidget.type)</onclick>
                    </item>
                </content>
            </control>
        </control>
    </controls>
</window>
