<?xml version="1.0" encoding="UTF-8"?>
<window type="dialog" id="1125">
    <defaultcontrol>11</defaultcontrol>
    <controls>
        <include>GlobalOverlay</include>
        <control type="group">
            <include>DefDialogOK</include>
            <control type="label">
                <left>75</left>
                <width>790</width>
                <posy>0</posy>
                <include>FontTop</include>
                <label>$LOCALIZE[31426]?</label>
                <textcolor>Black70</textcolor>
            </control>
            <control type="grouplist">
                <orientation>vertical</orientation>
                <itemgap>0</itemgap>
                <left>10</left>
                <posy>108</posy>
                <control type="label">
                    <height>36</height>
                    <align>left</align>
                    <left>10</left>
                    <font>Tiny</font>
                    <label>$LOCALIZE[20342]:</label>
                    <visible>!String.IsEmpty(Skin.String(Skin.ForcedView.movies))</visible>
                </control>
                <control type="label">
                    <height>36</height>
                    <align>left</align>
                    <left>10</left>
                    <font>Tiny</font>
                    <label>$LOCALIZE[20343]:</label>
                    <visible>!String.IsEmpty(Skin.String(Skin.ForcedView.tvshows))</visible>
                </control>
                <control type="label">
                    <height>36</height>
                    <align>left</align>
                    <left>10</left>
                    <font>Tiny</font>
                    <label>$LOCALIZE[20360]:</label>
                    <visible>!String.IsEmpty(Skin.String(Skin.ForcedView.episodes))</visible>
                </control>
                <control type="label">
                    <height>36</height>
                    <align>left</align>
                    <left>10</left>
                    <font>Tiny</font>
                    <label>$LOCALIZE[33054]:</label>
                    <visible>!String.IsEmpty(Skin.String(Skin.ForcedView.seasons))</visible>
                </control>
                <control type="label">
                    <height>36</height>
                    <align>left</align>
                    <left>10</left>
                    <font>Tiny</font>
                    <label>$LOCALIZE[3]:</label>
                    <visible>!String.IsEmpty(Skin.String(Skin.ForcedView.videos))</visible>
                </control>
                <control type="label">
                    <height>36</height>
                    <align>left</align>
                    <left>10</left>
                    <font>Tiny</font>
                    <label>$LOCALIZE[132]:</label>
                    <visible>!String.IsEmpty(Skin.String(Skin.ForcedView.albums))</visible>
                </control>
                <control type="label">
                    <height>36</height>
                    <align>left</align>
                    <left>10</left>
                    <font>Tiny</font>
                    <label>$LOCALIZE[134]:</label>
                    <visible>!String.IsEmpty(Skin.String(Skin.ForcedView.songs))</visible>
                </control>
                <control type="label">
                    <height>36</height>
                    <align>left</align>
                    <left>10</left>
                    <font>Tiny</font>
                    <label>...</label>
                </control>
            </control>
            <control type="grouplist">
                <orientation>vertical</orientation>
                <itemgap>0</itemgap>
                <left>440</left>
                <width>50</width>
                <height>200</height>
                <posy>102</posy>
                <itemgap>50</itemgap>
                <usecontrolcoords>true</usecontrolcoords>
                <control type="image">
                    <include>DialogForcedArrow</include>
                    <visible>!String.IsEmpty(Skin.String(Skin.ForcedView.movies))</visible>
                </control>
                <control type="image">
                    <include>DialogForcedArrow</include>
                    <visible>!String.IsEmpty(Skin.String(Skin.ForcedView.tvshows))</visible>
                </control>
                <control type="image">
                    <include>DialogForcedArrow</include>
                    <visible>!String.IsEmpty(Skin.String(Skin.ForcedView.episodes))</visible>
                </control>
                <control type="image">
                    <include>DialogForcedArrow</include>
                    <visible>!String.IsEmpty(Skin.String(Skin.ForcedView.seasons))</visible>
                </control>
                <control type="image">
                    <include>DialogForcedArrow</include>
                    <visible>!String.IsEmpty(Skin.String(Skin.ForcedView.videos))</visible>
                </control>
                <control type="image">
                    <include>DialogForcedArrow</include>
                    <visible>!String.IsEmpty(Skin.String(Skin.ForcedView.albums))</visible>
                </control>
                <control type="image">
                    <include>DialogForcedArrow</include>
                    <visible>!String.IsEmpty(Skin.String(Skin.ForcedView.songs))</visible>
                </control>
            </control>
            <control type="grouplist">
                <orientation>vertical</orientation>
                <itemgap>0</itemgap>
                <right>20</right>
                <posy>108</posy>
                <control type="label">
                    <height>36</height>
                    <align>right</align>
                    <font>Tiny</font>
                    <label>$INFO[Skin.String(Skin.ForcedView.movies)]</label>
                    <visible>!String.IsEmpty(Skin.String(Skin.ForcedView.movies))</visible>
                </control>
                <control type="label">
                    <height>36</height>
                    <align>right</align>
                    <font>Tiny</font>
                    <label>$INFO[Skin.String(Skin.ForcedView.tvshows)]</label>
                    <visible>!String.IsEmpty(Skin.String(Skin.ForcedView.tvshows))</visible>
                </control>
                <control type="label">
                    <height>36</height>
                    <align>right</align>
                    <font>Tiny</font>
                    <label>$INFO[Skin.String(Skin.ForcedView.episodes)]</label>
                    <visible>!String.IsEmpty(Skin.String(Skin.ForcedView.episodes))</visible>
                </control>
                <control type="label">
                    <height>36</height>
                    <align>right</align>
                    <font>Tiny</font>
                    <label>$INFO[Skin.String(Skin.ForcedView.seasons)]</label>
                    <visible>!String.IsEmpty(Skin.String(Skin.ForcedView.seasons))</visible>
                </control>
                <control type="label">
                    <height>36</height>
                    <align>right</align>
                    <font>Tiny</font>
                    <label>$INFO[Skin.String(Skin.ForcedView.videos)]</label>
                    <visible>!String.IsEmpty(Skin.String(Skin.ForcedView.videos))</visible>
                </control>
                <control type="label">
                    <height>36</height>
                    <align>right</align>
                    <font>Tiny</font>
                    <label>$INFO[Skin.String(Skin.ForcedView.albums)]</label>
                    <visible>!String.IsEmpty(Skin.String(Skin.ForcedView.albums))</visible>
                </control>
                <control type="label">
                    <height>36</height>
                    <align>right</align>
                    <font>Tiny</font>
                    <label>$INFO[Skin.String(Skin.ForcedView.songs)]</label>
                    <visible>!String.IsEmpty(Skin.String(Skin.ForcedView.songs))</visible>
                </control>
            </control>
            <control type="grouplist">
                <posy>310</posy>
                <height>66</height>
                <width>100%</width>
                <align>center</align>
                <orientation>horizontal</orientation>
                <itemgap>30</itemgap>
                <control type="button" id="11">
                    <description>Yes</description>
                    <width>320</width>
                    <label>107</label>
                    <font>Button</font>
                    <texturefocus colordiffuse="$VAR[ColorHighlight]" border="5">common/box.png</texturefocus>
                    <texturenofocus colordiffuse="Black12" border="5">common/box.png</texturenofocus>
                    <onclick>Skin.Reset(Skin.ForcedView.)</onclick>
                    <onclick>Skin.Reset(Skin.ForcedView.tags)</onclick>
                    <onclick>Skin.Reset(Skin.ForcedView.years)</onclick>
                    <onclick>Skin.Reset(Skin.ForcedView.genres)</onclick>
                    <onclick>Skin.Reset(Skin.ForcedView.countries)</onclick>
                    <onclick>Skin.Reset(Skin.ForcedView.studios)</onclick>
                    <onclick>Skin.Reset(Skin.ForcedView.playlists)</onclick>
                    <onclick>Skin.Reset(Skin.ForcedView.movies)</onclick>
                    <onclick>Skin.Reset(Skin.ForcedView.sets)</onclick>
                    <onclick>Skin.Reset(Skin.ForcedView.tvshows)</onclick>
                    <onclick>Skin.Reset(Skin.ForcedView.seasons)</onclick>
                    <onclick>Skin.Reset(Skin.ForcedView.episodes)</onclick>
                    <onclick>Skin.Reset(Skin.ForcedView.artists)</onclick>
                    <onclick>Skin.Reset(Skin.ForcedView.albums)</onclick>
                    <onclick>Skin.Reset(Skin.ForcedView.songs)</onclick>
                    <onclick>Skin.Reset(Skin.ForcedView.musicvideos)</onclick>
                    <onclick>Skin.Reset(Skin.ForcedView.addons)</onclick>
                    <onclick>Skin.Reset(Skin.ForcedView.actors)</onclick>
                    <onclick>Skin.Reset(Skin.ForcedView.directors)</onclick>
                    <onclick>Skin.Reset(Skin.ForcedView.files)</onclick>
                    <onclick>Skin.Reset(Skin.ForcedView.mixed)</onclick>
                    <onclick>Skin.Reset(Skin.ForcedView.images)</onclick>
                    <onclick>Skin.Reset(Skin.ForcedView.games)</onclick>
                    <onclick>Skin.Reset(Skin.ForcedView.unknown)</onclick>
                    <onclick>Skin.Reset(Skin.ForcedView.videos)</onclick>
                    <onclick>close</onclick>
                </control>
                <control type="button" id="10">
                    <description>No</description>
                    <width>320</width>
                    <label>106</label>
                    <font>Button</font>
                    <texturefocus colordiffuse="$VAR[ColorHighlight]" border="5">common/box.png</texturefocus>
                    <texturenofocus colordiffuse="Black12" border="5">common/box.png</texturenofocus>
                    <onclick>close</onclick>
                </control>
            </control>
        </control>
    </controls>
</window>