<?xml version="1.0" encoding="UTF-8"?>
<window type="dialog" id="1188">
    <visible>$EXP[ExtendedNowPlayingHelperAutoClose] | $EXP[ExtendedNowPlayingHelperAutoShow]</visible>
    
    <!-- Close Now Playing -->
    <onload condition="$EXP[ExtendedNowPlayingHelperAutoClose]">Dialog.Close(all,true)</onload>
    <onload condition="$EXP[ExtendedNowPlayingHelperAutoClose]">SetFocus(300)</onload>
    <onload condition="$EXP[ExtendedNowPlayingHelperAutoClose]">ClearProperty(controlsvisible,home)</onload>
    
    <!-- Show Now Playing + Controls Hidden -->
    <onload condition="$EXP[ExtendedNowPlayingHelperAutoShow] + Skin.HasSetting(hide.home.nowplaying.controls)">SetFocus(300)</onload>
    
    <!-- Show Now Playing + Controls Visible -->
    <onload condition="$EXP[ExtendedNowPlayingHelperAutoShow] + !Skin.HasSetting(hide.home.nowplaying.controls)">SetFocus(777)</onload>
    
    <!-- Clear Now Playing Property -->
    <onload condition="$EXP[ExtendedNowPlayingHelperAutoShow]">ClearProperty(nowplayingautoshowtimer,home)</onload>
    
    <controls />
</window>