<?xml version="1.0" encoding="UTF-8"?>
<!-- Foundation -->
<window type="dialog" id="1120">
    <zorder>1</zorder>
    <defaultcontrol always="true">9000</defaultcontrol>
    <controls>
        <include>GlobalOverlay</include>
        <include>Animation.Common</include>
        <control type="group">
            <height>620</height>
            <include>Def9000Background</include>
            <control type="group">
                <left>22</left>
                <top>22</top>
                <control type="label">
                    <description>Header Label</description>
                    <left>70</left>
                    <width>1000</width>
                    <posy>0</posy>
                    <include>FontTop</include>
                    <textcolor>Black70</textcolor>
                    <label>33063</label>
                </control>
                <include>Kodi_Logo</include>

                <!-- Lines -->
                <control type="image">
                    <top>70</top>
                    <left>17</left>
                    <width>385</width>
                    <height>1</height>
                    <bottom>10</bottom>
                    <colordiffuse>Black12</colordiffuse>
                    <texture>common/white.png</texture>
                </control>
            </control>
            <include content="Def9000Arrows"><param name="arrow_bottom" value="620" /></include>
            <include content="Def_Gradient_Settings_Image">
                <param name="controlid" value="9000"/>
                <param name="left" value="8"/>
                <param name="top" value="112"/>
                <param name="width" value="450"/>
            </include>
            <control type="grouplist" id="9000">
                <posx>8</posx>
                <posy>112</posy>
                <width>510</width>
                <height>490</height>
                <itemgap>0</itemgap>
                <usecontrolcoords>true</usecontrolcoords>
                <scrolltime>0</scrolltime>
                <onright>Dialog.Close(1120)</onright>
                <onleft>Dialog.Close(1120)</onleft>
                <usecontrolcoords>true</usecontrolcoords>
                <control type="radiobutton" id="101">
                    <include>DefContextButtonGradient</include>
                    <align>left</align>
                    <label>31026</label>
                    <disabledcolor>$VAR[OSDPanelWhite12]</disabledcolor>
                    <selected>Skin.HasSetting(musicosd.showvideolyrics)</selected>
                    <onclick>Skin.ToggleSetting(musicosd.showvideolyrics)</onclick>
                    <visible>System.AddonIsEnabled(script.cu.lrclyrics)</visible>
                </control>
                <control type="radiobutton" id="105">
                    <include>DefContextButtonGradient</include>
                    <align>left</align>
                    <label>31559</label>
                    <selected>Skin.HasSetting(EnableMusicScrollingText)</selected>
                    <onclick>Skin.ToggleSetting(EnableMusicScrollingText)</onclick>
                </control>
                 <control type="radiobutton" id="106" description="Show Fanart">
                    <align>left</align>
                    <include>DefContextButtonGradient</include>
                    <label>20445</label>
                    <selected>$EXP[Visualisation_ShowFanart]</selected>
                    <onclick>Skin.ToggleSetting(musicosd.hidefanart)</onclick>
                </control>
                <control type="button" id="107" description="Fallback Fanart">
                    <include>DefContextButtonGradient</include>
                    <align>left</align>
                    <label>$LOCALIZE[31567]:</label>
                    <label2>$VAR[LabelFallbackImage]</label2>
                    <include content="Def_SelectImage_Actions">
                        <param name="header" value="$LOCALIZE[31150]" />
                        <param name="property" value="fanart.fallback.music" />
                    </include>
                    <enable>$EXP[Visualisation_ShowFanart]</enable>
                </control>
                <control type="radiobutton" id="108" description="Show slideshow in background">
                    <align>left</align>
                    <include>DefContextButtonGradient</include>
                    <label>31561</label>
                    <selected>$EXP[Visualisation_ShowSlideshow]</selected>
                    <onclick condition="!System.HasAddon(script.artistslideshow)">InstallAddon(script.artistslideshow)</onclick>
                    <onclick condition="System.HasAddon(script.artistslideshow) + !System.AddonIsEnabled(script.artistslideshow)">EnableAddon(script.artistslideshow)</onclick>
                    <onclick condition="System.AddonIsEnabled(script.artistslideshow) + Skin.HasSetting(ArtistSlideShow.Disabled)">Skin.Reset(ArtistSlideShow.Disabled)</onclick>                            
                    <onclick condition="System.AddonIsEnabled(script.artistslideshow) + !Skin.HasSetting(ArtistSlideShow.Disabled)">Skin.SetBool(ArtistSlideShow.Disabled)</onclick>
                    <enable>$EXP[Visualisation_ShowFanart]</enable>
                </control>
                <control type="radiobutton" id="109" description="Animate Artist slideshow">
                    <align>left</align>
                    <include>DefContextButtonGradient</include>
                    <label>31354</label>
                    <selected>$EXP[Visualisation_AnimateFanart]</selected>
                    <onclick>Skin.ToggleSetting(ArtistSlideshow.Animate)</onclick>
                    <enable>$EXP[Visualisation_ShowFanart]</enable>
                </control>
                <control type="button" id="111">
                    <description>Visualisation</description>
                    <include>DefContextButtonGradient</include>
                    <label>$LOCALIZE[250]:</label>
                    <label2 fallback="424">$VAR[LabelVisualisation]</label2>
                    <align>left</align>
                    <onclick>SendClick(500)</onclick>
                </control>
                <control type="button" id="112">
                    <description>Visualisation</description>
                    <include>DefContextButtonGradient</include>
                    <align>left</align>
                    <label>$LOCALIZE[31978]:</label>
                    <label2>$VAR[LabelVisualisationPresent]</label2>
                    <onclick>ActivateWindow(visualisationpresetlist)</onclick>
                    <visible>Visualisation.HasPresets</visible>
                </control>
                <control type="button" id="113">
                    <description>Visualisation</description>
                    <include>DefContextButtonGradient</include>
                    <label>$LOCALIZE[31977]</label>
                    <align>left</align>
                    <onclick>Addon.Default.OpenSettings(xbmc.player.musicviz)</onclick>
                    <enable>Visualisation.Enabled</enable>
                </control>
            </control>
        </control>
    </controls>
</window>