<?xml version="1.0" encoding="UTF-8"?>
<window type="dialog" id="1101">
    <defaultcontrol always="true">11</defaultcontrol>
    <onunload>ClearProperty(includesetting,home)</onunload>
    <controls>
        <include content="DefDialog">
            <param name="header_label" value="$INFO[Container(11).ListItemAbsolute(0).Property(SettingsName)]"/>
            <control type="list" id="11">
                <top>115</top>
                <left>8</left>
                <height>696</height>
                <width>700</width>
                <onright>1600</onright>
                <pagecontrol>1600</pagecontrol>
                <include content="Def_SimpleListLayout">
                	<param name="item_selected" value="!String.IsEmpty(ListItem.Property(ItemSelected))" />
                	<param name="focused" value="Control.HasFocus(11)" />
                </include>
                <content>
                    <include condition="String.IsEqual(Window(Home).Property(includesetting),BackgroundBrightness)">CustomSettings_Items.BackgroundBrightness</include>
                    <include condition="String.IsEqual(Window(Home).Property(includesetting),BackgroundBrightnessBlur)">CustomSettings_Items.BackgroundBrightnessBlur</include>
                    <include condition="String.IsEqual(Window(Home).Property(includesetting),BlurRadius)">CustomSettings_Items.BlurRadius</include>
                    <include condition="String.IsEqual(Window(Home).Property(includesetting),FadeNetflixPreview)">CustomSettings_Items.FadeNetflixPreview</include>
                    <include condition="String.IsEqual(Window(Home).Property(includesetting),NetflixTrailerDelay)">CustomSettings_Items.NetflixTrailerDelay</include>
                    <include condition="String.IsEqual(Window(Home).Property(includesetting),DefWidgetLimit)">CustomSettings_Items.DefWidgetLimit</include>
                    <include condition="String.IsEqual(Window(Home).Property(includesetting),DefHubLimit)">CustomSettings_Items.DefHubLimit</include>
                    <include condition="String.IsEqual(Window(Home).Property(includesetting),TrailerCount)">CustomSettings_Items.TrailerCount</include>
                    <include condition="String.IsEqual(Window(Home).Property(includesetting),OSD_Timeout)">CustomSettings_Items.OSD_Timeout</include>
                    <include condition="String.IsEqual(Window(Home).Property(includesetting),OSD_Info)">CustomSettings_Items.OSD_Info</include>
                    <include condition="String.IsEqual(Window(Home).Property(includesetting),ColorSettings)">CustomSettings_Items.ColorSettings</include>
                    <include condition="String.IsEqual(Window(Home).Property(includesetting),BackgroundImageSettings)">CustomSettings_Items.BackgroundImageSettings</include>
                </content>
            </control>
            <include content="scrollbar_dialog">
                <param name="scrollid" value="1600"/>
                <param name="onleft" value="11"/>
                <param name="onright" value="5"/>
                <param name="visible" value="true"/>
            </include>
            <control type="image">
                <right>375</right>
                <top>115</top>
                <height>687</height>
                <width>1</width>
                <texture colordiffuse="Black12">common/white.png</texture>
                <animation effect="fade" start="0" end="100" time="100" condition="!Control.HasFocus(1600) + !Container.Scrolling">Conditional</animation>
            </control>
            <control type="button" id="5">
                <right>42</right>
                <top>115</top>
                <label>15067</label>
                <onleft>1600</onleft>
                <onclick>Close</onclick>
	            <include>DefDialogButtons</include>
            </control>
            <include>DialogSelectlabelInclude</include>
        </include>
    </controls>
</window>