<?xml version="1.0" encoding="UTF-8"?>
<!-- Foundation -->
<window type="dialog" id="1121">
    <zorder>1</zorder>
    <defaultcontrol always="true">9000</defaultcontrol>
    <controls>
        <include>GlobalOverlay</include>
        <include>Animation.Common</include>
        <control type="group">
            <height>620</height>
            <include>Def9000Background</include>
            <control type="group">
                <left>22</left>
                <top>22</top>
                <control type="label">
                    <description>Header Label</description>
                    <left>70</left>
                    <width>1000</width>
                    <posy>0</posy>
                    <include>FontTop</include>
                    <textcolor>Black70</textcolor>
                    <label>33063</label>
                </control>
                <include>Kodi_Logo</include>

                <!-- Lines -->
                <control type="image">
                    <top>70</top>
                    <left>17</left>
                    <width>390</width>
                    <height>1</height>
                    <bottom>10</bottom>
                    <colordiffuse>Black12</colordiffuse>
                    <texture>common/white.png</texture>
                </control>
            </control>
            <include content="Def9000Arrows"><param name="arrow_bottom" value="620" /></include>
            <include content="Def_Gradient_Settings_Image">
                <param name="controlid" value="9000"/>
                <param name="left" value="8"/>
                <param name="top" value="112"/>
                <param name="width" value="450"/>
            </include>
            <control type="grouplist" id="9000">
                <posx>8</posx>
                <posy>112</posy>
                <width>510</width>
                <height>490</height>
                <itemgap>0</itemgap>
                <usecontrolcoords>true</usecontrolcoords>
                <scrolltime>0</scrolltime>
                <onright>Dialog.Close(1121)</onright>
                <onleft>Dialog.Close(1121)</onleft>
                <control type="button" id="80">
                    <align>left</align>
                    <include>DefContextButtonGradient</include>
	                <label>$LOCALIZE[298]</label>
	                <onclick>Close</onclick>
	                <onclick>ActivateWindow(125)</onclick>
                </control>
                <control type="button" id="81">
                    <align>left</align>
                    <include>DefContextButtonGradient</include>
	                <label>$LOCALIZE[13395]</label>
	                <onclick>ActivateWindow(osdvideosettings)</onclick>
                </control>
                <control type="button" id="82">
                    <align>left</align>
                    <include>DefContextButtonGradient</include>
                    <label>$LOCALIZE[13396]</label>
                    <onclick>ActivateWindow(osdaudiosettings)</onclick>
                </control>
                <control type="button" id="83">
                    <align>left</align>
                    <include>DefContextButtonGradient</include>
                    <label>$LOCALIZE[24133]</label>
                    <onclick>ActivateWindow(osdsubtitlesettings)</onclick>
                </control>
                <control type="button" id="84">
                    <align>left</align>
                    <include>DefContextButtonGradient</include>
	                <label>297</label>
	                <onclick>audiodelay</onclick>
                </control>
                <control type="button" id="85">
                    <align>left</align>
                    <include>DefContextButtonGradient</include>
	                <label>22006</label>
	                <onclick>subtitledelay</onclick>
                </control>
                <control type="button" id="101">
                    <align>left</align>
                    <include>DefContextButtonGradient</include>
                    <label>$LOCALIZE[169]/$LOCALIZE[170]</label>
                    <onclick>PlayerResolutionSelect</onclick>
                    <visible>Player.HasResolutions</visible>
                </control>
                <control type="button" id="102">
                    <description>Filter</description>
                    <include>DefContextButtonGradient</include>
                    <label>31290</label>
                    <align>left</align>
                    <onclick>Dialog.Close(1121)</onclick>
                    <onclick>ActivateWindow(playerprocessinfo)</onclick>
                </control>
            </control>
        </control>
    </controls>
</window>
