<?xml version="1.0" encoding="UTF-8"?>
<window type="dialog" id="1124">
    <defaultcontrol>9000</defaultcontrol>
    <onload>SetProperty(Fanart,$INFO[Window(Home).Property(LatestMovie.1.Fanart)],home)</onload>
    <onload>RunScript(plugin.video.themoviedb.helper,blur_image='"$VAR[CustomBlurImage]"',prefix=BlurSettings)</onload>
    <onload>Skin.Reset(NoBlurFoto)</onload>
    <onunload>ClearProperty(FanartBlur,Home)</onunload>
    <onunload>RunScript(plugin.video.themoviedb.helper,restart_service)</onunload>
    <controls>
        <control type="group">
            <animation effect="fade" start="100" end="0" time="500" delay="0" tween="quadratic">WindowClose</animation>
            <animation type="Conditional" reversible="true" condition="Window.IsVisible(1101)">
                <effect type="zoom" end="95" start="100" time="250" center="auto" tween="quadratic" easing="in"/>
            </animation>
            <control type="image" description="Background">
                <left>SidePad</left>
                <top>220</top>
                <width>1760</width>
                <height>636</height>
                <texture border="5" colordiffuse="Panel">common/box.png</texture>
            </control>
            <control type="group">
                <left>SidePad</left>
                <top>216</top>
                <control type="image">
                    <top>10</top>
                    <left>450</left>
                    <width>1</width>
                    <bottom>234</bottom>
                    <colordiffuse>PanelWhite12</colordiffuse>
                    <texture>common/white.png</texture>
                </control>

                <!-- Header -->
                <control type="label">
                    <left>30</left>
                    <width>390</width>
                    <posy>18</posy>
                    <font>MediumBold</font>
                    <label>5</label>
                    <textcolor>PanelWhite100</textcolor>
                </control>
                <control type="label">
                    <left>30</left>
                    <right>30</right>
                    <posy>77</posy>
                    <height>30</height>
                    <font>Tiny</font>
                    <textcolor>PanelWhite70</textcolor>
                    <scroll>true</scroll>
                    <align>left</align>
                    <textoffsetx>0</textoffsetx>
                    <label>$VAR[BlurSet]</label>
                </control>
            </control>
            <control type="group">
                <right>95</right>
                <width>1280</width>
                <top>230</top>
                <height>614</height>
                <control type="image" description="Background">
                    <texture colordiffuse="Background">common/bg.jpg</texture>
                </control>
                <animation effect="fade" start="0" end="100" time="200" delay="0" tween="quadratic">WindowOpen</animation>
                <animation effect="fade" start="0" end="100" time="200" delay="300" tween="quadratic">Visible</animation>
            </control>
            <include content="Def_Gradient_Settings_Image">
                <param name="controlid" value="9000"/>
                <param name="left" value="80"/>
                <param name="top" value="356"/>
                <param name="width" value="450"/>
                <param name="overlayfix" value="true"/>
            </include>
            <control type="group">
                <right>95</right>
                <width>1280</width>
                <top>230</top>
                <height>614</height>
                <include content="EffectsPreviewImage">
                    <param name="texture" value="$INFO[Window(Home).Property(TMDbHelper.BlurSettings.BlurImage)]" />
                </include>           
                <animation effect="fade" start="0" end="100" time="200" delay="0" tween="quadratic">WindowOpen</animation>
                <animation effect="fade" start="0" end="100" time="200" delay="300" tween="quadratic">Visible</animation>
            </control>
            <control type="group">
                <visible>Skin.HasSetting(NoBlurFoto)</visible>
                <right>95</right>
                <width>1280</width>
                <top>230</top>
                <height>614</height>
                <control type="image">
                    <texture background="true">$VAR[CustomBlurImage]</texture>
                    <include>BackgroundFanartFadetime</include>
                </control>
                <animation effect="fade" start="100" end="0" time="200" delay="0" tween="quadratic">Hidden</animation>
                <animation effect="fade" start="0" end="100" time="200" delay="0" tween="quadratic">Visible</animation>
            </control>
            <control type="group">
                <right>95</right>
                <width>1280</width>
                <top>230</top>
                <height>614</height>
                <control type="image" description="Background">
                    <texture>common/bg.jpg</texture>
                    <colordiffuse>Background</colordiffuse>
                </control>
                <animation effect="fade" start="100" end="0" time="200" delay="0" tween="quadratic">Hidden</animation>
                <animation effect="fade" start="0" end="100" time="200" delay="0" tween="quadratic">Visible</animation>
                <animation effect="fade" end="10" start="10" time="0" condition="true">Conditional</animation>
            </control>
            <control type="group">
                <right>95</right>
                <width>1280</width>
                <top>230</top>
                <height>614</height>
                <control type="image" description="FanartOverlay">
                    <texture>common/floor.png</texture>
                    <colordiffuse>FloorFade</colordiffuse>
                </control>
                <animation effect="fade" start="100" end="0" time="200" delay="0" tween="quadratic">Hidden</animation>
                <animation effect="fade" start="0" end="100" time="200" delay="0" tween="quadratic">Visible</animation>
                <animation effect="fade" end="10" start="10" time="0" condition="true">Conditional</animation>
            </control>
            <control type="grouplist" id="9000">
                <description>Control Area</description>
                <left>SidePad</left>
                <width>450</width>
                <top>356</top>
                <height>350</height>
                <orientation>vertical</orientation>
                <usecontrolcoords>true</usecontrolcoords>
                <ondown>9100</ondown>
                <onup>9100</onup>
                <onleft>9100</onleft>
                <onright>9100</onright>
                <itemgap>0</itemgap>
                <scrolltime>0</scrolltime>
                <control type="button" id="9009">
                    <onback>Skin.Reset(NoBlurFoto)</onback>
                    <label>31538</label>
                    <label2>$VAR[BlurRadiusLabel]</label2>
                    <onclick>SetProperty(includesetting,BlurRadius,home)</onclick>
                    <onclick>ActivateWindow(1101)</onclick>
                    <include>DefDialogButtonsBlur</include>
                </control>
                <control type="button" id="9004">
                    <onback>Skin.Reset(NoBlurFoto)</onback>
                    <include>DefDialogButtonsBlur</include>
                    <label>464</label>
                    <label2>$VAR[BackgroundBrightnessBlurLabel]</label2>
                    <onclick>SetProperty(includesetting,BackgroundBrightnessBlur,home)</onclick>
                    <onclick>ActivateWindow(1101)</onclick>
                </control>
            </control>
            <control type="grouplist" id="9100">
                <left>110</left>
                <top>760</top>
                <onup>9000</onup>
                <ondown>9001</ondown>
                <orientation>horizontal</orientation>
                <include>listdimensions</include>
                <control type="radiobutton" id="9199">
                    <onback>Skin.Reset(NoBlurFoto)</onback>
                    <label/>
                    <onclick>Close</onclick>
                    <include>buttondimensionssquareblur</include>
                    <include content="buttontextures">
                        <param name="icon" value="buttonsdialogs/enabled.png"/>
                        <param name="color" value="Black30" />
                    </include>
                </control>
                <control type="radiobutton" id="9203">
                    <onback>Skin.Reset(NoBlurFoto)</onback>
                    <label/>
                    <onclick>Skin.Reset(TMDbHelper.Blur.Radius)</onclick>
                    <onclick>Skin.Reset(BackgroundBrightnessBlur)</onclick>
                    <onclick>RunScript(plugin.video.themoviedb.helper,blur_image='"$VAR[CustomBlurImage]"',prefix=BlurSettings)</onclick>
                    <include>buttondimensionssquareblur</include>
                    <include content="buttontextures">
                        <param name="icon" value="buttonsdialogs/update.png"/>
                        <param name="color" value="Black30" />
                    </include>
                </control>
                <control type="radiobutton" id="9201">
                    <onback>Skin.Reset(NoBlurFoto)</onback>
                    <include>buttondimensionssquareblur</include>
                    <texturenofocus colordiffuse="Black30" border="0">common/boxsquare.png</texturenofocus>
                    <texturefocus colordiffuse="$VAR[ColorHighlight]" border="0">common/boxsquare.png</texturefocus>
                    <textureradioonfocus colordiffuse="FFFFFFFF">buttonsdialogs/artworkdownloader.png</textureradioonfocus>
                    <textureradioonnofocus colordiffuse="FFFFFFFF">buttonsdialogs/artworkdownloader.png</textureradioonnofocus>
                    <textureradioofffocus colordiffuse="FFFFFFFF">buttonsdialogs/artworkdownloader.png</textureradioofffocus>
                    <textureradiooffnofocus colordiffuse="FFFFFFFF">buttonsdialogs/artworkdownloader.png</textureradiooffnofocus>
                    <textcolor>Dark4</textcolor>
                    <font>Null</font>
                    <onclick condition="String.IsEmpty(Window(home).Property(Fanart))">SetProperty(Fanart,$INFO[Window(Home).Property(LatestMovie.1.Fanart)])</onclick>
                    <onclick condition="String.IsEqual(Window(home).Property(Fanart),Window(Home).Property(LatestMovie.1.Fanart))">SetProperty(Fanart,$INFO[Window(Home).Property(LatestMovie.2.Fanart)],home)</onclick>
                    <onclick condition="String.IsEqual(Window(home).Property(Fanart),Window(Home).Property(LatestMovie.2.Fanart))">SetProperty(Fanart,$INFO[Window(Home).Property(LatestMovie.3.Fanart)],home)</onclick>
                    <onclick condition="String.IsEqual(Window(home).Property(Fanart),Window(Home).Property(LatestMovie.3.Fanart))">SetProperty(Fanart,$INFO[Window(Home).Property(LatestMovie.4.Fanart)],home)</onclick>
                    <onclick condition="String.IsEqual(Window(home).Property(Fanart),Window(Home).Property(LatestMovie.4.Fanart))">SetProperty(Fanart,$INFO[Window(Home).Property(LatestMovie.1.Fanart)],home)</onclick>
                    <onclick>RunScript(plugin.video.themoviedb.helper,blur_image='"$VAR[CustomBlurImage]"',prefix=BlurSettings)</onclick>
                </control>
                <control type="radiobutton" id="9202">
                    <onback>Skin.Reset(NoBlurFoto)</onback>
                    <include>buttondimensionssquareblur</include>
                    <texturenofocus colordiffuse="Black30" border="0">common/boxsquare.png</texturenofocus>
                    <texturefocus colordiffuse="$VAR[ColorHighlight]" border="0">common/boxsquare.png</texturefocus>
                    <textureradioonfocus colordiffuse="FFFFFFFF">buttonsdialogs/choose_image.png</textureradioonfocus>
                    <textureradioonnofocus colordiffuse="FFFFFFFF">buttonsdialogs/choose_image.png</textureradioonnofocus>
                    <textureradioofffocus colordiffuse="FFFFFFFF">buttonsdialogs/choose_image_blur.png</textureradioofffocus>
                    <textureradiooffnofocus colordiffuse="FFFFFFFF">buttonsdialogs/choose_image_blur.png</textureradiooffnofocus>
                    <textcolor>Dark4</textcolor>
                    <font>Null</font>
                    <selected>!Skin.HasSetting(NoBlurFoto)</selected>
                    <onclick>Skin.ToggleSetting(NoBlurFoto)</onclick>
                </control>
            </control>
            <control type="group">
                <right>95</right>
                <top>230</top>
                <width>1280</width>
                <height>614</height>
                <include>Animation.FadeIn</include>
                <include>Animation.FadeOut</include>
                <visible>!String.IsEmpty(Window(Home).Property(busyloader))</visible>
                <control type="image">
                    <texture border="2">common/black-back.png</texture>
                    <animation effect="fade" start="50" end="50" time="0" condition="true">Conditional</animation>
                </control>            
                <control type="group">
                    <width>450</width>
                    <height>150</height>
                    <left>450</left>
                    <top>250</top>
                    <include content="BusySpinner">
                        <param name="color" value="ffededed" />
                    </include>
                </control>
            </control>
        </control>
    </controls>
</window>