<?xml version="1.0" encoding="UTF-8"?>
<window type="dialog" id="1103">
    <defaultcontrol>11</defaultcontrol>
    <controls>
 		<include content="DefDialog">
	        <param name="header_label" value="$LOCALIZE[31442]"/>
	        <param name="width" value="1088"/>
	        <param name="height" value="860"/>
 
             <include content="Def_Gradient_Settings_Image">
                <param name="controlid" value="11"/>
                <param name="left" value="8"/>
                <param name="top" value="115"/>
                <param name="width" value="697"/>
                <param name="height" value="66"/>
                <param name="slide" value="66"/>
            </include>
            
            <control type="grouplist" id="11">
				<left>8</left>
                <height>660</height>
                <width>705</width>
                <top>115</top>
                <onleft>5</onleft>
                <onright>1600</onright>
                <usecontrolcoords>true</usecontrolcoords>
                <itemgap>0</itemgap>
                <pagecontrol>1600</pagecontrol>
                <scrolltime>0</scrolltime>
                <control type="button" id="140">
                    <height>66</height>
                    <include>DefSettingsButtonLabelContextName</include>
                    <label>3</label>
                    <enable>false</enable>
                </control>
                <control type="radiobutton" id="100">
                    <align>left</align>
                    <include>DefContextButtonGradientSelect</include>
                    <label>$LOCALIZE[21443]</label>
                    <visible>Skin.HasSetting(furniture.flagicons)</visible>
                    <selected>!Skin.HasSetting(furniture.flags.resolution)</selected>
                    <onclick>Skin.ToggleSetting(furniture.flags.resolution)</onclick>
                </control>
                <control type="radiobutton" id="101">
                    <align>left</align>
                    <include>DefContextButtonGradientSelect</include>
                    <label>$LOCALIZE[21445]</label>
                    <visible>Skin.HasSetting(furniture.flagicons)</visible>
                    <selected>!Skin.HasSetting(furniture.flags.videocodec)</selected>
                    <onclick>Skin.ToggleSetting(furniture.flags.videocodec)</onclick>
                </control>
                <control type="radiobutton" id="102">
                    <align>left</align>
                    <include>DefContextButtonGradientSelect</include>
                    <label>$LOCALIZE[21374]</label>
                    <visible>Skin.HasSetting(furniture.flagicons)</visible>
                    <selected>!Skin.HasSetting(furniture.flags.aspectratio)</selected>
                    <onclick>Skin.ToggleSetting(furniture.flags.aspectratio)</onclick>
                </control>
                <control type="radiobutton" id="103">
                    <align>left</align>
                    <include>DefContextButtonGradientSelect</include>
                    <label>$LOCALIZE[31480]</label>
                    <visible>Skin.HasSetting(furniture.flagicons)</visible>
                    <selected>!Skin.HasSetting(furniture.flags.hdr)</selected>
                    <onclick>Skin.ToggleSetting(furniture.flags.hdr)</onclick>
                </control>
                <control type="radiobutton" id="104">
                    <align>left</align>
                    <include>DefContextButtonGradientSelect</include>
                    <label>$LOCALIZE[21446]</label>
                    <visible>Skin.HasSetting(furniture.flagicons)</visible>
                    <selected>!Skin.HasSetting(furniture.flags.audiocodec)</selected>
                    <onclick>Skin.ToggleSetting(furniture.flags.audiocodec)</onclick>
                </control>
                <control type="radiobutton" id="105">
                    <align>left</align>
                    <include>DefContextButtonGradientSelect</include>
                    <label>$LOCALIZE[31483]</label>
                    <visible>Skin.HasSetting(furniture.flagicons)</visible>
                    <selected>!Skin.HasSetting(furniture.flags.audiochannels)</selected>
                    <onclick>Skin.ToggleSetting(furniture.flags.audiochannels)</onclick>
                </control>
                <control type="radiobutton" id="106">
                    <align>left</align>
                    <include>DefContextButtonGradientSelect</include>
                    <label>$LOCALIZE[31481]</label>
                    <visible>Skin.HasSetting(furniture.flagicons)</visible>
                    <selected>!Skin.HasSetting(furniture.flags.bluray)</selected>
                    <onclick>Skin.ToggleSetting(furniture.flags.bluray)</onclick>
                </control>
                <control type="radiobutton" id="1061">
                    <include>DefContextButtonGradientSelect</include>
                    <label>31536</label>
                    <selected>Skin.HasSetting(furniture.show.audiotracks)</selected>
                    <onclick>Skin.ToggleSetting(furniture.show.audiotracks)</onclick>
                </control>
                <control type="radiobutton" id="1062">
                    <include>DefContextButtonGradientSelect</include>
                    <label>31443</label>
                    <selected>Skin.HasSetting(furniture.showsubtitles)</selected>
                    <onclick>Skin.ToggleSetting(furniture.showsubtitles)</onclick>
                </control>
                <control type="radiobutton" id="1063">
                    <include>DefContextButtonGradientSelect</include>
                    <label>$LOCALIZE[31297]$LOCALIZE[31444]</label>
                    <selected>Skin.HasSetting(furniture.showsubtitles.enable.labels)</selected>
                    <onclick>Skin.ToggleSetting(furniture.showsubtitles.enable.labels)</onclick>
                    <enable>Skin.HasSetting(furniture.showsubtitles)</enable>
                </control>
                <control type="radiobutton" id="107">
                    <align>left</align>
                    <include>DefContextButtonGradientSelect</include>
                    <label>$LOCALIZE[20074]</label>
                    <selected>Skin.HasSetting(furniture.flags.mpaa)</selected>
                    <onclick>Skin.ToggleSetting(furniture.flags.mpaa)</onclick>
                </control>
                <control type="radiobutton" id="108">
                    <align>left</align>
                    <include>DefContextButtonGradientSelect</include>
                    <label>$LOCALIZE[31482]</label>
                    <selected>Skin.HasSetting(furniture.flags.top250)</selected>
                    <onclick>Skin.ToggleSetting(furniture.flags.top250)</onclick>
                </control>
                <control type="radiobutton" id="1081">
                    <align>left</align>
                    <include>DefContextButtonGradientSelect</include>
                    <label>$LOCALIZE[31297]$LOCALIZE[31524]</label>
                    <selected>Skin.HasSetting(furniture.flags.top250.enable.labels)</selected>
                    <onclick>Skin.ToggleSetting(furniture.flags.top250.enable.labels)</onclick>
                    <enable>Skin.HasSetting(furniture.flags.top250)</enable>
                </control>
                <control type="radiobutton" id="109">
                    <align>left</align>
                    <include>DefContextButtonGradientSelect</include>
                    <label>$LOCALIZE[31220]</label>
                    <selected>!Skin.HasSetting(furniture.flags.nextaired)</selected>
                    <onclick>Skin.ToggleSetting(furniture.flags.nextaired)</onclick>
                </control>
                <control type="radiobutton" id="110">
                    <align>left</align>
                    <include>DefContextButtonGradientSelect</include>
                    <label>$LOCALIZE[563]</label>
                    <selected>!Skin.HasSetting(furniture.flags.rating)</selected>
                    <onclick>Skin.ToggleSetting(furniture.flags.rating)</onclick>
                </control>
                <control type="radiobutton" id="112">
                    <align>left</align>
                    <include>DefContextButtonGradientSelect</include>
                    <label>38018</label>
                    <selected>Skin.HasSetting(furniture.showuserrating)+ !Skin.HasSetting(userrating.override.rating)</selected>
                    <onclick>Skin.ToggleSetting(furniture.showuserrating)</onclick>
                    <enable>!Skin.HasSetting(userrating.override.rating)</enable>
                </control>
                <control type="radiobutton" id="15">
                    <align>left</align>
                    <include>DefContextButtonGradientSelect</include>
                    <label>368</label>
                    <selected>Skin.HasSetting(furniture.showimdb)</selected>
                    <onclick>Skin.ToggleSetting(furniture.showimdb)</onclick>
                </control>
                <control type="radiobutton" id="113">
                    <align>left</align>
                    <include>DefContextButtonGradientSelect</include>
                    <label>31441</label>
                    <selected>Skin.HasSetting(furniture.showtomatoesandmetacritics)</selected>
                    <onclick>Skin.ToggleSetting(furniture.showtomatoesandmetacritics)</onclick>
                </control>
                <control type="button" id="150">
                    <height>66</height>
                    <include>DefSettingsButtonLabelContextName</include>
                    <label>2</label>
                    <enable>false</enable>
                </control>
                <control type="radiobutton" id="117">
                    <align>left</align>
                    <include>DefContextButtonGradientSelect</include>
                    <label>$LOCALIZE[563]</label>
                    <visible>Skin.HasSetting(furniture.flagicons)</visible>
                    <selected>!Skin.HasSetting(furniture.hide.musicrating)</selected>
                    <onclick>Skin.ToggleSetting(furniture.hide.musicrating)</onclick>
                </control>                
                <control type="radiobutton" id="118">
                    <include>DefContextButtonGradientSelect</include>
                    <label>21446</label>
                    <selected>!Skin.HasSetting(furniture.hide.fileextension)</selected>
                    <onclick>Skin.ToggleSetting(furniture.hide.fileextension)</onclick>
                </control>
                <control type="radiobutton" id="119">
                    <include>DefContextButtonGradientSelect</include>
                    <label>623</label>
                    <selected>!Skin.HasSetting(furniture.hide.bitrate)</selected>
                    <onclick>Skin.ToggleSetting(furniture.hide.bitrate)</onclick>
                </control>
                <control type="radiobutton" id="120">
                    <include>DefContextButtonGradientSelect</include>
                    <label>613</label>
                    <selected>!Skin.HasSetting(furniture.hide.samplerate)</selected>
                    <onclick>Skin.ToggleSetting(furniture.hide.samplerate)</onclick>
                </control>
                <control type="radiobutton" id="121">
                    <include>DefContextButtonGradientSelect</include>
                    <label>38080</label>
                    <selected>!Skin.HasSetting(furniture.hide.bpm)</selected>
                    <onclick>Skin.ToggleSetting(furniture.hide.bpm)</onclick>
                </control>
                <control type="radiobutton" id="125">
                    <align>left</align>
                    <include>DefContextButtonGradientSelect</include>
                    <label>38018</label>
                    <selected>Skin.HasSetting(furniture.showuserrating.audio) + !Skin.HasSetting(userrating.override.rating)</selected>
                    <onclick>Skin.ToggleSetting(furniture.showuserrating.audio)</onclick>
                    <enable>!Skin.HasSetting(userrating.override.rating)</enable>
                </control>
            </control>

            <include content="scrollbar_dialog">
                <param name="scrollid" value="1600"/>
                <param name="onleft" value="11"/>
                <param name="onright" value="5"/>
                <param name="visible" value="true"/>
                <param name="height" value="660"/>
            </include>
 
            <!-- Lines -->
            <control type="image">
                <top>115</top>
                <right>375</right>
                <height>660</height>
                <width>1</width>
                <texture colordiffuse="Black12">common/white.png</texture>
                <animation effect="fade" start="0" end="100" time="100" condition="!Control.HasFocus(1600) + !Container.Scrolling">Conditional</animation>
            </control>

             <!-- Buttons -->           
            <control type="grouplist">
                <top>115</top>              
                <right>42</right>
                <width>300</width>
                <itemgap>DialogButtonsItemgap</itemgap>
                <orientation>vertical</orientation>
                <onleft>1600</onleft>
                <onright>11</onright>
	            <control type="button" id="5">
		            <include>DefDialogButtons</include>
	                <label>15067</label>
	                <onclick>Close</onclick>
	            </control>
            </control>                
        </include>
    </controls>
</window>