<?xml version="1.0" encoding="UTF-8"?>
<window type="dialog" id="1199">
    <zorder>2</zorder>
    <visible>!Window.IsVisible(startup)</visible>
    <controls>

        <control type="group">
            <visible>Skin.HasSetting(DebugInfoGrid)</visible>
            <control type="image">
                <left>SidePad</left>
                <width>1</width>
                <texture colordiffuse="Dark1">common/white.png</texture>
            </control>
            <control type="image">
                <right>SidePad</right>
                <width>1</width>
                <texture colordiffuse="Dark1">common/white.png</texture>
            </control>
            <control type="image">
                <top>PosterPad</top>
                <height>1</height>
                <texture colordiffuse="Dark1">common/white.png</texture>
            </control>
            <control type="image">
                <bottom>PosterPad</bottom>
                <height>1</height>
                <texture colordiffuse="Dark1">common/white.png</texture>
            </control>
            <control type="group">
                <control type="image">
                    <bottom>255</bottom>
                    <height>1</height>
                    <width>1270</width>
                    <left>570</left>
                    <texture colordiffuse="Dark1">common/white.png</texture>
                </control>
                <control type="image">
                    <left>570</left>
                    <width>1</width>
                    <texture colordiffuse="Dark1">common/white.png</texture>
                </control>
                <control type="image">
                    <left>508</left>
                    <width>1</width>
                    <texture colordiffuse="Dark1">common/white.png</texture>
                </control>
                <control type="image">
                    <left>782</left>
                    <width>1</width>
                    <texture colordiffuse="Dark1">common/white.png</texture>
                </control>
                <control type="image">
                    <top>SidePad</top>
                    <height>1</height>
                    <texture colordiffuse="Dark1">common/white.png</texture>
                </control>
                <control type="image">
                    <bottom>SidePad</bottom>
                    <height>1</height>
                    <texture colordiffuse="Dark1">common/white.png</texture>
                </control>
            </control>
        </control>

        <!-- Window/Dialog debug -->

        <control type="grouplist">
            <posx>15</posx>
            <posy>15</posy>
            <width>780</width>
            <height>450</height>
            <itemgap>12</itemgap>
            <visible>Skin.HasSetting(DebugInfo)</visible>

            <!-- Window labels -->

            <control type="label">
                <width>780</width>
                <height>21</height>
                <textcolor>FF0000FF</textcolor>
                <shadowcolor>FF000000</shadowcolor>
                <font>font13</font>
                <align>left</align>
                <label>AddonBrowser.xml</label>
                <visible>Window.IsVisible(AddonBrowser.xml)</visible>
            </control>

            <control type="label">
                <width>780</width>
                <height>21</height>
                <textcolor>FF0000FF</textcolor>
                <shadowcolor>FF000000</shadowcolor>
                <font>font13</font>
                <align>left</align>
                <label>FileManager.xml</label>
                <visible>Window.IsVisible(FileManager.xml)</visible>
            </control>

            <control type="label">
                <width>780</width>
                <height>21</height>
                <textcolor>FF0000FF</textcolor>
                <shadowcolor>FF000000</shadowcolor>
                <font>font13</font>
                <align>left</align>
                <label>Home.xml</label>
                <visible>Window.IsVisible(Home.xml)</visible>
            </control>

            <control type="label">
                <width>780</width>
                <height>21</height>
                <textcolor>FF0000FF</textcolor>
                <shadowcolor>FF000000</shadowcolor>
                <font>font13</font>
                <align>left</align>
                <label>LoginScreen.xml</label>
                <visible>Window.IsVisible(LoginScreen.xml)</visible>
            </control>

            <control type="label">
                <width>780</width>
                <height>21</height>
                <textcolor>FF0000FF</textcolor>
                <shadowcolor>FF000000</shadowcolor>
                <font>font13</font>
                <align>left</align>
                <label>MyMusicNav.xml</label>
                <visible>Window.IsVisible(MyMusicNav.xml)</visible>
            </control>

            <control type="label">
                <width>780</width>
                <height>21</height>
                <textcolor>FF0000FF</textcolor>
                <shadowcolor>FF000000</shadowcolor>
                <font>font13</font>
                <align>left</align>
                <label>MyMusicPlaylistEditor.xml</label>
                <visible>Window.IsVisible(MyMusicPlaylistEditor.xml)</visible>
            </control>

            <control type="label">
                <width>780</width>
                <height>21</height>
                <textcolor>FF0000FF</textcolor>
                <shadowcolor>FF000000</shadowcolor>
                <font>font13</font>
                <align>left</align>
                <label>Custom_1155_AutoClose_Info_Helper.xml</label>
                <visible>Window.IsVisible(Custom_1155_AutoClose_Info_Helper.xml)</visible>
            </control>

            <control type="label">
                <width>780</width>
                <height>21</height>
                <textcolor>FF0000FF</textcolor>
                <shadowcolor>FF000000</shadowcolor>
                <font>font13</font>
                <align>left</align>
                <label>script-cu-lrclyrics-main.xml</label>
                <visible>Window.IsVisible(script-cu-lrclyrics-main.xml)</visible>
            </control>

            <control type="label">
                <width>780</width>
                <height>21</height>
                <textcolor>FF0000FF</textcolor>
                <shadowcolor>FF000000</shadowcolor>
                <font>font13</font>
                <align>left</align>
                <label>Custom_1181_OSD_Info_Helper.xml</label>
                <visible>Window.IsVisible(Custom_1181_OSD_Info_Helper.xml)</visible>
            </control>

            <control type="label">
                <width>780</width>
                <height>21</height>
                <textcolor>FF0000FF</textcolor>
                <shadowcolor>FF000000</shadowcolor>
                <font>font13</font>
                <align>left</align>
                <label>Custom_1110_AutoClose_OSD_Helper.xml</label>
                <visible>Window.IsVisible(Custom_1110_AutoClose_OSD_Helper.xml)</visible>
            </control>

            <control type="label">
                <width>780</width>
                <height>21</height>
                <textcolor>FF0000FF</textcolor>
                <shadowcolor>FF000000</shadowcolor>
                <font>font13</font>
                <align>left</align>
                <label>MyPics.xml</label>
                <visible>Window.IsVisible(MyPics.xml)</visible>
            </control>

            <control type="label">
                <width>780</width>
                <height>21</height>
                <textcolor>FF0000FF</textcolor>
                <shadowcolor>FF000000</shadowcolor>
                <font>font13</font>
                <align>left</align>
                <label>MyPrograms.xml</label>
                <visible>Window.IsVisible(MyPrograms.xml)</visible>
            </control>

            <control type="label">
                <width>780</width>
                <height>21</height>
                <textcolor>FF0000FF</textcolor>
                <shadowcolor>FF000000</shadowcolor>
                <font>font13</font>
                <align>left</align>
                <label>MyPVRGuide.xml</label>
                <visible>Window.IsVisible(MyPVRGuide.xml)</visible>
            </control>

            <control type="label">
                <width>780</width>
                <height>21</height>
                <textcolor>FF0000FF</textcolor>
                <shadowcolor>FF000000</shadowcolor>
                <font>font13</font>
                <align>left</align>
                <label>MyPVRTimers.xml</label>
                <visible>Window.IsVisible(MyPVRTimers.xml)</visible>
            </control>

            <control type="label">
                <width>780</width>
                <height>21</height>
                <textcolor>FF0000FF</textcolor>
                <shadowcolor>FF000000</shadowcolor>
                <font>font13</font>
                <align>left</align>
                <label>MyPVRSearch.xml</label>
                <visible>Window.IsVisible(MyPVRSearch.xml)</visible>
             </control>

             <control type="label">
                <width>780</width>
                <height>21</height>
                <textcolor>FF0000FF</textcolor>
                <shadowcolor>FF000000</shadowcolor>
                <font>font13</font>
                <align>left</align>
                <label>MyPVRRecordings.xml</label>
                <visible>Window.IsVisible(MyPVRRecordings.xml)</visible>
            </control>

             <control type="label">
                <width>780</width>
                <height>21</height>
                <textcolor>FF0000FF</textcolor>
                <shadowcolor>FF000000</shadowcolor>
                <font>font13</font>
                <align>left</align>
                <label>MyPVRChannels.xml</label>
                <visible>Window.IsVisible(MyPVRChannels.xml)</visible>
            </control>

            <control type="label">
                <width>780</width>
                <height>21</height>
                <textcolor>FF0000FF</textcolor>
                <shadowcolor>FF000000</shadowcolor>
                <font>font13</font>
                <align>left</align>
                <label>MyVideoNav.xml</label>
                <visible>Window.IsVisible(MyVideoNav.xml)</visible>
            </control>

            <control type="label">
                <width>780</width>
                <height>21</height>
                <textcolor>FF0000FF</textcolor>
                <shadowcolor>FF000000</shadowcolor>
                <font>font13</font>
                <align>left</align>
                <label>MyWeather.xml</label>
                <visible>Window.IsVisible(MyWeather.xml)</visible>
            </control>

            <control type="label">
                <width>780</width>
                <height>21</height>
                <textcolor>FF0000FF</textcolor>
                <shadowcolor>FF000000</shadowcolor>
                <font>font13</font>
                <align>left</align>
                <label>Settings.xml</label>
                <visible>Window.IsVisible(Settings.xml)</visible>
            </control>

            <control type="label">
                <width>780</width>
                <height>21</height>
                <textcolor>FF0000FF</textcolor>
                <shadowcolor>FF000000</shadowcolor>
                <font>font13</font>
                <align>left</align>
                <label>SettingsCategory.xml</label>
                <visible>Window.IsVisible(SettingsCategory.xml)</visible>
            </control>

            <control type="label">
                <width>780</width>
                <height>21</height>
                <textcolor>FF0000FF</textcolor>
                <shadowcolor>FF000000</shadowcolor>
                <font>font13</font>
                <align>left</align>
                <label>SettingsProfile.xml</label>
                <visible>Window.IsVisible(SettingsProfile.xml)</visible>
            </control>

            <control type="label">
                <width>780</width>
                <height>21</height>
                <textcolor>FF0000FF</textcolor>
                <shadowcolor>FF000000</shadowcolor>
                <font>font13</font>
                <align>left</align>
                <label>SkinSettings.xml</label>
                <visible>Window.IsVisible(SkinSettings.xml)</visible>
            </control>

            <control type="label">
                <width>780</width>
                <height>21</height>
                <textcolor>FF0000FF</textcolor>
                <shadowcolor>FF000000</shadowcolor>
                <font>font13</font>
                <align>left</align>
                <label>VideoFullScreen.xml</label>
                <visible>Window.IsVisible(VideoFullScreen.xml)</visible>
            </control>

            <control type="label">
                <width>780</width>
                <height>21</height>
                <textcolor>FF0000FF</textcolor>
                <shadowcolor>FF000000</shadowcolor>
                <font>font13</font>
                <align>left</align>
                <label>Custom_1190_TMDB_Info.xml</label>
                <visible>Window.IsVisible(Custom_1190_TMDB_Info.xml)</visible>
            </control>

            <!-- Dialog labels -->

            <control type="label">
                <width>780</width>
                <height>21</height>
                <textcolor>FFFF0000</textcolor>
                <shadowcolor>FF000000</shadowcolor>
                <font>font13</font>
                <align>left</align>
                <label>DialogAddonInfo.xml</label>
                <visible>Window.IsVisible(DialogAddonInfo.xml)</visible>
            </control>

            <control type="label">
                <width>780</width>
                <height>21</height>
                <textcolor>FFFF0000</textcolor>
                <shadowcolor>FF000000</shadowcolor>
                <font>font13</font>
                <align>left</align>
                <label>DialogAddonSettings.xml</label>
                <visible>Window.IsVisible(DialogAddonSettings.xml)</visible>
            </control>

            <control type="label">
                <width>780</width>
                <height>21</height>
                <textcolor>FFFF0000</textcolor>
                <shadowcolor>FF000000</shadowcolor>
                <font>font13</font>
                <align>left</align>
                <label>DialogBusy.xml</label>
                <visible>Window.IsVisible(DialogBusy.xml)</visible>
            </control>

            <control type="label">
                <width>780</width>
                <height>21</height>
                <textcolor>FFFF0000</textcolor>
                <shadowcolor>FF000000</shadowcolor>
                <font>font13</font>
                <align>left</align>
                <label>DialogButtonMenu.xml</label>
                <visible>Window.IsVisible(DialogButtonMenu.xml)</visible>
            </control>

            <control type="label">
                <width>780</width>
                <height>21</height>
                <textcolor>FFFF0000</textcolor>
                <shadowcolor>FF000000</shadowcolor>
                <font>font13</font>
                <align>left</align>
                <label>DialogContextMenu.xml</label>
                <visible>Window.IsVisible(DialogContextMenu.xml)</visible>
            </control>

            <control type="label">
                <width>780</width>
                <height>21</height>
                <textcolor>FFFF0000</textcolor>
                <shadowcolor>FF000000</shadowcolor>
                <font>font13</font>
                <align>left</align>
                <label>DialogExtendedProgressBar.xml</label>
                <visible>Window.IsVisible(DialogExtendedProgressBar.xml)</visible>
            </control>

            <control type="label">
                <width>780</width>
                <height>21</height>
                <textcolor>FFFF0000</textcolor>
                <shadowcolor>FF000000</shadowcolor>
                <font>font13</font>
                <align>left</align>
                <label>DialogFavourites.xml</label>
                <visible>Window.IsVisible(DialogFavourites.xml)</visible>
            </control>

            <control type="label">
                <width>780</width>
                <height>21</height>
                <textcolor>FFFF0000</textcolor>
                <shadowcolor>FF000000</shadowcolor>
                <font>font13</font>
                <align>left</align>
                <label>DialogFullScreenInfo.xml</label>
                <visible>Window.IsVisible(DialogFullScreenInfo.xml)</visible>
            </control>

            <control type="label">
                <width>780</width>
                <height>21</height>
                <textcolor>FFFF0000</textcolor>
                <shadowcolor>FF000000</shadowcolor>
                <font>font13</font>
                <align>left</align>
                <label>DialogKeybaord.xml</label>
                <visible>Window.IsVisible(DialogKeyboard.xml)</visible>
            </control>

            <control type="label">
                <width>780</width>
                <height>21</height>
                <textcolor>FFFF0000</textcolor>
                <shadowcolor>FF000000</shadowcolor>
                <font>font13</font>
                <align>left</align>
                <label>DialogMediaSource.xml</label>
                <visible>Window.IsVisible(DialogMediaSource.xml)</visible>
            </control>

            <control type="label">
                <width>780</width>
                <height>21</height>
                <textcolor>FFFF0000</textcolor>
                <shadowcolor>FF000000</shadowcolor>
                <font>font13</font>
                <align>left</align>
                <label>DialogNotification.xml</label>
                <visible>Window.IsVisible(DialogNotification.xml)</visible>
            </control>

            <control type="label">
                <width>780</width>
                <height>21</height>
                <textcolor>FFFF0000</textcolor>
                <shadowcolor>FF000000</shadowcolor>
                <font>font13</font>
                <align>left</align>
                <label>DialogNumeric.xml</label>
                <visible>Window.IsVisible(DialogNumeric.xml)</visible>
            </control>

            <control type="label">
                <width>780</width>
                <height>21</height>
                <textcolor>FFFF0000</textcolor>
                <shadowcolor>FF000000</shadowcolor>
                <font>font13</font>
                <align>left</align>
                <label>DialogOK.xml</label>
                <visible>Window.IsVisible(DialogOK.xml)</visible>
            </control>

            <control type="label">
                <width>780</width>
                <height>21</height>
                <textcolor>FFFF0000</textcolor>
                <shadowcolor>FF000000</shadowcolor>
                <font>font13</font>
                <align>left</align>
                <label>DialogGameControllers.xml</label>
                <visible>Window.IsVisible(DialogGameControllers.xml)</visible>
            </control>

             <control type="label">
                <width>780</width>
                <height>21</height>
                <textcolor>FFFF0000</textcolor>
                <shadowcolor>FF000000</shadowcolor>
                <font>font13</font>
                <align>left</align>
                <label>DialogPictureInfo.xml</label>
                <visible>Window.IsVisible(DialogPictureInfo.xml)</visible>
            </control>

            <control type="label">
                <width>780</width>
                <height>21</height>
                <textcolor>FFFF0000</textcolor>
                <shadowcolor>FF000000</shadowcolor>
                <font>font13</font>
                <align>left</align>
                <label>DialogPVRChannelGuide.xml</label>
                <visible>Window.IsVisible(DialogPVRChannelGuide.xml)</visible>
            </control>

            <control type="label">
                <width>780</width>
                <height>21</height>
                <textcolor>FFFF0000</textcolor>
                <shadowcolor>FF000000</shadowcolor>
                <font>font13</font>
                <align>left</align>
                <label>DialogPVRChannelManager.xml</label>
                <visible>Window.IsVisible(DialogPVRChannelManager.xml)</visible>
            </control>

            <control type="label">
                <width>780</width>
                <height>21</height>
                <textcolor>FFFF0000</textcolor>
                <shadowcolor>FF000000</shadowcolor>
                <font>font13</font>
                <align>left</align>
                <label>DialogPVRChannelsOSD.xml</label>
                <visible>Window.IsVisible(DialogPVRChannelsOSD.xml)</visible>
            </control>

            <control type="label">
                <width>780</width>
                <height>21</height>
                <textcolor>FFFF0000</textcolor>
                <shadowcolor>FF000000</shadowcolor>
                <font>font13</font>
                <align>left</align>
                <label>DialogPVRGroupManager.xml</label>
                <visible>Window.IsVisible(DialogPVRGroupManager.xml)</visible>
            </control>

            <control type="label">
                <width>780</width>
                <height>21</height>
                <textcolor>FFFF0000</textcolor>
                <shadowcolor>FF000000</shadowcolor>
                <font>font13</font>
                <align>left</align>
                <label>DialogPVRGuideControls.xml</label>
                <visible>Window.IsVisible(DialogPVRGuideControls.xml)</visible>
            </control>

            <control type="label">
                <width>780</width>
                <height>21</height>
                <textcolor>FFFF0000</textcolor>
                <shadowcolor>FF000000</shadowcolor>
                <font>font13</font>
                <align>left</align>
                <label>DialogPVRGuideSearch.xml</label>
                <visible>Window.IsVisible(DialogPVRGuideSearch.xml)</visible>
            </control>

            <control type="label">
                <width>780</width>
                <height>21</height>
                <textcolor>FFFF0000</textcolor>
                <shadowcolor>FF000000</shadowcolor>
                <font>font13</font>
                <align>left</align>
                <label>DialogPVRInfo.xml</label>
                <visible>Window.IsVisible(DialogPVRInfo.xml)</visible>
            </control>

            <control type="label">
                <width>780</width>
                <height>21</height>
                <textcolor>FFFF0000</textcolor>
                <shadowcolor>FF000000</shadowcolor>
                <font>font13</font>
                <align>left</align>
                <label>DialogSeekbar.xml</label>
                <visible>Window.IsVisible(DialogSeekbar.xml)</visible>
            </control>

            <control type="label">
                <width>780</width>
                <height>21</height>
                <textcolor>FFFF0000</textcolor>
                <shadowcolor>FF000000</shadowcolor>
                <font>font13</font>
                <align>left</align>
                <label>DialogSelect.xml</label>
                <visible>Window.IsVisible(DialogSelect.xml)</visible>
            </control>

            <control type="label">
                <width>780</width>
                <height>21</height>
                <textcolor>FFFF0000</textcolor>
                <shadowcolor>FF000000</shadowcolor>
                <font>font13</font>
                <align>left</align>
                <label>DialogSettings.xml</label>
                <visible>Window.IsVisible(DialogSettings.xml)</visible>
            </control>

            <control type="label">
                <width>780</width>
                <height>21</height>
                <textcolor>FFFF0000</textcolor>
                <shadowcolor>FF000000</shadowcolor>
                <font>font13</font>
                <align>left</align>
                <label>DialogSlider.xml</label>
                <visible>Window.IsVisible(DialogSlider.xml)</visible>
            </control>

            <control type="label">
                <width>780</width>
                <height>21</height>
                <textcolor>FFFF0000</textcolor>
                <shadowcolor>FF000000</shadowcolor>
                <font>font13</font>
                <align>left</align>
                <label>DialogSubtitles.xml</label>
                <visible>Window.IsVisible(DialogSubtitles.xml)</visible>
            </control>

            <control type="label">
                <width>780</width>
                <height>21</height>
                <textcolor>FFFF0000</textcolor>
                <shadowcolor>FF000000</shadowcolor>
                <font>font13</font>
                <align>left</align>
                <label>DialogTextViewer.xml</label>
                <visible>Window.IsVisible(DialogTextViewer.xml)</visible>
            </control>

            <control type="label">
                <width>780</width>
                <height>21</height>
                <textcolor>FFFF0000</textcolor>
                <shadowcolor>FF000000</shadowcolor>
                <font>font13</font>
                <align>left</align>
                <label>DialogVideoInfo.xml</label>
                <visible>Window.IsVisible(DialogVideoInfo.xml)</visible>
            </control>

            <control type="label">
                <width>780</width>
                <height>21</height>
                <textcolor>FFFF0000</textcolor>
                <shadowcolor>FF000000</shadowcolor>
                <font>font13</font>
                <align>left</align>
                <label>DialogVideoManager.xml</label>
                <visible>Window.IsVisible(DialogVideoManager.xml)</visible>
            </control>

            <control type="label">
                <width>780</width>
                <height>21</height>
                <textcolor>FFFF0000</textcolor>
                <shadowcolor>FF000000</shadowcolor>
                <font>font13</font>
                <align>left</align>
                <label>DialogVolumeBar.xml</label>
                <visible>Window.IsVisible(DialogVolumeBar.xml)</visible>
            </control>

s            <control type="label">
                <width>780</width>
                <height>21</height>
                <textcolor>FFFF0000</textcolor>
                <shadowcolor>FF000000</shadowcolor>
                <font>font13</font>
                <align>left</align>
                <label>FileBrowser.xml</label>
                <visible>Window.IsVisible(FileBrowser.xml)</visible>
            </control>

s            <control type="label">
                <width>780</width>
                <height>21</height>
                <textcolor>FFFF0000</textcolor>
                <shadowcolor>FF000000</shadowcolor>
                <font>font13</font>
                <align>left</align>
                <label>MusicOSD.xml</label>
                <visible>Window.IsVisible(MusicOSD.xml)</visible>
            </control>

s            <control type="label">
                <width>780</width>
                <height>21</height>
                <textcolor>FFFF0000</textcolor>
                <shadowcolor>FF000000</shadowcolor>
                <font>font13</font>
                <align>left</align>
                <label>MusicVisualisation.xml</label>
                <visible>Window.IsVisible(MusicVisualisation.xml)</visible>
            </control>

            <control type="label">
                <width>780</width>
                <height>21</height>
                <textcolor>FFFF0000</textcolor>
                <shadowcolor>FF000000</shadowcolor>
                <font>font13</font>
                <align>left</align>
                <label>PlayerControls.xml</label>
                <visible>Window.IsVisible(PlayerControls.xml)</visible>
            </control>

            <control type="label">
                <width>780</width>
                <height>21</height>
                <textcolor>FFFF0000</textcolor>
                <shadowcolor>FF000000</shadowcolor>
                <font>font13</font>
                <align>left</align>
                <label>ProfileSettings.xml</label>
                <visible>Window.IsVisible(ProfileSettings.xml)</visible>
            </control>

            <control type="label">
                <width>780</width>
                <height>21</height>
                <textcolor>FFFF0000</textcolor>
                <shadowcolor>FF000000</shadowcolor>
                <font>font13</font>
                <align>left</align>
                <label>SettingsScreenCalibration.xml</label>
                <visible>Window.IsVisible(SettingsScreenCalibration.xml)</visible>
            </control>

            <control type="label">
                <width>780</width>
                <height>21</height>
                <textcolor>FFFF0000</textcolor>
                <shadowcolor>FF000000</shadowcolor>
                <font>font13</font>
                <align>left</align>
                <label>SettingsSystemInfo.xml</label>
                <visible>Window.IsVisible(SettingsSystemInfo.xml)</visible>
            </control>

            <control type="label">
                <width>780</width>
                <height>21</height>
                <textcolor>FFFF0000</textcolor>
                <shadowcolor>FF000000</shadowcolor>
                <font>font13</font>
                <align>left</align>
                <label>SlideShow.xml</label>
                <visible>Window.IsVisible(SlideShow.xml)</visible>
            </control>

            <control type="label">
                <width>780</width>
                <height>21</height>
                <textcolor>FFFF0000</textcolor>
                <shadowcolor>FF000000</shadowcolor>
                <font>font13</font>
                <align>left</align>
                <label>SmartPlaylistEditor.xml</label>
                <visible>Window.IsVisible(SmartPlaylistEditor.xml)</visible>
            </control>

            <control type="label">
                <width>780</width>
                <height>21</height>
                <textcolor>FFFF0000</textcolor>
                <shadowcolor>FF000000</shadowcolor>
                <font>font13</font>
                <align>left</align>
                <label>SmartPlaylistRule.xml</label>
                <visible>Window.IsVisible(SmartPlaylistRule.xml)</visible>
            </control>

            <control type="label">
                <width>780</width>
                <height>21</height>
                <textcolor>FFFF0000</textcolor>
                <shadowcolor>FF000000</shadowcolor>
                <font>font13</font>
                <align>left</align>
                <label>VideoOSD.xml</label>
                <visible>Window.IsVisible(VideoOSD.xml)</visible>
            </control>

            <control type="label">
                <width>780</width>
                <height>21</height>
                <textcolor>FFFF0000</textcolor>
                <shadowcolor>FF000000</shadowcolor>
                <font>font13</font>
                <align>left</align>
                <label>VideoOSDBookmarks.xml</label>
                <visible>Window.IsVisible(VideoOSDBookmarks.xml)</visible>
            </control>

            <control type="label">
                <width>780</width>
                <height>21</height>
                <textcolor>FFFF0000</textcolor>
                <shadowcolor>FF000000</shadowcolor>
                <font>font13</font>
                <align>left</align>
                <label>DialogColorPicker.xml</label>
                <visible>Window.IsVisible(DialogColorPicker.xml)</visible>
            </control>

            <control type="label">
                <width>780</width>
                <height>21</height>
                <textcolor>FFFF0000</textcolor>
                <shadowcolor>FF000000</shadowcolor>
                <font>font13</font>
                <align>left</align>
                <label>script-globalsearch.xml</label>
                <visible>Window.IsVisible(script-globalsearch.xml)</visible>
            </control>
	
            <control type="label">
                <width>780</width>
                <height>21</height>
                <textcolor>FFFF0000</textcolor>
                <shadowcolor>FF000000</shadowcolor>
                <font>font13</font>
                <align>left</align>
                <label>script-skinshortcuts.xml</label>
                <visible>Window.IsVisible(script-skinshortcuts.xml)</visible>
            </control>

            <control type="label">
                <width>780</width>
                <height>21</height>
                <textcolor>FFFF0000</textcolor>
                <shadowcolor>FF000000</shadowcolor>
                <font>font13</font>
                <align>left</align>
                <label>Custom_1131_Reset_Textbox_Helper.xml</label>
                <visible>Window.IsVisible(Custom_1131_Reset_Textbox_Helper.xml)</visible>
            </control>

            <control type="label">
                <width>780</width>
                <height>21</height>
                <textcolor>FFFF0000</textcolor>
                <shadowcolor>FF000000</shadowcolor>
                <font>font13</font>
                <align>left</align>
                <label>Custom_1144_PlotOverlay_Helper.xml</label>
                <visible>Window.IsVisible(Custom_1144_PlotOverlay_Helper.xml)</visible>
            </control>

            <control type="label">
                <width>780</width>
                <height>21</height>
                <textcolor>FFFF0000</textcolor>
                <shadowcolor>FF000000</shadowcolor>
                <font>font13</font>
                <align>left</align>
                <label>Custom_1154_MusicFullscreen_Helper.xml</label>
                <visible>Window.IsVisible(Custom_1154_MusicFullscreen_Helper.xml)</visible>
            </control>

            <control type="label">
                <width>780</width>
                <height>21</height>
                <textcolor>FFFF0000</textcolor>
                <shadowcolor>FF000000</shadowcolor>
                <font>font13</font>
                <align>left</align>
                <label>Custom_1155_AutoClose_OSD_Info_Helper.xml</label>
                <visible>Window.IsVisible(Custom_1155_AutoClose_OSD_Info_Helper.xml)</visible>
            </control>

            <control type="label">
                <width>780</width>
                <height>21</height>
                <textcolor>FFFF0000</textcolor>
                <shadowcolor>FF000000</shadowcolor>
                <font>font13</font>
                <align>left</align>
                <label>Custom_1156_AutoClose_OSD_Helper.xml</label>
                <visible>Window.IsVisible(Custom_1156_AutoClose_OSD_Helper.xml)</visible>
            </control>

            <control type="label">
                <width>780</width>
                <height>21</height>
                <textcolor>FFFF0000</textcolor>
                <shadowcolor>FF000000</shadowcolor>
                <font>font13</font>
                <align>left</align>
                <label>Custom_1181_OSD_Info_Helper.xml</label>
                <visible>Window.IsVisible(Custom_1181_OSD_Info_Helper.xml)</visible>
            </control>

            <control type="label">
                <width>780</width>
                <height>21</height>
                <textcolor>FFFF0000</textcolor>
                <shadowcolor>FF000000</shadowcolor>
                <font>font13</font>
                <align>left</align>
                <label>Custom_1187_ArtistSlideshow_Helper.xml</label>
                <visible>Window.IsVisible(Custom_1187_ArtistSlideshow_Helper.xml)</visible>
            </control>

            <control type="label">
                <width>780</width>
                <height>21</height>
                <textcolor>FFFF0000</textcolor>
                <shadowcolor>FF000000</shadowcolor>
                <font>font13</font>
                <align>left</align>
                <label>Custom_1188_NowPlaying_Helper.xml</label>
                <visible>Window.IsVisible(Custom_1188_NowPlaying_Helper.xml)</visible>
            </control>

            <control type="label">
                <width>780</width>
                <height>21</height>
                <textcolor>FFFF0000</textcolor>
                <shadowcolor>FF000000</shadowcolor>
                <font>font13</font>
                <align>left</align>
                <label>Custom_1193_AutoTrailer_Stop_Helper.xml</label>
                <visible>Window.IsVisible(Custom_1193_AutoTrailer_Stop_Helper.xml)</visible>
            </control>

            <control type="label">
                <width>780</width>
                <height>21</height>
                <textcolor>FFFF0000</textcolor>
                <shadowcolor>FF000000</shadowcolor>
                <font>font13</font>
                <align>left</align>
                <label>Custom_1194_AutoTrailer_Background_Helper.xml</label>
                <visible>Window.IsVisible(Custom_1194_AutoTrailer_Background_Helper.xml)</visible>
            </control>

            <control type="label">
                <width>780</width>
                <height>21</height>
                <textcolor>FFFF0000</textcolor>
                <shadowcolor>FF000000</shadowcolor>
                <font>font13</font>
                <align>left</align>
                <label>Custom_1195_AutoTrailer_Start_Helper.xml</label>
                <visible>Window.IsVisible(Custom_1195_AutoTrailer_Start_Helper.xml)</visible>
            </control>
        </control>

        <control type="group">
            <visible>Skin.HasSetting(DebugInfo)</visible>

	        <!-- Control label -->
	        <control type="label">
	            <right>15</right>
	            <top>15</top>
	            <width>780</width>
	            <height>42</height>
	            <textcolor>FF0000FF</textcolor>
	            <shadowcolor>ff000000</shadowcolor>
	            <font>font13</font>
	            <align>right</align>
	            <label>$INFO[System.CurrentControl][CR][COLOR=FF00FF00]$INFO[System.CurrentWindow][/COLOR]</label>
	        </control>
	
	        <control type="label">
	            <right>15</right>
	            <posy>80</posy>
	            <height>42</height>
	            <textcolor>FF00FFFF</textcolor>
	            <font>font13</font>
	            <shadowcolor>ff000000</shadowcolor>
	            <align>right</align>
	            <label>$INFO[ListItem.FolderPath]</label>
	        </control>
	
	        <control type="group">
	            <left>0</left>
	            <bottom>60</bottom>
	            <height>300</height>
	            <control type="label">
	            	<height>300</height>
	                <right>15</right>
	                <top>0</top>
	                <textcolor>FFFF00FF</textcolor>
	                <font>font13</font>
	                <shadowcolor>ff000000</shadowcolor>
	                <align>right</align>
	                <label>$INFO[ListItem.Icon][COLOR=FFFFFF00]  II[/COLOR][CR]$INFO[ListItem.ActualIcon][COLOR=FFFFFF00]  IT[/COLOR][CR]$INFO[ListItem.Art(thumb)][COLOR=FFFFFF00]  AI[/COLOR][CR]$INFO[ListItem.Art(poster)][COLOR=FFFFFF00]  IP[/COLOR][CR]$INFO[ListItem.Art(fanart)][COLOR=FFFFFF00]  IF[/COLOR][CR]$INFO[ListItem.Art(tvshow.poster)][COLOR=FFFFFF00]  TP[/COLOR][CR]$INFO[ListItem.Art(tvshow.fanart)][COLOR=FFFFFF00]  TF[/COLOR][CR]$INFO[Window(Home).Property(TMDbHelper.ListItem.BlurImage)][COLOR=FFFFFF00]  BI[/COLOR][CR]$INFO[Window(Home).Property(TMDbHelper.Blur.SourceImage)][COLOR=FFFFFF00]  BS[/COLOR][CR]$INFO[Window(Home).Property(TMDbHelper.Blur.Fallback)][COLOR=FFFFFF00]  BF[/COLOR]</label>
	            </control>
	        </control>
	
	        <!-- Path label -->
	
	        <control type="label">
	            <posx>15r</posx>
	            <posy>130</posy>
	            <width>1620</width>
	            <height>500</height>
	            <textcolor>FFFFFF00</textcolor>
	            <shadowcolor>ff000000</shadowcolor>
	            <font>font13</font>
	            <align>right</align>
	            <aligny>top</aligny>
	            <label>[COLOR=FF00FF00]$INFO[System.CurrentControlID,ID  ]$INFO[Window(Home).Property(CG_50100_CurrentWidget),  CW  ][/COLOR]
	                $INFO[Container.Content(),[COLOR=FFFF00FF]CONTENT  [/COLOR],]$INFO[ListItem.DBType,[COLOR=FFFF00FF]  DBTYPE  [/COLOR],]$INFO[ListItem.Property(dbtype),[COLOR=FFFF00FF]  PROP_DBTYPE  [/COLOR],]$INFO[Container.SortMethod,[COLOR=FFFF00FF]  SORT  [/COLOR],]
	                $INFO[ListItem.Property(Container.Info),[COLOR=FFFF00FF]  C.INFO  [/COLOR],]$INFO[ListItem.Property(Container.Type),[COLOR=FFFF00FF]  C.TYPE  [/COLOR],]$INFO[ListItem.Property(Item.Info),[COLOR=FFFF00FF]  I.INFO  [/COLOR],]$INFO[ListItem.Property(Item.Type),[COLOR=FFFF00FF]  I.TYPE  [/COLOR],]
	                $INFO[Window(Home).Property(TMDbHelper.ListItem.Oscar_Wins),[COLOR=FFFF00FF]  OSCARS_W  [/COLOR],]$INFO[Window(Home).Property(TMDbHelper.ListItem.Oscar_Nominations),[COLOR=FFFF00FF]  OSCARS_N  [/COLOR],]$INFO[Window(Home).Property(TMDbHelper.ListItem.Award_Wins),[COLOR=FFFF00FF]  AWARDS_W  [/COLOR],]$INFO[Window(Home).Property(TMDbHelper.ListItem.Award_Nominations),[COLOR=FFFF00FF]  AWARDS_N  [/COLOR],]$INFO[ListItem.Rating,[COLOR=FFFF00FF]  RATING  [/COLOR],]$INFO[ListItem.UserRating,[COLOR=FFFF00FF]  USER RATING  [/COLOR],]$INFO[ListItem.Top250,[COLOR=FFFF00FF]  TOP250-DB  [/COLOR],]$INFO[Window(Home).Property(TMDbHelper.ListItem.Top250),[COLOR=FFFF00FF]  TOP250-SM  [/COLOR],]
	                 $INFO[ListItem.Duration,[COLOR=FFFF00FF]  DURATION  [/COLOR],]$INFO[ListItem.Property(air_time),[COLOR=FFFF00FF]  AIRTIME  [/COLOR],]$INFO[ListItem.Property(air_date),[COLOR=FFFF00FF]  AIRDATE  [/COLOR],]
	                 $INFO[Window(Home).Property(TMDbHelper.ListItem.Studio.1.TMDB_ID),[COLOR=FFFF00FF]  INFO  [/COLOR],]
	                 $INFO[Window(Home).Property(TMDbHelper.ListItem.Trailer),[COLOR=FFFF00FF]  SM.TRAILER  [/COLOR],]
	                $INFO[Window(Home).Property(TMDbHelper.IsUpdating),[COLOR=FFFF00FF]  SM.ISUPDATING  [/COLOR],]
	                $INFO[ListItem.VideoCodec,[COLOR=FFFF00FF]CODEC  [/COLOR],]$INFO[ListItem.VideoAspect,[COLOR=FFFF00FF]  ASPECT  [/COLOR],]$INFO[ListItem.VideoResolution,[COLOR=FFFF00FF]  RES  [/COLOR],]$INFO[ListItem.AudioCodec,[COLOR=FFFF00FF]  CODEC  [/COLOR],]$INFO[ListItem.AudioChannels,[COLOR=FFFF00FF]  CHANNELS  [/COLOR],]
	                $INFO[ListItem.Property(NumItems.TMDB.Movies.Cast),[COLOR=FFFF00FF]CASTINMOVIES  [/COLOR],]$INFO[ListItem.Property(NumItems.TMDB.Movies.Crew),[COLOR=FFFF00FF]  CREWINMOVIES  [/COLOR],]$INFO[ListItem.Property(NumItems.TMDB.Movies.Total),[COLOR=FFFF00FF]  TOTAL  [/COLOR],]
	                $INFO[ListItem.Property(NumItems.TMDB.TvShows.Cast),[COLOR=FFFF00FF]CASTINSHOWS  [/COLOR],]$INFO[ListItem.Property(NumItems.TMDB.TvShows.Crew),[COLOR=FFFF00FF]  CREWINSHOWS  [/COLOR],]$INFO[ListItem.Property(NumItems.TMDB.TvShows.Total),[COLOR=FFFF00FF]  TOTAL  [/COLOR],]
	                $INFO[ListItem.Label,[COLOR=FFFF00FF]  LABEL  [/COLOR],]
	                $INFO[ListItem.TITLE,[COLOR=FFFF00FF]  TITLE  [/COLOR],]
	                $INFO[Skin.String(Testing),[COLOR=FFFF00FF]  SS-TEST  [/COLOR],]
	                $INFO[ListItem.DBID,[COLOR=FFFF00FF]DBID  [/COLOR],]$INFO[ListItem.IMDBNumber,[COLOR=FFFF00FF]  IMDBNUMBER  [/COLOR],]$INFO[ListItem.Property(tmdb_id),[COLOR=FFFF00FF]  TMDB  [/COLOR],]$INFO[ListItem.Property(tvshow.tmdb_id),[COLOR=FFFF00FF]  TMDB TV  [/COLOR],]$INFO[ListItem.Property(tvdb_id),[COLOR=FFFF00FF]  TVDB  [/COLOR],]$INFO[ListItem.Property(tvshow.tvdb_id),[COLOR=FFFF00FF]  TVDB TV  [/COLOR],]$INFO[ListItem.Property(imdb_id),[COLOR=FFFF00FF]  IMDB  [/COLOR],]$INFO[ListItem.Property(tvshow.imdb_id),[COLOR=FFFF00FF]  IMDB TV  [/COLOR],]
	                $INFO[Container.NumItems,[COLOR=FFFF00FF]NUM ITEMS:  [/COLOR],]$INFO[Container.Property(NumItems.DBID),  [COLOR=FFFF00FF]KODI:  [/COLOR],]$INFO[Container.Property(NumItems.TMDB),[COLOR=FFFF00FF]  TMDB:  [/COLOR],]
	                $INFO[ListItem.Season,[COLOR=FFFF00FF]SEASON  [/COLOR],]$INFO[ListItem.Episode,[COLOR=FFFF00FF]  EPISODE  [/COLOR],]
	                $INFO[ListItem.Property(UnWatchedEpisodes),[COLOR=FFFF00FF]U  [/COLOR],]$INFO[ListItem.Property(WatchedEpisodes),  [COLOR=FFFF00FF]W  [/COLOR],]$INFO[ListItem.PlayCount,  [COLOR=FFFF00FF]P  [/COLOR],]$INFO[ListItem.LastPlayed,   [COLOR=FFFF00FF]LP  [/COLOR],]$INFO[ListItem.Overlay,  [COLOR=FFFF00FF]O  [/COLOR],]$INFO[ListItem.AddonName,[COLOR=FFFF00FF]ADDON  [/COLOR],]
	                $INFO[Container.PluginName,[COLOR=FFFF00FF]PLUGIN  [/COLOR],]$INFO[Container.PluginCategory,  [COLOR=FFFF00FF]NAME  [/COLOR],]
	            </label>
	        </control>
	
	        <control type="label">
	            <left>15</left>
	            <bottom>80</bottom>
	            <right>15</right>
	            <height>160</height>
	            <textcolor>FF00FFFF</textcolor>
	            <scroll>true</scroll>
	            <font>font13</font>
	            <shadowcolor>ff000000</shadowcolor>
	            <align>left</align>
	            <aligny>center</aligny>
	            <label>$INFO[Window(Home).Property(TMDbHelper.Path.Current)][CR]$INFO[Window(Home).Property(TMDBHelper.WidgetContainer),Widget Container: , ]$INFO[Window(Home).Property(TMDbHelper.Position),Position: ]$INFO[Window(Home).Property(TMDbHelper.Locked),  Locked: ]</label>
	        </control>
	
	        <control type="label">
	            <left>15</left>
	            <bottom>0</bottom>
	            <right>15</right>
	            <height>80</height>
	            <textcolor>FFFF0000</textcolor>
	            <scroll>true</scroll>
	            <font>font13</font>
	            <shadowcolor>ff000000</shadowcolor>
	            <align>left</align>
	            <aligny>center</aligny>
	            <label>[COLOR=FF00FF00]$INFO[Container.FolderName,, - ][/COLOR]$INFO[Container.FolderPath]</label>
	        </control>
        </control>
    </controls>
</window>