<?xml version="1.0" encoding="UTF-8"?>
<!-- Foundation -->
<window id="2000">
    <defaultcontrol always="true">3</defaultcontrol>
    <onunload>ClearProperty(SetUserRating,home)</onunload>
    <onload>ClearProperty(down)</onload>
    <onunload>ClearProperty(down)</onunload>    
    <onload condition="!String.IsEmpty(Window(home).Property(SetUserRating))">SetFocus(21)</onload>
    
    <controls>
        <include condition="![Window.IsActive(selectvideoversion) | Window.IsActive(selectvideoextra) | Window.IsActive(gamesaves) | Window.IsActive(gamestretchmode) | Window.IsActive(gamevideofilter) | Window.IsActive(gamevideorotation) | Window.IsActive(ingamesaves)] + !String.IsEmpty(Window(home).Property(SetUserRating))">DialogSelectUserRating</include>
		<include condition="![Window.IsActive(selectvideoversion) | Window.IsActive(selectvideoextra) | Window.IsActive(gamesaves) | Window.IsActive(gamestretchmode) | Window.IsActive(gamevideofilter) | Window.IsActive(gamevideorotation) | Window.IsActive(ingamesaves)] + String.IsEmpty(Window(home).Property(SetUserRating))">DialogSelect</include>
        <include condition="Window.IsActive(gamestretchmode) | Window.IsActive(gamevideofilter) | Window.IsActive(gamevideorotation) | Window.IsActive(ingamesaves)">DialogSelectGame</include>
        <include condition="Window.IsActive(gamesaves)">DialogSelectGameSaves</include>
		<include condition="Window.IsActive(selectvideoversion)">DialogSelectVideoVersion</include>
		<include condition="Window.IsActive(selectvideoextra)">DialogSelectVideoVersion</include>
    </controls>
</window>