<?xml version="1.0" encoding="UTF-8"?>

<window>
	<defaultcontrol>200</defaultcontrol>
	<controls>
		<control type="group">
			<include>Animation.SlideUp</include>
			<include>Animation.FadeOut</include>
			<left>SidePad</left>
            <centerbottom>NavBarPad</centerbottom>
            <include content="def_right" condition="Skin.HasSetting(furniture.clock)">
                <param name="right" value="SidePad" />
            </include>
            <include content="def_right" condition="!Skin.HasSetting(furniture.clock)">
                <param name="right" value="440" />
            </include>
            <height>120</height>

			<control type="grouplist">
				<top>10</top>
				<bottom>0</bottom>
				<left>0</left>
				<right>0</right>
	            <include content="def_align" condition="!Skin.HasSetting(furniture.clock)">
	                <param name="align" value="left" />
	            </include>
				<align>center</align>
				<itemgap>80</itemgap>					
				<orientation>horizontal</orientation>
				<usecontrolcoords>true</usecontrolcoords>
				<control type="group">
					<top>0</top>
                    <bottom>0</bottom>
					<width>428</width>
					<control type="label">
						<top>56</top>
						<align>center</align>
						<height>32</height>
						<font>Tiny</font>
     			        <textcolor>Dark3</textcolor>
     					<label>$LOCALIZE[19325]</label>
					</control>
					<control type="grouplist" id="200">
						<height>48</height>
						<align>center</align>
						<orientation>horizontal</orientation>
						<itemgap>16</itemgap>
						<onleft>802</onleft>			
						<onright>700</onright>			
				        <control type="button" id="600">
							<include content="PVRGuideControlButton">
								<param name="texture" value="osd/next.png" />
							</include>
   							<animation effect="rotate" start="0" end="180" center="auto" condition="true">Conditional</animation>
							<onclick>PVR.EpgGridControl(FirstProgramme)</onclick>
				        </control>
				        <control type="button" id="601">
							<include content="PVRGuideControlButton">
								<param name="texture" value="osd/ff.png" />
							</include>
   							<animation effect="rotate" start="0" end="180" center="auto" condition="true">Conditional</animation>
							<onclick>PVR.EpgGridControl(-12)</onclick>
				        </control>
				        <control type="button" id="602">
							<include content="PVRGuideControlButton">
								<param name="texture" value="osd/play.png" />
							</include>
   							<animation effect="rotate" start="0" end="-90" center="auto" condition="true">Conditional</animation>
							<onclick>PVR.EpgGridControl(CurrentProgramme)</onclick>
				        </control>
				        <control type="button" id="603">
							<include content="PVRGuideControlButton">
								<param name="texture" value="osd/ff.png" />
							</include>
							<onclick>PVR.EpgGridControl(+12)</onclick>
				        </control>
				        <control type="button" id="604">
							<include content="PVRGuideControlButton">
								<param name="texture" value="osd/next.png" />
							</include>
							<onclick>PVR.EpgGridControl(LastProgramme)</onclick>
				        </control>
				        <control type="button" id="605">
							<include content="PVRGuideControlButton">
								<param name="texture" value="osd/calendar.png" />
							</include>
							<onclick>PVR.EpgGridControl(SelectDate)</onclick>
				        </control>
					</control>
				</control>
				<control type="group">
					<top>0</top>
                    <bottom>0</bottom>
					<width>236</width>
					<control type="label">
						<top>56</top>
						<align>center</align>
						<height>32</height>
						<font>Tiny</font>
     			        <textcolor>Dark3</textcolor>
						<label>$LOCALIZE[19148]</label>
					</control>
					<control type="grouplist" id="201">
						<height>48</height>
						<align>center</align>
						<orientation>horizontal</orientation>
						<itemgap>16</itemgap>
						<onleft>605</onleft>			
						<onright>800</onright>													
				        <control type="button" id="700">
							<include content="PVRGuideControlButton">
								<param name="texture" value="osd/next.png" />
							</include>
   							<animation effect="rotate" start="0" end="180" center="auto" condition="true">Conditional</animation>
							<onclick>PVR.EpgGridControl(FirstChannel)</onclick>
				        </control>
				        <control type="button" id="701">
							<include content="PVRGuideControlButton">
								<param name="texture" value="osd/play.png" />
							</include>
							<animation effect="rotate" start="0" end="-90" center="auto" condition="true">Conditional</animation>
							<onclick>PVR.EpgGridControl(PlayingChannel)</onclick>
							<visible>PVR.IsPlayingTV | PVR.IsPlayingRadio | PVR.IsPlayingEpgTag</visible>
				        </control>
				        <control type="button" id="702">
							<include content="PVRGuideControlButton">
								<param name="texture" value="osd/next.png" />
							</include>
							<onclick>PVR.EpgGridControl(LastChannel)</onclick>
				        </control>
					</control>
				</control>
				<control type="group">
					<width>236</width>
					<control type="label">
						<top>56</top>
						<align>center</align>
						<height>32</height>
						<font>Tiny</font>
     			        <textcolor>Dark3</textcolor>
						<label>$LOCALIZE[19141]</label>
					</control>
					<control type="grouplist" id="202">
						<height>48</height>
						<align>center</align>
						<orientation>horizontal</orientation>
						<itemgap>16</itemgap>				
						<onleft>702</onleft>			
						<onright>600</onright>													
				        <control type="button" id="800">
							<include content="PVRGuideControlButton">
								<param name="texture" value="osd/play.png" />
							</include>
   							<animation effect="rotate" start="0" end="180" center="auto" condition="true">Conditional</animation>
							<onclick>PVR.EpgGridControl(PreviousGroup)</onclick>
				        </control>
				        <control type="button" id="801">
							<include content="PVRGuideControlButton">
								<param name="texture" value="osd/play.png" />
							</include>
							<onclick>PVR.EpgGridControl(NextGroup)</onclick>
				        </control>
				        <control type="button" id="802">
							<include content="PVRGuideControlButton">
								<param name="texture" value="osd/timeline.png" />
							</include>
							<onclick>PVR.EpgGridControl(SelectGroup)</onclick>
				        </control>
					</control>
				</control>
			</control>
		</control>
	</controls>
</window>