<?xml version="1.0" encoding="UTF-8"?>
<!-- Foundation -->
<window id="129">
    <defaultcontrol always="true">10</defaultcontrol>
    <controls>
        <include>GlobalOverlay</include>
        <control type="group">
            <include>DefDialogBackground</include>
            <control type="label" id="2">
                <include>DefDialogHeader</include>
                <label>1026</label>
            </control>
            <control type="image">
                <posx>704</posx>
                <top>115</top>
                <height>483</height>
                <width>1</width>
                <texture colordiffuse="Black12">common/white.png</texture>
            </control>
            <include content="Kodi_Logo">
                <param name="dimensions" value="40"/>
                <param name="top" value="40"/>
                <param name="left" value="40"/>
            </include>

            <!-- Lines -->
            <control type="image">
                <top>95</top>
                <left>40</left>
                <width>1000</width>
                <height>1</height>
                <bottom>10</bottom>
                <colordiffuse>Black12</colordiffuse>
                <texture>common/white.png</texture>
            </control>
            <control type="list" id="10">
                <posx>8</posx>
                <posy>115</posy>
                <width>696</width>
                <height>483</height>
                <onup>19</onup>
                <onleft>9000</onleft>
                <onright>9000</onright>
                <ondown>12</ondown>
                <itemlayout height="69" width="1064">
                    <control type="label">
                        <left>30</left>
                        <right>30</right>
                        <font>SmallBold</font>
                        <textcolor>Black70</textcolor>
                        <height>66</height>
                        <aligny>center</aligny>
                        <info>ListItem.Label</info>
                    </control>
                    <control type="label">
                        <left>30</left>
                        <right>30</right>
                        <textcolor>Black70</textcolor>
                        <align>right</align>
                        <height>66</height>
                        <aligny>center</aligny>
                        <info>ListItem.Label2</info>
                    </control>
                </itemlayout>
                <focusedlayout height="69" width="1064">
                    <control type="image">
                        <left>0</left>
                        <right>0</right>
                        <height>66</height>
                        <texture border="5" colordiffuse="$VAR[ColorHighlight]">common/white.png</texture>
                        <animation effect="fade" start="100" end="33" condition="!Control.HasFocus(10)">Conditional</animation>
                    </control>
                    <control type="image">
                        <left>0</left>
                        <right>0</right>
                        <height>66</height>
                        <texture border="8" colordiffuse="$VAR[ColorGradient]">common/gradient-box-wide.png</texture>
                        <animation effect="fade" start="100" end="33" condition="!Control.HasFocus(10)">Conditional</animation>
                    </control>
                    <control type="label">
                        <left>30</left>
                        <right>30</right>
                        <height>66</height>
                        <font>SmallBold</font>
                        <aligny>center</aligny>
                        <textcolor>Selected</textcolor>
                        <info>ListItem.Label</info>
                    </control>
                    <control type="label">
                        <left>30</left>
                        <right>30</right>
                        <align>right</align>
                        <height>66</height>
                        <aligny>center</aligny>
                        <textcolor>Selected</textcolor>
                        <info>ListItem.Label2</info>
                    </control>
                </focusedlayout>
            </control>
            <control type="grouplist" id="9000">
                <posx>738</posx>
                <posy>115</posy>
                <itemgap>DialogButtonsItemgap</itemgap>
                <orientation>vertical</orientation>
                <onleft>10</onleft>
                <onright>10</onright>
                <ondown>12</ondown>
                <control type="button" id="11">
                    <description>Browse</description>
                    <include>DefDialogButtons</include>
                    <label>1024</label>
                </control>
                <control type="button" id="13">
                    <description>Add</description>
                    <include>DefDialogButtons</include>
                    <label>15019</label>
                </control>
                <control type="button" id="14">
                    <description>remove</description>
                    <include>DefDialogButtons</include>
                    <label>1210</label>
                </control>
            </control>
            <control type="label" id="0">
                <description>Name Label</description>
                <posx>38</posx>
                <posy>610</posy>
                <width>990</width>
                <label>1022</label>
            </control>
            <control type="edit" id="12">
                <description>Name</description>
                <left>38</left>
                <posy>672</posy>
                <label />
                <width>1004</width>
                <align>left</align>
                <textoffsetx>30</textoffsetx>
                <onup>10</onup>
                <onleft>12</onleft>
                <onright>9001</onright>
                <ondown>9001</ondown>
                <texturenofocus colordiffuse="Black12" border="5">common/box.png</texturenofocus>
                <include>DefDialogButtons</include>
            </control>
            <control type="image">
                <left>38</left>
                <posy>672</posy>
                <width>1004</width>
                <align>left</align>
                <height>66</height>
                <texture border="5" colordiffuse="$VAR[ColorGradient]">common/gradient-box-wide.png</texture>
                <visible>Control.HasFocus(12)</visible>
            </control>
            <control type="grouplist" id="9001">
                <posy>780</posy>
                <itemgap>60</itemgap>
                <orientation>horizontal</orientation>
                <onleft>10</onleft>
                <onright>9001</onright>
                <onup>12</onup>
                <left>210</left>
                <control type="button" id="18">
                    <description>Ok</description>
                    <label>186</label>
                    <texturefocus colordiffuse="$VAR[ColorHighlight]" border="5">common/box.png</texturefocus>
                    <texturenofocus colordiffuse="Black12" border="5">common/box.png</texturenofocus>
                    <include>DefDialogButtons</include>
                </control>
                <control type="button" id="19">
                    <description>Cancel</description>
                    <label>222</label>
                    <texturefocus colordiffuse="$VAR[ColorHighlight]" border="5">common/box.png</texturefocus>
                    <texturenofocus colordiffuse="Black12" border="5">common/box.png</texturenofocus>
                    <include>DefDialogButtons</include>
                </control>
            </control>
        </control>
    </controls>
</window>
