<?xml version="1.0" encoding="UTF-8"?>
<!-- Foundation -->
<window id="2003">
    <defaultcontrol always="true">9000</defaultcontrol>
    <onload condition="Control.IsVisible(11006)">SetFocus(11006)</onload>
    <onload condition="Control.IsVisible(11005)">SetFocus(11005)</onload>
    <onload condition="Control.IsVisible(11004)">SetFocus(11004)</onload>
    <onload condition="Control.IsVisible(11003)">SetFocus(11003)</onload>
    <onload condition="Control.IsVisible(11002)">SetFocus(11002)</onload>
    <onload condition="Control.IsVisible(11001)">SetFocus(11001)</onload>
    <onload condition="Control.IsVisible(10003)">SetFocus(10003)</onload>
    <onload condition="Control.IsVisible(10002)">SetFocus(10002)</onload>
    <onload condition="Control.IsVisible(10001)">SetFocus(10001)</onload>
    <onload condition="Control.IsVisible(8)">SetFocus(8)</onload>
    <onload>Control.Move(50,$INFO[Container(50).CurrentItem,-])</onload>
    <onload>Control.Move(50,1)</onload>
    <onload>Control.Move(52,$INFO[Container(52).CurrentItem,-])</onload>
    <onload>Control.Move(52,1)</onload>
    <onload>Control.Move(53,$INFO[Container(53).CurrentItem,-])</onload>
    <onload>Control.Move(53,1)</onload>
    <onload>Control.Move(54,$INFO[Container(54).CurrentItem,-])</onload>
    <onload>Control.Move(54,1)</onload>
    <onload>Control.Move(55,$INFO[Container(55).CurrentItem,-])</onload>
    <onload>Control.Move(55,1)</onload>
    <onload>Control.Move(56,$INFO[Container(56).CurrentItem,-])</onload>
    <onload>Control.Move(56,1)</onload>
    <onload>Control.Move(57,$INFO[Container(57).CurrentItem,-])</onload>
    <onload>Control.Move(57,1)</onload>
    <onload>Control.Move(60,$INFO[Container(60).CurrentItem,-])</onload>
    <onload>Control.Move(60,1)</onload>
    <onload>Control.Move(62,$INFO[Container(62).CurrentItem,-])</onload>
    <onload>Control.Move(62,1)</onload>
    <onload>Control.Move(70,$INFO[Container(70).CurrentItem,-])</onload>
    <onload>Control.Move(70,1)</onload>
    <onload>Control.Move(71,$INFO[Container(71).CurrentItem,-])</onload>
    <onload>Control.Move(71,1)</onload>
    <onload>Control.Move(72,$INFO[Container(72).CurrentItem,-])</onload>
    <onload>Control.Move(72,1)</onload>
    <onload>Control.Move(73,$INFO[Container(73).CurrentItem,-])</onload>
    <onload>Control.Move(73,1)</onload>
    <zorder>0</zorder>
    <onload>ClearProperty(videodirector)</onload>
    <onload>ClearProperty(videocrew)</onload>
    <onload>ClearProperty(videoset)</onload>
    <onload>ClearProperty(videosimilar)</onload>
    <onload>ClearProperty(videostudio)</onload>
    <onload>ClearProperty(videoyoutube)</onload>
    <onload>ClearProperty(videoseasons)</onload>
    <onload>ClearProperty(actormovies)</onload>
    <onload>ClearProperty(actortvshows)</onload>
    <onload>ClearProperty(moviecontent)</onload>
    <onload>ClearProperty(actinfo)</onload>
    <onload>ClearProperty(ShowDisc)</onload>
    <onunload>ClearProperty(SetUserRating,home)</onunload>
    <onunload>ClearProperty(dontslide,home)</onunload>
    <onunload>ClearProperty(ShowDisc)</onunload>
    <onunload condition="!String.IsEmpty(Window(home).Property(shownowplayinginfo))">SetFocus(4000)</onunload>
    <onunload condition="!String.IsEmpty(Window(home).Property(shownowplayinginfo))">ClearProperty(shownowplayinginfo,home)</onunload>
    <onload>ClearProperty(content)</onload>
    <onload>ClearProperty(down)</onload>
    <onload condition="Skin.HasSetting(home.netflix.autoplay.trailer) + Skin.HasSetting(trailer.stop.on.dialogvideoinfo) + $EXP[TrailerIsPlaying] + Player.Playing">Stop</onload>
    <onload condition="Skin.HasSetting(home.netflix.autoplay.trailer) + Skin.HasSetting(trailer.pause.on.dialogvideoinfo) + $EXP[TrailerIsPlaying] + Player.Playing">Pause</onload>
    <onunload condition="Skin.HasSetting(home.netflix.autoplay.trailer) + Skin.HasSetting(trailer.pause.on.dialogvideoinfo) + $EXP[TrailerIsPlaying] + Player.Paused">Pause</onunload>
	<onload condition="!$EXP[IsPersonInfo]">SetProperty(infodialog,video,home)</onload>
	<onload condition="$EXP[IsPersonInfo]">SetProperty(infodialog,person,home)</onload>
	<onunload>ClearProperty(infodialog,home)</onunload>
    <controls>
        <include condition="!$EXP[IsPersonInfo]">DialogVideoInfoWIP</include>
        <include condition="$EXP[IsPersonInfo]">DialogPersonInfo</include>
    </controls>
</window>
