<?xml version="1.0" encoding="UTF-8"?>
<!-- Foundation -->
<window id="115">
    <defaultcontrol always="true">901</defaultcontrol>
    <visible>Window.IsActive(fullscreenvideo) + !Window.IsActive(script.pseudotv.TVOverlay.xml) + !Window.IsActive(script.pseudotv.live.TVOverlay.xml)</visible>
    <allowoverlay>no</allowoverlay>
    <visible>[[VideoPlayer.IsFullscreen] + [Window.IsVisible(videoosd) | Window.IsVisible(fullscreeninfo) | Player.Seeking | Player.HasPerformedSeek(3) | Player.Paused | !String.IsEmpty(Player.SeekNumeric) | !String.IsEmpty(PVR.ChannelNumberInput) | Player.Forwarding | Player.Rewinding | Player.ShowInfo | !String.IsEmpty(Window(home).Property(osdshowinfo))]] | !String.IsEmpty(Window(home).Property(osdinfo))</visible>
    <zorder>0</zorder>

    <onload condition="Player.Paused + !String.IsEmpty(Window(Home).Property(OSDExtendedInfo))">PlayerControl(Play)</onload>
    <onload condition="Player.Paused + !String.IsEmpty(Window(Home).Property(OSDExtendedInfo))">ClearProperty(OSDExtendedInfo,Home)</onload>

    <controls>
        <control type="group">
            <animation effect="fade" start="100" end="0" time="250" condition="Window.IsVisible(DialogSlider.xml)">Conditional</animation>
            <include condition="Skin.HasSetting(osd.usetheme) + !Skin.HasSetting(videoosd.side)">Seekbar1</include>
            <include condition="!Skin.HasSetting(osd.usetheme) + !Skin.HasSetting(videoosd.side)">Seekbar2</include>
            <include condition="Skin.HasSetting(videoosd.side)">Seekbar3</include>
        </control>
        <include>ChannelNumberInput</include>

        <!-- Clock -->
        <include>Furniture_OSDClock</include>
    </controls>
</window>