<?xml version="1.0" encoding="UTF-8"?>
<window id="605">
    <defaultcontrol always="true">20</defaultcontrol>
    <onunload>ClearProperty(Focus)</onunload>
    <controls>
        <include>GlobalOverlay</include>
        <control type="group">
            <centertop>50%</centertop>
            <width>1260</width>
            <height>1006</height>
            <include>Animation.FadeIn.Slide</include>
            <include>Animation.FadeOut</include>
            <centerleft>50%</centerleft>
            <posy>120</posy>
            <width>1320</width>
            <height>840</height>
            <control type="image">
                <left>-9</left>
                <right>-9</right>
                <top>-24</top>
                <bottom>-24</bottom>
                <bordertexture border="32">common/shadow-24.png</bordertexture>
                <bordersize>24</bordersize>
                <texture colordiffuse="White100" border="16">common/box.png</texture>
            </control>
            <control type="label">
                <description>Header Label</description>
                <left>100</left>
                <width>1000</width>
                <posy>20</posy>
                <include>FontTop</include>
                <textcolor>Black70</textcolor>
                <label>$LOCALIZE[19142]</label>
            </control>
            <include content="Kodi_Logo">
                <param name="dimensions" value="40"/>
                <param name="top" value="35"/>
                <param name="left" value="45"/>
            </include>

            <!-- Lines -->
            <control type="image">
                <top>90</top>
                <left>45</left>
                <width>1010</width>
                <height>1</height>
                <bottom>10</bottom>
                <colordiffuse>Black12</colordiffuse>
                <texture>common/white.png</texture>
            </control>
            <control type="group" id="8000">
                <posx>15</posx>
                <posy>110</posy>
                <width>1230</width>
                <control type="edit" id="9">
                    <description>Search</description>
                    <width>100%</width>
                    <height>66</height>
                    <align>left</align>
                    <ondown>8001</ondown>
                    <texturefocus colordiffuse="$VAR[ColorHighlight]" border="5">common/box.png</texturefocus>
                    <texturenofocus colordiffuse="Black12" border="5">common/box.png</texturenofocus>
                    <label>19133</label>
                    <textcolor>Black70</textcolor>
                </control>
                <control type="textbox">
                    <description>Search help</description>
                    <top>80</top>
                    <left>30</left>
                    <right>30</right>
                    <height>74</height>
                    <align>justify</align>
                    <label>$LOCALIZE[19001] $LOCALIZE[19002]</label>
                    <font>Tiny</font>
                </control>
                <control type="grouplist" id="8001">
                    <left>0</left>
                    <posy>190</posy>
                    <width>600</width>
                    <height>590</height>
                    <onup>9</onup>
                    <onleft>8003</onleft>
                    <onright>8002</onright>
                    <ondown>8003</ondown>
                    <orientation>vertical</orientation>
                    <itemgap>3</itemgap>
                    <usecontrolcoords>true</usecontrolcoords>
                    <control type="radiobutton" id="10" description="Include Description">
                        <include>DefPVRDialogButton</include>
                        <label>19134</label>
                    </control>
                    <control type="radiobutton" id="11" description="Casesensitive">
                        <include>DefPVRDialogButton</include>
                        <label>19135</label>
                    </control>
                    <control type="edit" id="14" description="Start Date">
                        <include>DefPVRDialogButton</include>
                        <label>19128</label>
                    </control>
                    <control type="edit" id="15" description="Stop Date">
                        <include>DefPVRDialogButton</include>
                        <label>19129</label>
                    </control>
                    <control type="spincontrolex" id="18" description="Genre">
                        <include>DefPVRDialogButton</include>
                        <label>515</label>
                    </control>
                    <control type="radiobutton" id="20" description="unknowngenre">
                        <include>DefPVRDialogButton</include>
                        <label>19132</label>
                    </control>
                    <control type="radiobutton" id="22" description="ftaonly">
                        <include>DefPVRDialogButton</include>
                        <label>19123</label>
                    </control>
                    <control type="radiobutton" id="24" description="ignoretimers">
                        <include>DefPVRDialogButton</include>
                        <label>19124</label>
                    </control>
                </control>
                <control type="grouplist" id="8002">
                    <right>0</right>
                    <posy>190</posy>
                    <width>600</width>
                    <height>590</height>
                    <onup>9</onup>
                    <onleft>8001</onleft>
                    <onright>8003</onright>
                    <ondown>8003</ondown>
                    <orientation>vertical</orientation>
                    <itemgap>3</itemgap>
                    <usecontrolcoords>true</usecontrolcoords>
                    <control type="spincontrolex" id="12" description="minduration">
                        <include>DefPVRDialogButton</include>
                        <label>19130</label>
                    </control>
                    <control type="spincontrolex" id="13" description="maxdur">
                        <include>DefPVRDialogButton</include>
                        <label>19131</label>
                    </control>
                    <control type="edit" id="16" description="Start Time">
                        <include>DefPVRDialogButton</include>
                        <label>19126</label>
                    </control>
                    <control type="edit" id="17" description="Stop Time">
                        <include>DefPVRDialogButton</include>
                        <label>19127</label>
                    </control>
                    <control type="radiobutton" id="19" description="avoidrepeats">
                        <include>DefPVRDialogButton</include>
                        <label>19121</label>
                    </control>
                    <control type="spincontrolex" id="21" description="groups">
                        <include>DefPVRDialogButton</include>
                        <label>19141</label>
                    </control>
                    <control type="spincontrolex" id="23" description="channels">
                        <include>DefPVRDialogButton</include>
                        <label>19148</label>
                    </control>
                    <control type="radiobutton" id="27" description="ignrec">
                        <include>DefPVRDialogButton</include>
                        <label>19125</label>
                    </control>
                </control>
            </control>
            <control type="grouplist" id="8003">
                <centerleft>50%</centerleft>
                <bottom>30</bottom>
                <width>100%</width>
                <height>70</height>
                <align>center</align>
                <itemgap>30</itemgap>
                <orientation>horizontal</orientation>
                <onleft>8001</onleft>
                <onright>8002</onright>
                <onup>8001</onup>
                <control type="button" id="26">
                    <description>Search</description>
                    <label>137</label>
                    <texturefocus colordiffuse="$VAR[ColorHighlight]" border="5">common/box.png</texturefocus>
                    <texturenofocus colordiffuse="Black12" border="5">common/box.png</texturenofocus>
                    <include>DefDialogButtons</include>
                </control>
                <control type="button" id="25">
                    <description>Cancel</description>
                    <label>$LOCALIZE[222]</label>
                    <texturefocus colordiffuse="$VAR[ColorHighlight]" border="5">common/box.png</texturefocus>
                    <texturenofocus colordiffuse="Black12" border="5">common/box.png</texturenofocus>
                    <include>DefDialogButtons</include>
                </control>
                <control type="button" id="28">
                    <description>Defaults</description>
                    <label>$LOCALIZE[409]</label>
                    <texturefocus colordiffuse="$VAR[ColorHighlight]" border="5">common/box.png</texturefocus>
                    <texturenofocus colordiffuse="Black12" border="5">common/box.png</texturenofocus>
                    <include>DefDialogButtons</include>
                </control>
            </control>
        </control>
    </controls>
</window>
