<?xml version="1.0" encoding="UTF-8"?>
<!-- Foundation -->
<window id="146">
    <menucontrol>9000</menucontrol>
    <defaultcontrol always="true">9000</defaultcontrol>
    <onload>AlarmClock(refocus,SetFocus(9000),00:00,silent)</onload>
    <controls>
        <include>DialogAddonInfoWIP</include>
        <include content="DialogInfoOverlay">
            <param name="headerinfo" value="$INFO[ListItem.Label]" />
            <param name="plotinfo" value="$INFO[ListItem.AddonSummary,[B],[/B][CR][CR]]$INFO[ListItem.AddonDescription,,[CR][CR]]$INFO[ListItem.AddonNews]" />
        </include>
    </controls>
</window>
