<?xml version="1.0" encoding="UTF-8"?>
<!-- Foundation -->
<window id="109">
    <defaultcontrol always="true">21</defaultcontrol>
    <zorder>10</zorder>
    <coordinates>
        <origin x="750" y="270"/>
    </coordinates>
    <controls>
        <control type="group">
            <include>Animation.FadeIn</include>
            <include>Animation.FadeOut</include>
            <control type="image">
                <posx>-750</posx>
                <posy>-270</posy>
                <width>1920</width>
                <height>1080</height>
	            <texture border="2">common/black-back.png</texture>
            </control>
            <control type="image">
                <posx>-18</posx>
                <posy>58</posy>
                <width>462</width>
                <height>524</height>
                <texture border="16" colordiffuse="White100">common/rounded-shadow8.png</texture>
            </control>
            <control type="label" id="1">
                <description>dialog Heading</description>
                <posx>15</posx>
                <width>392</width>
                <height>57</height>
                <aligny>center</aligny>
                <align>center</align>
                <font>MediumBold</font>
                <textcolor>PanelWhite100</textcolor>
            </control>
            <control type="image">
                <posx>12</posx>
                <posy>87</posy>
                <width>402</width>
                <height>75</height>
                <aspectratio>stretch</aspectratio>
                <texture border="20" colordiffuse="Black12">common/box.png</texture>
            </control>
            <control type="label" id="4">
                <description>Edit Text</description>
                <posx>23</posx>
                <posy>87</posy>
                <width>379</width>
                <height>75</height>
                <align>center</align>
                <textcolor>Black70</textcolor>
            </control>
            <control type="group">
                <posx>12</posx>
                <posy>174</posy>
                <control type="button" id="11">
                    <description>1 button</description>
                    <posx>0</posx>
                    <posy>0</posy>
                    <width>96</width>
                    <height>90</height>
                    <include>DefKeyboardKeys</include>
                    <label>12311</label>
                    <onleft>23</onleft>
                    <onright>12</onright>
                    <onup>20</onup>
                    <ondown>14</ondown>
                </control>
                <control type="button" id="12">
                    <description>2 button</description>
                    <posx>102</posx>
                    <posy>0</posy>
                    <width>96</width>
                    <height>90</height>
                    <include>DefKeyboardKeys</include>
                    <label>12312</label>
                    <onleft>11</onleft>
                    <onright>13</onright>
                    <onup>10</onup>
                    <ondown>15</ondown>
                </control>
                <control type="button" id="13">
                    <description>3 button</description>
                    <posx>204</posx>
                    <posy>0</posy>
                    <width>96</width>
                    <height>90</height>
                    <include>DefKeyboardKeys</include>
                    <label>12313</label>
                    <onleft>12</onleft>
                    <onright>23</onright>
                    <onup>22</onup>
                    <ondown>16</ondown>
                </control>
                <control type="button" id="14">
                    <description>4 button</description>
                    <posx>0</posx>
                    <posy>96</posy>
                    <width>96</width>
                    <height>90</height>
                    <include>DefKeyboardKeys</include>
                    <label>12314</label>
                    <onleft>100</onleft>
                    <onright>15</onright>
                    <onup>11</onup>
                    <ondown>17</ondown>
                </control>
                <control type="button" id="15">
                    <description>5 button</description>
                    <posx>102</posx>
                    <posy>96</posy>
                    <width>96</width>
                    <height>90</height>
                    <include>DefKeyboardKeys</include>
                    <label>12315</label>
                    <onleft>14</onleft>
                    <onright>16</onright>
                    <onup>12</onup>
                    <ondown>18</ondown>
                </control>
                <control type="button" id="16">
                    <description>6 button</description>
                    <posx>204</posx>
                    <posy>96</posy>
                    <width>96</width>
                    <height>90</height>
                    <include>DefKeyboardKeys</include>
                    <label>12316</label>
                    <onleft>15</onleft>
                    <onright>100</onright>
                    <onup>13</onup>
                    <ondown>19</ondown>
                </control>
                <control type="button" id="17">
                    <description>7 button</description>
                    <posx>0</posx>
                    <posy>192</posy>
                    <width>96</width>
                    <height>90</height>
                    <include>DefKeyboardKeys</include>
                    <label>12317</label>
                    <onleft>21</onleft>
                    <onright>18</onright>
                    <onup>14</onup>
                    <ondown>20</ondown>
                </control>
                <control type="button" id="18">
                    <description>8 button</description>
                    <posx>102</posx>
                    <posy>192</posy>
                    <width>96</width>
                    <height>90</height>
                    <include>DefKeyboardKeys</include>
                    <label>12318</label>
                    <onleft>17</onleft>
                    <onright>19</onright>
                    <onup>15</onup>
                    <ondown>10</ondown>
                </control>
                <control type="button" id="19">
                    <description>9 button</description>
                    <posx>204</posx>
                    <posy>192</posy>
                    <width>96</width>
                    <height>90</height>
                    <include>DefKeyboardKeys</include>
                    <label>12319</label>
                    <onleft>18</onleft>
                    <onright>21</onright>
                    <onup>16</onup>
                    <ondown>22</ondown>
                </control>
                <control type="radiobutton" id="23">
                    <onleft>13</onleft>
                    <onright>11</onright>
                    <onup>21</onup>
                    <ondown>100</ondown>
			        <radioheight>40</radioheight>
			        <radioposx>20</radioposx>
			        <radioposy>26</radioposy>
                    <include>buttondimensionsnumpad</include>
                    <include content="buttontexturesnumpad">
                        <param name="icon" value="buttonsdialogs/backspace.png"/>
                    </include>
                    <posx>306</posx>
                    <posy>0</posy>
                </control>
                <control type="radiobutton" id="100">
                	<onclick>Close</onclick>
                    <onleft>16</onleft>
                    <onright>14</onright>
                    <onup>23</onup>
                    <ondown>21</ondown>
                    <include>buttondimensionsnumpad</include>
                    <include content="buttontexturesnumpad">
                        <param name="icon" value="buttonsdialogs/disable.png"/>
                    </include>
                    <posx>306</posx>
                    <posy>96</posy>
                </control>
                <control type="radiobutton" id="21">
                    <onleft>19</onleft>
                    <onright>17</onright>
                    <onup>100</onup>
                    <ondown>23</ondown>
                    <include content="buttondimensionsnumpad">
                        <param name="height" value="186" />
        				<param name="radioposy" value="74" />
                    </include>
                    <include content="buttontexturesnumpad">
                        <param name="icon" value="buttonsdialogs/enabled.png" />
                    </include>
                    <posx>306</posx>
                    <posy>192</posy>
                </control>
                <control type="radiobutton" id="20">
                    <description>prev button</description>
                    <posx>0</posx>
                    <posy>288</posy>
                    <include>buttondimensionsnumpad</include>
                    <include content="buttontexturesnumpad">
                        <param name="icon" value="buttonsdialogs/play.png"/>
                        <param name="flipx" value="true"/>
                    </include>
                    <onleft>21</onleft>
                    <onright>10</onright>
                    <onup>17</onup>
                    <ondown>11</ondown>
                </control>
                <control type="button" id="10">
                    <description>0 button</description>
                    <posx>102</posx>
                    <posy>288</posy>
                    <width>96</width>
                    <height>90</height>
                    <include>DefKeyboardKeys</include>
                    <label>12310</label>
                    <onleft>20</onleft>
                    <onright>22</onright>
                    <onup>18</onup>
                    <ondown>12</ondown>
                </control>
                <control type="radiobutton" id="22">
                    <description>next button</description>
                    <posx>204</posx>
                    <posy>288</posy>
                    <include>buttondimensionsnumpad</include>
                    <include content="buttontexturesnumpad">
                        <param name="icon" value="buttonsdialogs/play.png"/>
                        <param name="flipx" value="false"/>
                    </include>
                    <width>96</width>
                    <onleft>10</onleft>
                    <onright>21</onright>
                    <onup>19</onup>
                    <ondown>13</ondown>
                </control>
            </control>
        </control>
    </controls>
</window>
