<?xml version="1.0" encoding="UTF-8"?>
<window type="dialog">
    <defaultcontrol always="true">50</defaultcontrol>
    <backgroundcolor>0</backgroundcolor>
    <views>50</views>
    <controls>
        <include>GlobalBackground</include>
        <include>View_50_List_Square</include>
        <include>Furniture_Header</include>
        <include>Furniture_NowPlaying</include>
        <include>Furniture_Clock</include>
        <include>Furniture_Weather</include>
        <control type="group">
            <include>Animation.FadeIn</include>
            <include>Animation.FadeOut</include>
            <visible>ControlGroup(9000).HasFocus()</visible>
            <include>GlobalOverlay</include>
        </control>
        <control type="group">
            <height>242</height>
            <include>Def9000Background</include>
            <control type="grouplist" id="9000">
                <include>Def9000GroupList</include>
                <control type="button" id="21">
                    <include>DefContextButton</include>
                    <align>left</align>
                </control>
                <control type="radiobutton" id="22">
                    <include>DefContextButton</include>
                    <align>left</align>
                </control>
                <control type="button" id="20">
                    <include>DefContextButton</include>
                    <align>left</align>
                    <label>192</label>
                </control>
            </control>
        </control>
    </controls>
</window>