<?xml version="1.0" encoding="UTF-8"?>
<!-- Foundation -->
<window id="126">
    <defaultcontrol always="true">450</defaultcontrol>
    <controls>
        <include>GlobalOverlay</include>
        <control type="group">
            <include>Animation.ZoomIn</include>
            <centerleft>50%</centerleft>
            <posy>90</posy>
            <height>900</height>
            <width>1080</width>
            <control type="image">
                <width>1080</width>
                <height>900</height>
                <texture border="16" colordiffuse="White100">common/rounded-shadow8.png</texture>
            </control>
            <control type="label" id="411">
                <description>Heading</description>
                <left>95</left>
                <width>1000</width>
                <posy>25</posy>
                <include>FontTop</include>
                <textcolor>Black70</textcolor>
                <label>1023</label>
            </control>
            <include content="Kodi_Logo">
                <param name="dimensions" value="40"/>
                <param name="top" value="40"/>
                <param name="left" value="40"/>
            </include>

            <!-- Lines -->
            <control type="image">
                <top>95</top>
                <left>40</left>
                <width>1000</width>
                <height>1</height>
                <bottom>10</bottom>
                <colordiffuse>Black12</colordiffuse>
                <texture>common/white.png</texture>
            </control>
            <control type="label" id="412">
                <description>Path</description>
                <bottom>10</bottom>
                <height>84</height>
                <aligny>center</aligny>
                <left>30</left>
                <width>750</width>
                <haspath>true</haspath>
                <font>Tiny</font>
                <textcolor>Black70</textcolor>
            </control>
            <control type="list" id="450">
                <posx>8</posx>
                <posy>115</posy>
                <width>700</width>
                <height>690</height>
                <onleft>9000</onleft>
                <onright>1724</onright>
                <onup>450</onup>
                <ondown>450</ondown>
                <pagecontrol>1724</pagecontrol>
                <include content="Def_ThumbnailListLayout">
                    <param name="focused" value="Control.HasFocus(450)" />
                    <param name="indicators" value="false" />
                </include>
            </control>
            <include content="scrollbar_dialog">
                <param name="scrollid" value="1724"/>
                <param name="onleft" value="450"/>
                <param name="onright" value="9000"/>
            </include>            
            <control type="grouplist" id="9000">
                <onleft>1724</onleft>
                <posx>738</posx>
                <posy>115</posy>
                <itemgap>DialogButtonsItemgap</itemgap>
                <orientation>vertical</orientation>
                <onright>450</onright>
                <onleft>450</onleft>
                <control type="button" id="413">
                    <description>Ok</description>
                    <label>186</label>
                    <include>DefDialogButtons</include>
                </control>
                <control type="button" id="414">
                    <description>Cancel</description>
                    <label>222</label>
                    <include>DefDialogButtons</include>
                </control>
                <control type="button" id="415">
                    <description>Create Folder</description>
                    <label>119</label>
                    <include>DefDialogButtons</include>
                    <visible>Control.IsEnabled(415)</visible>
                </control>
                <control type="radiobutton" id="416">
                    <description>Create Folder</description>
                    <label>749</label>
                    <textureradiofocus colordiffuse="00FFFFFF">buttons/radio-on.png</textureradiofocus>
                    <textureradionofocus colordiffuse="00FFFFFF">buttons/radio-off.png</textureradionofocus>
                    <include>DefDialogButtons</include>
                    <visible>Control.IsEnabled(416)</visible>
                </control>
            </control>
            <control type="image">
                <description>Large Icon Image</description>
                <posx>738</posx>
                <posy>357</posy>
                <width>300</width>
                <height>450</height>
                <texture fallback="DefaultAddonNone.png">$INFO[Container(450).ListItem.Icon]</texture>
                <aspectratio align="center" aligny="bottom">keep</aspectratio>
                <visible>!String.Contains(Control.GetLabel(416),*)</visible>
            </control>
            <control type="image">
                <description>Large Icon Image</description>
                <posx>738</posx>
                <posy>357</posy>
                <width>300</width>
                <height>450</height>
                <texture fallback="DefaultAddonNone.png" flipx="true">$INFO[Container(450).ListItem.Icon]</texture>
                <aspectratio align="center" aligny="bottom">keep</aspectratio>
                <visible>String.Contains(Control.GetLabel(416),*)</visible>
            </control>
            <control type="image">
                <posx>704</posx>
                <top>115</top>
                <height>687</height>
                <width>1</width>
                <texture colordiffuse="Black12">common/white.png</texture>
                <animation effect="fade" start="0" end="100" time="100" condition="!Control.HasFocus(1724) + !Container.Scrolling">Conditional</animation>
            </control>
            <control type="label">
                <right>40</right>
                <font>Tiny</font>
                <height>50</height>
                <bottom>30</bottom>
                <align>right</align>
                <textcolor>Black70</textcolor>
                <label>$VAR[DialogFileBrowserLabel]</label>
            </control>
        </control>
    </controls>
</window>
