<?xml version="1.0" encoding="UTF-8"?>
<!-- Foundation -->
<fonts>
    <fontset id="Default" unicode="false" idloc="15109">
        <include>VideoLyrics_Fonts</include>
        <font>
            <name>SymbolPoster</name>
            <filename>symbol.ttf</filename>
            <size>20</size>
        </font>
        <font>
            <name>SymbolPosterBackground</name>
            <filename>symbol.ttf</filename>
            <size>34</size>
        </font>
        <font>
            <name>SymbolList</name>
            <filename>symbol.ttf</filename>
            <size>22</size>
        </font>
        <font>
            <name>Music_Big</name>
            <filename>Roboto-Light.ttf</filename>
            <size>80</size>
        </font>
        <font>
            <name>Music_Bigger</name>
            <filename>Roboto-Light.ttf</filename>
            <size>130</size>
        </font>
        <font>
            <name>Music_Biggest</name>
            <filename>Roboto-Light.ttf</filename>
            <size>210</size>
        </font>
        <font>
            <name>Null</name>
            <filename>Roboto-Regular.ttf</filename>
            <size>0</size>
        </font>
        <font>
            <name>LargeBold</name>
            <filename>Roboto-Bold.ttf</filename>
            <size>46</size>
        </font>
        <font>
            <name>Large</name>
            <filename>Roboto-Regular.ttf</filename>
            <size>46</size>
        </font>
        <font>
            <name>LargeX2</name>
            <filename>Roboto-Regular.ttf</filename>
            <size>70</size>
        </font>
        <font>
            <name>LargeNew</name>
            <filename>Roboto-Bold.ttf</filename>
            <size>53</size>
        </font>
        <font>
            <name>LargeNetflix</name>
            <filename>Roboto-Bold.ttf</filename>
            <size>66</size>
        </font>
        <font>
            <name>EpisodeNumber</name>
            <filename>Roboto-Bold.ttf</filename>
            <size>96</size>
        </font>
        <font>
            <name>Lyrics</name>
            <filename>Roboto-Light.ttf</filename>
            <size>46</size>
        </font>
        <font>
            <name>Medium</name>
            <filename>Roboto-Regular.ttf</filename>
            <size>36</size>
            <linespacing>1.06</linespacing>
        </font>
        <font>
            <name>MediumBold</name>
            <filename>Roboto-Bold.ttf</filename>
            <size>36</size>
        </font>
        <font>
            <name>Small</name>
            <filename>Roboto-Regular.ttf</filename>
            <size>28</size>
        </font>
        <font>
            <name>Small33</name>
            <filename>Roboto-Regular.ttf</filename>
            <size>27</size>
        </font>
        <font>
            <name>SmallBold</name>
            <filename>Roboto-Bold.ttf</filename>
            <size>28</size>
        </font>
        <font>
            <name>Tiny</name>
            <filename>Roboto-Regular.ttf</filename>
            <linespacing>1.14</linespacing>
            <size>25</size>
        </font>
        <font>
            <name>Tiny24</name>
            <filename>Roboto-Regular.ttf</filename>
            <linespacing>1.08</linespacing>
            <size>24</size>
        </font>
        <font>
            <name>TinyPlot</name>
            <filename>Roboto-Regular.ttf</filename>
            <linespacing>1.22</linespacing>
            <size>25</size>
        </font>
        <font>
            <name>TinyBold</name>
            <filename>Roboto-Bold.ttf</filename>
            <size>25</size>
        </font>
        <font>
            <name>Mini</name>
            <filename>Roboto-Regular.ttf</filename>
            <size>23</size>
        </font>
        <font>
            <name>Hint</name>
            <filename>Roboto-Regular.ttf</filename>
            <size>19</size>
        </font>
        <font>
            <name>HintBold</name>
            <filename>Roboto-Bold.ttf</filename>
            <size>21</size>
            <aspect>0.95</aspect>
        </font>
        <font>
            <name>Button</name>
            <style>uppercase</style>
            <filename>Roboto-Regular.ttf</filename>
            <size>27</size>
        </font>
        <font>
            <name>Flag</name>
            <style>uppercase</style>
            <filename>Roboto-Bold.ttf</filename>
            <size>23</size>
        </font>
        <font>
            <name>EPGTimeline</name>
            <filename>Roboto-Bold.ttf</filename>
            <size>19</size>
            <style>uppercase</style>
        </font>
        <font>
            <name>Home</name>
            <filename>Roboto-Bold.ttf</filename>
            <style>uppercase</style>
            <size>30</size>
        </font>
        <font>
            <name>HomeFO</name>
            <style>uppercase</style>
            <filename>Roboto-Bold.ttf</filename>
            <size>46</size>
        </font>
        <font>
            <name>HomeIcon</name>
            <style>uppercase</style>
            <filename>Roboto-Bold.ttf</filename>
            <size>26</size>
        </font>
        <font>
            <name>HomeLarge</name>
            <filename>Roboto-Bold.ttf</filename>
            <style>uppercase</style>
            <size>34</size>
        </font>
        <font>
            <name>WidgetSelector</name>
            <style>uppercase</style>
            <filename>Roboto-Bold.ttf</filename>
            <size>21</size>
        </font>
        <font>
            <name>ChannelInfo</name>
            <filename>Roboto-Regular.ttf</filename>
            <size>26</size>
        </font>
        <font>
            <name>WatchedStates</name>
            <filename>Roboto-Regular.ttf</filename>
            <size>19</size>
        </font>
         <font>
            <name>WatchedLabel</name>
            <filename>Roboto-Regular.ttf</filename>
            <size>21</size>
        </font>
       <font>
            <name>Name1</name>
            <filename>Roboto-Bold.ttf</filename>
            <size>32</size>
        </font>
        <font>
            <name>Consensus</name>
            <filename>Roboto-Regular.ttf</filename>
            <size>30</size>
        </font>
        <!-- Required for system -->
        <font>
            <name>font13</name>
            <filename>Roboto-Regular.ttf</filename>
            <size>28</size>
        </font>
        <font>
            <name>Clock</name>
            <filename>Roboto-Regular.ttf</filename>
            <size>130</size>
        </font>
    </fontset>
    <fontset id="Default (Unicode)" unicode="true" idloc="31981">
        <include>VideoLyrics_Fonts</include>
        <font>
            <name>SymbolPoster</name>
            <filename>symbol.ttf</filename>
            <size>20</size>
        </font>
        <font>
            <name>SymbolPosterBackground</name>
            <filename>symbol.ttf</filename>
            <size>34</size>
        </font>
        <font>
            <name>SymbolList</name>
            <filename>symbol.ttf</filename>
            <size>22</size>
        </font>
        <font>
            <name>Music_Big</name>
            <filename>RobotoNotoCJKsc-Light.ttf</filename>
            <size>80</size>
        </font>
        <font>
            <name>Music_Bigger</name>
            <filename>RobotoNotoCJKsc-Light.ttf</filename>
            <size>130</size>
        </font>
        <font>
            <name>Music_Biggest</name>
            <filename>RobotoNotoCJKsc-Light.ttf</filename>
            <size>210</size>
        </font>
        <font>
            <name>Null</name>
            <filename>RobotoNotoCJKsc-Regular.ttf</filename>
            <size>0</size>
        </font>
        <font>
            <name>LargeBold</name>
            <filename>RobotoNotoCJKsc-Bold.ttf</filename>
            <size>46</size>
        </font>
        <font>
            <name>Large</name>
            <filename>RobotoNotoCJKsc-Regular.ttf</filename>
            <size>46</size>
        </font>
        <font>
            <name>LargeX2</name>
            <filename>RobotoNotoCJKsc-Regular.ttf</filename>
            <size>70</size>
        </font>
        <font>
            <name>LargeNew</name>
            <filename>RobotoNotoCJKsc-Bold.ttf</filename>
            <size>53</size>
        </font>
        <font>
            <name>LargeNetflix</name>
            <filename>RobotoNotoCJKsc-Bold.ttf</filename>
            <size>66</size>
        </font>
        <font>
            <name>EpisodeNumber</name>
            <filename>RobotoNotoCJKsc-Bold.ttf</filename>
            <size>96</size>
        </font>
        <font>
            <name>Lyrics</name>
            <filename>RobotoNotoCJKsc-Light.ttf</filename>
            <size>46</size>
        </font>
        <font>
            <name>Medium</name>
            <filename>RobotoNotoCJKsc-Regular.ttf</filename>
            <size>36</size>
            <linespacing>1.05</linespacing>
        </font>
        <font>
            <name>MediumBold</name>
            <filename>RobotoNotoCJKsc-Bold.ttf</filename>
            <size>36</size>
        </font>
        <font>
            <name>Small</name>
            <filename>RobotoNotoCJKsc-Regular.ttf</filename>
            <size>28</size>
        </font>
        <font>
            <name>Small33</name>
            <filename>RobotoNotoCJKsc-Regular.ttf</filename>
            <size>27</size>
        </font>
        <font>
            <name>SmallBold</name>
            <filename>RobotoNotoCJKsc-Bold.ttf</filename>
            <size>28</size>
        </font>
        <font>
            <name>Tiny</name>
            <filename>RobotoNotoCJKsc-Regular.ttf</filename>
            <linespacing>1.08</linespacing>
            <size>25</size>
        </font>
        <font>
            <name>Tiny24</name>
            <filename>RobotoNotoCJKsc-Regular.ttf</filename>
            <linespacing>1.05</linespacing>
            <size>24</size>
        </font>
        <font>
            <name>TinyPlot</name>
            <filename>RobotoNotoCJKsc-Regular.ttf</filename>
            <linespacing>1.21</linespacing>
            <size>25</size>
        </font>
        <font>
            <name>TinyBold</name>
            <filename>RobotoNotoCJKsc-Bold.ttf</filename>
            <size>25</size>
        </font>
        <font>
            <name>Mini</name>
            <filename>RobotoNotoCJKsc-Regular.ttf</filename>
            <size>23</size>
        </font>
        <font>
            <name>Hint</name>
            <filename>RobotoNotoCJKsc-Regular.ttf</filename>
            <size>19</size>
        </font>
        <font>
            <name>HintBold</name>
            <filename>RobotoNotoCJKsc-Bold.ttf</filename>
            <size>21</size>
            <aspect>0.95</aspect>
        </font>
        <font>
            <name>Button</name>
            <style>uppercase</style>
            <filename>RobotoNotoCJKsc-Regular.ttf</filename>
            <size>27</size>
        </font>
        <font>
            <name>Flag</name>
            <style>uppercase</style>
            <filename>RobotoNotoCJKsc-Bold.ttf</filename>
            <size>23</size>
        </font>
        <font>
            <name>EPGTimeline</name>
            <filename>RobotoNotoCJKsc-Bold.ttf</filename>
            <size>19</size>
            <style>uppercase</style>
        </font>
        <font>
            <name>Home</name>
            <filename>RobotoNotoCJKsc-Bold.ttf</filename>
            <style>uppercase</style>
            <size>30</size>
        </font>
        <font>
            <name>HomeFO</name>
            <style>uppercase</style>
            <filename>RobotoNotoCJKsc-Bold.ttf</filename>
            <size>46</size>
        </font>
        <font>
            <name>HomeIcon</name>
            <style>uppercase</style>
            <filename>RobotoNotoCJKsc-Bold.ttf</filename>
            <size>26</size>
        </font>
        <font>
            <name>HomeLarge</name>
            <filename>RobotoNotoCJKsc-Bold.ttf</filename>
            <style>uppercase</style>
            <size>34</size>
        </font>
        <font>
            <name>WidgetSelector</name>
            <style>uppercase</style>
            <filename>RobotoNotoCJKsc-Bold.ttf</filename>
            <size>21</size>
        </font>
        <font>
            <name>ChannelInfo</name>
            <filename>RobotoNotoCJKsc-Regular.ttf</filename>
            <size>26</size>
        </font>
        <font>
            <name>WatchedStates</name>
            <filename>RobotoNotoCJKsc-Regular.ttf</filename>
            <size>19</size>
        </font>
         <font>
            <name>WatchedLabel</name>
            <filename>RobotoNotoCJKsc-Regular.ttf</filename>
            <size>21</size>
        </font>
       <font>
            <name>Name1</name>
            <filename>RobotoNotoCJKsc-Bold.ttf</filename>
            <size>32</size>
        </font>
        <font>
            <name>Consensus</name>
            <filename>RobotoNotoCJKsc-Regular.ttf</filename>
            <size>30</size>
        </font>
        <!-- Required for system -->
        <font>
            <name>font13</name>
            <filename>RobotoNotoCJKsc-Regular.ttf</filename>
            <size>28</size>
        </font>
        <font>
            <name>Clock</name>
            <filename>RobotoNotoCJKsc-Regular.ttf</filename>
            <size>130</size>
        </font>
    </fontset>
    <fontset id="Condensed (Classic)" unicode="false">
        <include>VideoLyrics_Fonts</include>
        <font>
            <name>SymbolPoster</name>
            <filename>symbol.ttf</filename>
            <size>20</size>
        </font>
        <font>
            <name>SymbolPosterBackground</name>
            <filename>symbol.ttf</filename>
            <size>34</size>
        </font>
        <font>
            <name>SymbolList</name>
            <filename>symbol.ttf</filename>
            <size>22</size>
        </font>
        <font>
            <name>Music_Big</name>
            <filename>Roboto_Condensed-Light.ttf</filename>
            <size>80</size>
        </font>
        <font>
            <name>Music_Bigger</name>
            <filename>Roboto_Condensed-Light.ttf</filename>
            <size>170</size>
        </font>
        <font>
            <name>Music_Biggest</name>
            <filename>Roboto_Condensed-Light.ttf</filename>
            <size>260</size>
        </font>
        <font>
            <name>Null</name>
            <filename>Roboto_Condensed-Regular.ttf</filename>
            <size>0</size>
        </font>
        <font>
            <name>LargeBold</name>
            <filename>Roboto_Condensed-Bold.ttf</filename>
            <size>48</size>
        </font>
        <font>
            <name>Large</name>
            <filename>Roboto_Condensed-Regular.ttf</filename>
            <size>48</size>
        </font>
        <font>
            <name>LargeX2</name>
            <filename>Roboto_Condensed-Regular.ttf</filename>
            <size>70</size>
        </font>
        <font>
            <name>LargeNew</name>
            <filename>Roboto_Condensed-Bold.ttf</filename>
            <size>56</size>
        </font>
        <font>
            <name>LargeNetflix</name>
            <filename>Roboto_Condensed-Bold.ttf</filename>
            <size>66</size>
        </font>
        <font>
            <name>EpisodeNumber</name>
            <filename>Roboto_Condensed-Bold.ttf</filename>
            <size>100</size>
        </font>
        <font>
            <name>Lyrics</name>
            <filename>Roboto_Condensed-Light.ttf</filename>
            <size>48</size>
        </font>
        <font>
            <name>Medium</name>
            <filename>Roboto_Condensed-Regular.ttf</filename>
            <size>38</size>
        </font>
        <font>
            <name>MediumBold</name>
            <filename>Roboto_Condensed-Bold.ttf</filename>
            <size>38</size>
        </font>
        <font>
            <name>Small</name>
            <filename>Roboto_Condensed-Regular.ttf</filename>
            <size>30</size>
        </font>
        <font>
            <name>Small33</name>
            <filename>Roboto_Condensed-Regular.ttf</filename>
            <size>28</size>
        </font>
        <font>
            <name>SmallBold</name>
            <filename>Roboto_Condensed-Bold.ttf</filename>
            <size>32</size>
        </font>
        <font>
            <name>Tiny</name>
            <filename>Roboto_Condensed-Regular.ttf</filename>
            <size>26</size>
            <linespacing>1.12</linespacing>
        </font>
        <font>
            <name>Tiny24</name>
            <filename>Roboto_Condensed-Regular.ttf</filename>
            <size>25</size>
            <linespacing>1.08</linespacing>
        </font>
        <font>
            <name>TinyPlot</name>
            <filename>Roboto_Condensed-Regular.ttf</filename>
            <size>26</size>
            <linespacing>1.18</linespacing>
        </font>
        <font>
            <name>TinyBold</name>
            <filename>Roboto_Condensed-Bold.ttf</filename>
            <size>26</size>
        </font>
        <font>
            <name>Mini</name>
            <filename>Roboto_Condensed-Regular.ttf</filename>
            <size>24</size>
        </font>
        <font>
            <name>Hint</name>
            <filename>Roboto_Condensed-Regular.ttf</filename>
            <size>19</size>
        </font>
        <font>
            <name>HintBold</name>
            <filename>Roboto_Condensed-Bold.ttf</filename>
            <size>21</size>
        </font>
        <font>
            <name>Button</name>
            <style>uppercase</style>
            <filename>Roboto_Condensed-Regular.ttf</filename>
            <size>28</size>
        </font>
        <font>
            <name>Flag</name>
            <style>uppercase</style>
            <filename>Roboto_Condensed-Bold.ttf</filename>
            <size>24</size>
        </font>
        <font>
            <name>EPGTimeline</name>
            <filename>Roboto_Condensed-Bold.ttf</filename>
            <size>20</size>
            <style>uppercase</style>
        </font>
        <font>
            <name>Home</name>
            <style>uppercase</style>
            <filename>Roboto_Condensed-Bold.ttf</filename>
            <size>32</size>
        </font>
        <font>
            <name>HomeFO</name>
            <style>uppercase</style>
            <filename>Roboto_Condensed-Bold.ttf</filename>
            <size>48</size>
        </font>
        <font>
            <name>HomeIcon</name>
            <style>uppercase</style>
            <filename>Roboto_Condensed-Bold.ttf</filename>
            <size>26</size>
        </font>
        <font>
            <name>HomeLarge</name>
            <style>uppercase</style>
            <filename>Roboto_Condensed-Bold.ttf</filename>
            <size>36</size>
        </font>
        <font>
            <name>WidgetSelector</name>
            <style>uppercase</style>
            <filename>Roboto_Condensed-Bold.ttf</filename>
            <size>22</size>
        </font>
        <font>
            <name>ChannelInfo</name>
            <filename>Roboto_Condensed-Regular.ttf</filename>
            <size>27</size>
        </font>
        <font>
            <name>WatchedStates</name>
            <filename>Roboto_Condensed-Regular.ttf</filename>
            <size>20</size>
        </font>
        <font>
            <name>WatchedLabel</name>
            <filename>Roboto_Condensed-Regular.ttf</filename>
            <size>22</size>
        </font>
        <font>
            <name>Name1</name>
            <filename>Roboto_Condensed-Bold.ttf</filename>
            <size>34</size>
        </font>
        <font>
            <name>Consensus</name>
            <filename>Roboto_Condensed-Regular.ttf</filename>
            <size>32</size>
        </font>
        <!-- Required for system -->
        <font>
            <name>font13</name>
            <filename>Roboto_Condensed-Regular.ttf</filename>
            <size>30</size>
        </font>
        <font>
            <name>Clock</name>
            <filename>Roboto_Condensed-Regular.ttf</filename>
            <size>130</size>
        </font>
    </fontset>
    <fontset id="DejaVu Sans (Fallback)" unicode="true">
        <include>VideoLyrics_Fonts</include>
        <font>
            <name>SymbolPoster</name>
            <filename>symbol.ttf</filename>
            <size>20</size>
        </font>
        <font>
            <name>SymbolPosterBackground</name>
            <filename>symbol.ttf</filename>
            <size>34</size>
        </font>
        <font>
            <name>SymbolList</name>
            <filename>symbol.ttf</filename>
            <size>22</size>
            <aspect>0.9</aspect>
        </font>
        <font>
            <name>Music_Big</name>
            <filename>arial.ttf</filename>
            <size>80</size>
            <style>lighten</style>
            <aspect>0.9</aspect>
       </font>
        <font>
            <name>Music_Bigger</name>
            <filename>arial.ttf</filename>
            <size>170</size>
            <style>lighten</style>
            <aspect>0.9</aspect>
        </font>
        <font>
            <name>Music_Biggest</name>
            <filename>arial.ttf</filename>
            <size>260</size>
            <style>lighten</style>
            <aspect>0.9</aspect>
        </font>
        <font>
            <name>Null</name>
            <filename>arial.ttf</filename>
            <size>0</size>
        </font>
        <font>
            <name>LargeBold</name>
            <filename>arial.ttf</filename>
            <style>bold</style>
            <size>44</size>
            <aspect>0.9</aspect>
        </font>
        <font>
            <name>Large</name>
            <filename>arial.ttf</filename>
            <size>44</size>
            <aspect>0.9</aspect>
        </font>
        <font>
            <name>LargeX2</name>
            <filename>arial.ttf</filename>
            <size>70</size>
            <aspect>0.9</aspect>
        </font>
        <font>
            <name>LargeNew</name>
            <filename>arial.ttf</filename>
            <style>bold</style>
            <size>53</size>
            <aspect>0.9</aspect>
        </font>
        <font>
            <name>LargeNetflix</name>
            <filename>arial.ttf</filename>
            <style>bold</style>
            <size>66</size>
            <aspect>0.9</aspect>
        </font>
        <font>
            <name>EpisodeNumber</name>
            <filename>arial.ttf</filename>
            <style>bold</style>
            <size>92</size>
            <aspect>0.9</aspect>
        </font>
        <font>
            <name>Lyrics</name>
            <style>lighten</style>
            <filename>arial.ttf</filename>
            <size>46</size>
            <aspect>0.9</aspect>
        </font>
        <font>
            <name>Medium</name>
            <filename>arial.ttf</filename>
            <size>34</size>
            <aspect>0.9</aspect>
            <linespacing>1.12</linespacing>
        </font>
        <font>
            <name>MediumBold</name>
            <filename>arial.ttf</filename>
            <style>bold</style>
            <size>34</size>
            <aspect>0.9</aspect>
        </font>
        <font>
            <name>Small</name>
            <filename>arial.ttf</filename>
            <size>28</size>
            <aspect>0.9</aspect>
        </font>
        <font>
            <name>Small33</name>
            <filename>arial.ttf</filename>
            <size>28</size>
            <aspect>0.9</aspect>
        </font>
        <font>
            <name>SmallBold</name>
            <filename>arial.ttf</filename>
            <style>bold</style>
            <size>28</size>
            <aspect>0.9</aspect>
        </font>
        <font>
            <name>Tiny</name>
            <filename>arial.ttf</filename>
            <size>25</size>
            <aspect>0.9</aspect>
            <linespacing>1.12</linespacing>
        </font>
        <font>
            <name>Tiny24</name>
            <filename>arial.ttf</filename>
            <size>24</size>
            <aspect>0.9</aspect>
            <linespacing>1.20</linespacing>
        </font>
        <font>
            <name>TinyPlot</name>
            <filename>arial.ttf</filename>
            <size>25</size>
            <aspect>0.9</aspect>
            <linespacing>1.22</linespacing>
        </font>
        <font>
            <name>TinyBold</name>
            <filename>arial.ttf</filename>
            <style>bold</style>
            <size>25</size>
            <aspect>0.9</aspect>
        </font>
        <font>
            <name>Mini</name>
            <filename>arial.ttf</filename>
            <size>23</size>
            <aspect>0.9</aspect>
        </font>
        <font>
            <name>Hint</name>
            <filename>arial.ttf</filename>
            <size>19</size>
            <aspect>0.9</aspect>
        </font>
        <font>
            <name>HintBold</name>
            <filename>arial.ttf</filename>
            <style>bold</style>
            <size>20</size>
            <aspect>0.85</aspect>
        </font>
        <font>
            <name>Button</name>
            <style>uppercase</style>
            <filename>arial.ttf</filename>
            <size>27</size>
            <aspect>0.9</aspect>
        </font>
        <font>
            <name>Flag</name>
            <style>uppercase bold</style>
            <filename>arial.ttf</filename>
            <style>bold</style>
            <size>23</size>
            <aspect>0.9</aspect>
        </font>
        <font>
            <name>EPGTimeline</name>
            <filename>arial.ttf</filename>
            <style>uppercase bold</style>
            <size>19</size>
            <aspect>0.9</aspect>
        </font>
        <font>
            <name>Home</name>
            <style>uppercase bold</style>
            <filename>arial.ttf</filename>
            <size>30</size>
            <aspect>0.9</aspect>
        </font>
        <font>
            <name>HomeFO</name>
            <style>uppercase bold</style>
            <filename>arial.ttf</filename>
            <size>44</size>
            <aspect>0.9</aspect>
        </font>
        <font>
            <name>HomeIcon</name>
            <style>uppercase bold</style>
            <filename>arial.ttf</filename>
            <size>26</size>
            <aspect>0.9</aspect>
        </font>
        <font>
            <name>HomeLarge</name>
            <style>uppercase bold</style>
            <filename>arial.ttf</filename>
            <size>34</size>
            <aspect>0.9</aspect>
        </font>
        <font>
            <name>WidgetSelector</name>
            <style>uppercase bold</style>
            <filename>arial.ttf</filename>
            <size>21</size>
            <aspect>0.9</aspect>
        </font>
        <font>
            <name>ChannelInfo</name>
            <filename>arial.ttf</filename>
            <size>26</size>
            <aspect>0.9</aspect>
        </font>
        <font>
            <name>WatchedStates</name>
            <filename>arial.ttf</filename>
            <size>19</size>
            <aspect>0.9</aspect>
        </font>
        <font>
            <name>WatchedLabel</name>
            <filename>arial.ttf</filename>
            <size>21</size>
            <aspect>0.9</aspect>
        </font>
        <font>
            <name>Name1</name>
            <filename>arial.ttf</filename>
            <size>32</size>
            <aspect>0.9</aspect>
        </font>
        <font>
            <name>Consensus</name>
            <filename>arial.ttf</filename>
            <size>30</size>
        </font>
        <!-- Required for system -->
        <font>
            <name>font13</name>
            <filename>arial.ttf</filename>
            <size>28</size>
            <aspect>0.9</aspect>
        </font>
        <font>
            <name>Clock</name>
            <filename>arial.ttf</filename>
            <size>130</size>
            <aspect>0.9</aspect>
        </font>
    </fontset>
</fonts>
