<?xml version="1.0" encoding="UTF-8"?>
<!-- Foundation -->
<includes>

    <include name="ListInfoArrows">
        <control type="group">
            <visible>$PARAM[visi]</visible>
            <top>$PARAM[arrowtop]</top>
            <visible>Control.HasFocus($PARAM[controlid]) + !Container($PARAM[controlid]).OnNext + !Container($PARAM[controlid]).OnPrevious + Integer.IsGreater(Container($PARAM[controlid]).NumItems,1)</visible>
            <include>Animation.DelayFadeIn</include>
            <control type="image">
                <left>$PARAM[arrowleft]</left>
                <include>arrowdimensions</include>
                <texture colordiffuse="Dark1" flipx="true">common/arrow-small-right.png</texture>
                <animation effect="slide" start="0,0" end="210,0" time="0" condition="String.IsEqual(Container($PARAM[controlid]).CurrentItem,1)">Conditional</animation>
            </control>
            <control type="image">
                <right>$PARAM[arrowright]</right>
                <include>arrowdimensions</include>
                <texture colordiffuse="Dark1">common/arrow-small-right.png</texture>
            </control>
        </control>
    </include>

    <include name="ListInfoUpdating">
        <definition>
        <control type="group">
            <visible>$PARAM[visi]</visible>
            <include>Animation.FadeOut</include>
            <include>Animation.FadeIn</include>
            <top>$PARAM[top]</top>
            <left>$PARAM[left]</left>
            <height>$PARAM[height]</height>
            <width>$PARAM[width]</width>
            <control type="group">
				<centerleft>50%</centerleft>
				<centertop>50%</centertop>
                <width>450</width>
                <height>100</height>
                <visible>Container($PARAM[controlid]).IsUpdating</visible>
                <include>Animation.DelayFadeIn</include>
                <include>Animation.FadeOut</include>
                <include>BusySpinner</include>
            </control>
            <control type="group">
                <visible>[!Container($PARAM[controlid]).IsUpdating + !Integer.IsGreater(Container($PARAM[controlid]).NumItems,0)]</visible>
                <include>Animation.DelayFadeIn</include>
                <include>Animation.FadeOut2</include>
                <control type="label">
					<centertop>50%</centertop>
					<centerleft>50%</centerleft>
                    <width>1000</width>
                    <height>48</height>
                    <align>center</align>
                    <textcolor>Dark1</textcolor>
                    <label>$LOCALIZE[31222]</label>
                </control>
            </control>
        </control>
        </definition>
    </include>

    <include name="AddonImageList">
        <param name="zoom" value="$PARAM[zoom]" default="140"/>
        <param name="height" value="$PARAM[height]" default="349"/>
        <definition>

            <!-- INFOCONTENT -->
            <control type="label">
                <visible>Control.HasFocus($PARAM[controlid])</visible>
                <width>1020</width>
                <bottom>$PARAM[headerbottom]</bottom>
                <left>$PARAM[headerleft]</left>
                <description>Header Label</description>
                <textcolor>Dark1</textcolor>
                <include>DefDialogInfoHeader</include>
                <label>$VAR[VideoListLabelHeader] ($INFO[Container($PARAM[controlid]).NumItems])</label>
                <include>Animation.DelayFadeIn</include>
            </control>
            <include content="ListInfoArrows">
                <param name="controlid" value="$PARAM[controlid]"/>
                <param name="arrowleft" value="$PARAM[arrowleft]"/>
                <param name="arrowtop" value="$PARAM[arrowtop]"/>
                <param name="arrowright" value="$PARAM[arrowright]"/>
                <param name="visi" value="false"/>
            </include>
            <control type="wraplist" id="$PARAM[controlid]">
                <visible>!Container($PARAM[controlid]).IsUpdating</visible>
                <visible>$PARAM[visi]</visible>
	            <animation effect="slide" start="0,0" end="-3000,-3000" time="0" condition="!$PARAM[visi]">Conditional</animation>
                <include>Animation.FadeOutDialogInfo</include>
                <include>Animation.FadeInDialogWIP</include>
                <include>$PARAM[animation]</include>
                <bottom>$PARAM[listbottom]</bottom>
                <left>$PARAM[listleft]</left>
                <focusposition>$PARAM[focusposition]</focusposition>
                <width>2088</width>
                <height>670</height>
                <onup>$PARAM[onup1]</onup>
                <onleft>$PARAM[controlid]</onleft>
                <onright>$PARAM[controlid]</onright>
                <onback>9000</onback>
                <ondown>9000</ondown>
                <onclick>$PARAM[onclick1]</onclick>
                <onclick>$PARAM[onclick2]</onclick>
                <include>ScrolltimeDetailsList</include>
                <orientation>horizontal</orientation>
                <preloaditems>2</preloaditems>
                <viewtype label="536">list</viewtype>
                <itemlayout height="$PARAM[height]" width="$PARAM[width]">
                    <include content="DefExtendedInfoItemContentWIP">
                        <param name="aspect" value="$PARAM[aspect]" default="scale"/>
                        <param name="fallbackpicture" value="$PARAM[fallbackpicture]"/>
                    </include>
                </itemlayout>
                <focusedlayout height="$PARAM[height]" width="$PARAM[width]">
                    <include content="DefExtendedInfoFocusContentWIP">
                        <param name="fallbackpicture" value="$PARAM[fallbackpicture]"/>
                        <param name="aspect" value="$PARAM[aspect]" default="scale"/>
                        <param name="controlid" value="$PARAM[controlid]"/>
                        <param name="zoom" value="$PARAM[zoom]"/>
                        <param name="labelbottom" value="$PARAM[labelbottom]"/>
                        <param name="labelleft" value="$PARAM[labelleft]"/>
                        <param name="labeltwovisible" value="$PARAM[labeltwovisible]"/>
                        <param name="labeltwobottom" value="$PARAM[labeltwobottom]"/>
                        <param name="labeltwoleft" value="$PARAM[labeltwoleft]"/>
                    </include>
                </focusedlayout>
            </control>
        </definition>
    </include>

    <include name="VideoListCast">
        <param name="fallbackpicture" value="$PARAM[fallbackpicture]" default="DefaultPicture.png"/>
        <param name="zoom" value="$PARAM[zoom]" default="140"/>
        <param name="height" value="$PARAM[height]" default="349"/>
        <param name="focusposition" value="$PARAM[focusposition]" default="2"/>
        <param name="width" value="$PARAM[width]" default="260"/>
        <param name="headerbottom" value="$PARAM[headerbottom]" default="710"/>
        <param name="listbottom" value="$PARAM[listbottom]" default="30"/>
        <param name="listleft" value="$PARAM[listleft]" default="-840"/>
        <param name="width" value="$PARAM[width]" default="260"/>
        <param name="arrowleft" default="-598"/>
        <param name="arrowtop" default="342"/>
        <param name="arrowright" default="155"/>
        <param name="headerleft" value="$PARAM[headerleft]" default="-15"/>
        <param name="labelbottom" value="$PARAM[labelbottom]" default="-110"/>
        <param name="labeltwobottom" value="$PARAM[labeltwobottom]" default="-150"/>
        <param name="labelleft" value="$PARAM[labelleft]" default="-20"/>
        <param name="labeltwoleft" value="$PARAM[labeltwoleft]" default="130"/>
        <param name="labeltwovisible" default="true"/>
        <param name="issets" value="$PARAM[issets]" default="false"/>
        <param name="includecontent" default="true"/>
        
        <definition>
			<control type="group"> 
                <top>-200</top>
                <left>-788</left>
                <width>1920</width>
                <height>1080</height>
	            <control type="group">
	                <visible>$PARAM[visi]</visible>
	                <visible>Container($PARAM[controlid]).IsUpdating</visible>
					<centertop>50%</centertop>
					<centerleft>50%</centerleft>
	                <width>450</width>
	                <height>100</height>
	                <include>Animation.DelayFadeIn</include>
	                <control type="group">
	                    <include>BusySpinner</include>
	                </control>
	            </control>
                <control type="label">
	                <visible>Control.HasFocus(110$PARAM[controlid])</visible>
	                <visible>!Container($PARAM[controlid]).IsUpdating</visible>
	                <visible>Integer.IsEqual(Container($PARAM[controlid]).NumItems,0)</visible>
	                <include>Animation.DelayFadeIn</include>
					<centertop>50%</centertop>
					<centerleft>50%</centerleft>
					<width>600</width>
                    <height>48</height>
                    <align>center</align>
                    <textcolor>Dark1</textcolor>
                    <label>$LOCALIZE[31222]</label>
                </control>
            </control>

            <!-- INFOCONTENT -->
            <control type="label">
                <visible>$PARAM[visi]</visible>
                <visible>Control.HasFocus($PARAM[controlid])</visible>
                <visible>!Container($PARAM[controlid]).IsUpdating</visible>
                <width>1020</width>
                <bottom>$PARAM[headerbottom]</bottom>
                <left>$PARAM[headerleft]</left>
                <description>Header Label</description>
                <textcolor>Dark1</textcolor>
                <include>DefDialogInfoHeader</include>
                <label>$VAR[VideoListLabelHeader] ($INFO[Container($PARAM[controlid]).NumItems])</label>
                <include>Animation.DelayFadeIn</include>
            </control>

            <include content="ListInfoArrows">
                <param name="controlid" value="$PARAM[controlid]"/>
                <param name="arrowleft" value="$PARAM[arrowleft]"/>
                <param name="arrowtop" value="$PARAM[arrowtop]"/>
                <param name="arrowright" value="$PARAM[arrowright]"/>
                <param name="visi" value="$PARAM[visi] + !Container($PARAM[controlid]).IsUpdating"/>
            </include>

			<control type="group" id="100$PARAM[controlid]">
				<defaultcontrol>110$PARAM[controlid]</defaultcontrol>				
				<control type="button" id="110$PARAM[controlid]">
					<onfocus condition="Container($PARAM[controlid]).IsUpdating">SetFocus($PARAM[controlid])</onfocus>
					<onfocus condition="!Container($PARAM[controlid]).IsUpdating + Integer.IsGreater(Container($PARAM[controlid]).NumItems,0)">SetFocus($PARAM[controlid])</onfocus>
	               	<include>HiddenButton</include>
	                <ondown>9000</ondown>
		            <onback>9000</onback>
	 			</control>
			
	            <!-- Focused List -->
	            <control type="fixedlist" id="$PARAM[controlid]">
	                <visible allowhiddenfocus="true">!Container($PARAM[controlid]).IsUpdating</visible>
	                <visible>$PARAM[visi]</visible>
		            <animation effect="slide" start="0,0" end="-3000,-3000" time="0" condition="!$PARAM[visi]">Conditional</animation>
	                <include>Animation.FadeOutDialogInfo</include>
	                <include>Animation.FadeInDialogWIP</include>
	                <bottom>$PARAM[listbottom]</bottom>
	                <left>$PARAM[listleft]</left>
	                <width>2288</width>
	                <height>670</height>
	                <onunfocus condition="Integer.IsEqual(Container($PARAM[controlid]).NumItems,0)">SetFocus(110$PARAM[controlid])</onunfocus>
	                <onup>$PARAM[onup1]</onup>
	                <onleft>$PARAM[controlid]</onleft>
	                <onright>$PARAM[controlid]</onright>
	                <ondown>9000</ondown>
		            <onback>9000</onback>
	                <onclick>$PARAM[onclick1]</onclick>
	                <onclick>$PARAM[onclick2]</onclick>
	                <onclick>$PARAM[onclick3]</onclick>
	                <include>ScrolltimeDetailsList</include>
	                <focusposition>$PARAM[focusposition]</focusposition>
	                <orientation>horizontal</orientation>
	                <preloaditems>2</preloaditems>
	                <viewtype label="536">list</viewtype>
	                <itemlayout height="$PARAM[height]" width="$PARAM[width]">
	                    <control type="group">
	                        <visible>Control.HasFocus($PARAM[controlid]) | Window.IsVisible(DialogContextMenu.xml) | Window.IsVisible(DialogSelect.xml) | Window.IsVisible(DialogBusy.xml)</visible>
	                        <animation effect="fade" tween="sine" easing="inout" start="0" end="100" time="450" delay="50">Visible</animation>
	                        <include content="DefExtendedInfoItemContentWIP" condition="!$PARAM[issets]">
	                            <param name="aspect" value="$PARAM[aspect]" default="scale"/>
	                            <param name="fallbackpicture" value="$PARAM[fallbackpicture]"/>
	                            <param name="poster" value="true"/>
	                            <param name="thumb" value="false"/>
	                        </include>
	                        <include content="DefExtendedInfoSetsContentWIP" condition="$PARAM[issets]">
	                            <param name="aspect" value="$PARAM[aspect]" default="scale"/>
	                            <param name="fallbackpicture" value="$PARAM[fallbackpicture]"/>
	                        </include>
	                    </control>
	                </itemlayout>
	                <focusedlayout height="$PARAM[height]" width="$PARAM[width]">
	                    <control type="group">
	                        <visible>Control.HasFocus($PARAM[controlid]) | Window.IsVisible(DialogContextMenu.xml) | Window.IsVisible(DialogSelect.xml) | Window.IsVisible(DialogBusy.xml)</visible>
	                        <animation effect="fade" start="0" end="100" time="0" delay="150">Visible</animation>
	                        <include content="DefExtendedInfoFocusContentWIP" condition="!$PARAM[issets]">
	                            <param name="fallbackpicture" value="$PARAM[fallbackpicture]"/>
	                            <param name="aspect" value="$PARAM[aspect]" default="scale"/>
	                            <param name="controlid" value="$PARAM[controlid]"/>
	                            <param name="zoom" value="$PARAM[zoom]"/>
	                            <param name="labelbottom" value="$PARAM[labelbottom]"/>
	                            <param name="labelleft" value="$PARAM[labelleft]"/>
	                            <param name="labeltwovisible" value="$PARAM[labeltwovisible]"/>
	                            <param name="labeltwobottom" value="$PARAM[labeltwobottom]"/>
	                            <param name="labeltwoleft" value="$PARAM[labeltwoleft]"/>
	                            <param name="poster" value="true"/>
	                            <param name="thumb" value="false"/>
	                        </include>
	                        <include content="DefExtendedInfoFocusSetsContentWIP" condition="$PARAM[issets]">
	                            <param name="fallbackpicture" value="$PARAM[fallbackpicture]"/>
	                            <param name="aspect" value="$PARAM[aspect]" default="scale"/>
	                            <param name="controlid" value="$PARAM[controlid]"/>
	                            <param name="zoom" value="$PARAM[zoom]"/>
	                            <param name="labelbottom" value="$PARAM[labelbottom]"/>
	                            <param name="labelleft" value="$PARAM[labelleft]"/>
	                            <param name="labeltwovisible" value="$PARAM[labeltwovisible]"/>
	                            <param name="labeltwobottom" value="$PARAM[labeltwobottom]"/>
	                            <param name="labeltwoleft" value="$PARAM[labeltwoleft]"/>
	                        </include>
	                    </control>
	                </focusedlayout>
	                <include content="includecontent" condition="$PARAM[includecontent]">
	                    <param name="target" value="$PARAM[target]" />
	                    <param name="sortby" value="$PARAM[sortby]" />
	                    <param name="sortorder" value="$PARAM[sortorder]" />
	                    <param name="limit" value="$PARAM[limit]" />
	                    <param name="ContentToLoad" value="$PARAM[ContentToLoad]" />
	                </include>
	            </control>
            </control>
        </definition>
    </include>

    <include name="VideoListSquare">
        <param name="zoom" value="$PARAM[zoom]" default="140"/>
        <param name="height" value="$PARAM[height]" default="355"/>
        <param name="width" value="$PARAM[width]" default="370"/>
        <param name="aspectposter" value="$PARAM[aspectposter]" default="false"/>
        <param name="aspectbox" value="$PARAM[aspectbox]" default="true"/>
        <param name="listtype" value="$PARAM[listtype]" default="fixedlist"/>
        <param name="focusposition" value="$PARAM[focusposition]" default="2"/>
        <param name="listbottom" value="$PARAM[listbottom]" default="30"/>
        <param name="listleft" value="$PARAM[listleft]" default="-1100"/>
        <param name="headerbottom" value="$PARAM[headerbottom]" default="710"/>
        <param name="headerleft" value="$PARAM[headerleft]" default="80"/>
        <param name="labelbottom" value="$PARAM[labelbottom]" default="-115"/>
        <param name="labelleft" value="$PARAM[labelleft]" default="-40"/>
        <param name="labeltwobottom" value="$PARAM[labeltwobottom]" default="-155"/>
        <param name="labeltwoleft" value="$PARAM[labeltwoleft]" default="130"/>
        <param name="labeltwovisible" value="$PARAM[labeltwovisible]" default="true"/>
        <param name="arrowtop" value="$PARAM[arrowtop]" default="342"/>
        <param name="arrowright" value="$PARAM[arrowright]" default="387"/>
        <param name="arrowleft" value="$PARAM[arrowleft]" default="-658"/>
        <param name="alignleft" value="$PARAM[alignleft]" default="500"/>
        <definition>

			<control type="group"> 
                <top>-200</top>
                <left>-788</left>
                <width>1920</width>
                <height>1080</height>
	            <control type="group">
	                <visible>$PARAM[visi]</visible>
	                <visible>Container($PARAM[controlid]).IsUpdating</visible>
					<centertop>50%</centertop>
					<centerleft>50%</centerleft>
	                <width>450</width>
	                <height>100</height>
	                <include>Animation.DelayFadeIn</include>
	                <control type="group">
	                    <include>BusySpinner</include>
	                </control>
	            </control>
                <control type="label">
	                <visible>Control.HasFocus(110$PARAM[controlid])</visible>
	                <visible>!Container($PARAM[controlid]).IsUpdating</visible>
	                <visible>Integer.IsEqual(Container($PARAM[controlid]).NumItems,0)</visible>
	                <include>Animation.DelayFadeIn</include>
					<centertop>50%</centertop>
					<centerleft>50%</centerleft>
					<width>600</width>
                    <height>48</height>
                    <align>center</align>
                    <textcolor>Dark1</textcolor>
                    <label>$LOCALIZE[31222]</label>
                </control>
            </control>

            <!-- INFOCONTENT -->
            <control type="label">
                <visible>Control.HasFocus($PARAM[controlid])</visible>
                <visible>$PARAM[visi]</visible>
                <visible>!Container($PARAM[controlid]).IsUpdating</visible>
                <width>1020</width>
                <bottom>$PARAM[headerbottom]</bottom>
                <left>$PARAM[headerleft]</left>
                <description>Header Label</description>
                <textcolor>Dark1</textcolor>
                <include>DefDialogInfoHeader</include>
                <label>$VAR[VideoListLabelHeader] ($INFO[Container($PARAM[controlid]).NumItems])</label>
                <include>Animation.DelayFadeIn</include>
            </control>
            <include content="ListInfoArrows">
                <param name="controlid" value="$PARAM[controlid]"/>
                <param name="arrowleft" value="$PARAM[arrowleft]"/>
                <param name="arrowtop" value="$PARAM[arrowtop]"/>
                <param name="arrowright" value="$PARAM[arrowright]"/>
                <param name="visi" value="$PARAM[visi] + !Container($PARAM[controlid]).IsUpdating"/>
            </include>

			<control type="group" id="100$PARAM[controlid]">
				<defaultcontrol>110$PARAM[controlid]</defaultcontrol>				
				<control type="button" id="110$PARAM[controlid]">
					<onfocus condition="Container($PARAM[controlid]).IsUpdating">SetFocus($PARAM[controlid])</onfocus>
					<onfocus condition="!Container($PARAM[controlid]).IsUpdating + Integer.IsGreater(Container($PARAM[controlid]).NumItems,0)">SetFocus($PARAM[controlid])</onfocus>
	               	<include>HiddenButton</include>
	                <ondown>9000</ondown>
		            <onback>9000</onback>
	 			</control>

	            <!-- Focused List -->
	            <control type="$PARAM[listtype]" id="$PARAM[controlid]">
	                <visible allowhiddenfocus="true">!Container($PARAM[controlid]).IsUpdating</visible>
	                <visible>$PARAM[visi]</visible>
		            <animation effect="slide" start="0,0" end="-3000,-3000" time="0" condition="!$PARAM[visi]">Conditional</animation>
	                <include>Animation.FadeOutDialogInfo</include>
	                <include>Animation.FadeInDialogWIP</include>
	                <include>Animation.DelayFadeIn</include>
	                <bottom>$PARAM[listbottom]</bottom>
	                <left>$PARAM[listleft]</left>
	                <focusposition>$PARAM[focusposition]</focusposition>
	                <width>2488</width>
	                <height>670</height>
		            <onunfocus condition="Integer.IsEqual(Container($PARAM[controlid]).NumItems,0)">SetFocus(110$PARAM[controlid])</onunfocus>
	                <onup>$PARAM[onup1]</onup>
	                <onleft>$PARAM[controlid]</onleft>
	                <onright>$PARAM[controlid]</onright>
	                <ondown>9000</ondown>
	                <onback>9000</onback>
                    <onclick>$PARAM[onclick1]</onclick>
                    <onclick>$PARAM[onclick2]</onclick>
                    <onclick>$PARAM[onclick3]</onclick>
	                <include>ScrolltimeDetailsList</include>
	                <orientation>horizontal</orientation>
	                <preloaditems>2</preloaditems>
	                <viewtype label="536">list</viewtype>
	                <itemlayout height="$PARAM[height]" width="$PARAM[width]">
	                    <control type="group">
	                        <visible>Control.HasFocus($PARAM[controlid]) | Window.IsVisible(DialogContextMenu.xml) | Window.IsVisible(DialogSelect.xml) | Window.IsVisible(DialogBusy.xml)</visible>
	                        <animation effect="fade" tween="sine" easing="inout" start="0" end="100" time="450" delay="50">Visible</animation>
	                        <include content="DefExtendedInfoItemContentWIP">
	                            <param name="aspect" value="$PARAM[aspect]" default="scale"/>
	                            <param name="fallbackpicture" value="$PARAM[fallbackpicture]"/>
	                            <param name="storageicon" value="$PARAM[storageicon]"/>
	                        </include>
	                    </control>
	                </itemlayout>
	                <focusedlayout height="$PARAM[height]" width="$PARAM[width]">
	                    <control type="group">
	                        <visible>Control.HasFocus($PARAM[controlid]) | Window.IsVisible(DialogContextMenu.xml) | Window.IsVisible(DialogSelect.xml) | Window.IsVisible(DialogBusy.xml)</visible>
	                        <animation effect="fade" start="0" end="100" time="0" delay="150">Visible</animation>
	                        <include content="DefExtendedInfoFocusContentWIP">
	                            <param name="aspect" value="$PARAM[aspect]" default="scale"/>
	                            <param name="fallbackpicture" value="$PARAM[fallbackpicture]"/>
	                            <param name="controlid" value="$PARAM[controlid]"/>
	                            <param name="zoom" value="$PARAM[zoom]"/>
	                            <param name="labelbottom" value="$PARAM[labelbottom]"/>
	                            <param name="labelleft" value="$PARAM[labelleft]"/>
	                            <param name="labeltwovisible" value="$PARAM[labeltwovisible]"/>
	                            <param name="labeltwobottom" value="$PARAM[labeltwobottom]"/>
	                            <param name="labeltwoleft" value="$PARAM[labeltwoleft]"/>
	                            <param name="storageicon" value="$PARAM[storageicon]"/>
	                        </include>
	                    </control>
	                </focusedlayout>
	                <content target="$PARAM[target]" sortby="$PARAM[sortby]" limit="$PARAM[limit]">$PARAM[ContentToLoad]</content>
	            </control>
			</control>        
        </definition>
    </include>

    <include name="most_played_song">
        <control type="button" id="9010">
            <left>-2000</left>
            <width>1</width>
            <visible allowhiddenfocus="true">false</visible>
            <onup>SetFocus(9000)</onup>
            <ondown>SetFocus(9000)</ondown>
            <onleft>SetFocus(9000)</onleft>
            <onright>SetFocus(9000)</onright>
            <onclick>PlayMedia($ESCINFO[Container(9551).ListItem.FileNameAndPath])</onclick>
        </control>
        <control type="list" id="9551">
            <left>280</left>
            <top>0</top>
            <right>SidePad</right>
            <width>1000</width>
            <height>50</height>
            <onleft>9000</onleft>
            <onright>62</onright>
            <onup>9551</onup>
            <ondown>9551</ondown>
            <viewtype label="">list</viewtype>
            <pagecontrol>62</pagecontrol>
            <orientation>vertical</orientation>
            <itemlayout height="36" width="1000">
                <control type="group">
                    <control type="label">
                        <textcolor>Dark2</textcolor>
                        <selectedcolor>Dark2</selectedcolor>
                        <height>auto</height>
                        <width>660</width>
                        <font>Tiny</font>
                        <label>$INFO[ListItem.Label] $INFO[ListItem.Year,(,)]</label>
                    </control>
                </control>
            </itemlayout>
            <focusedlayout height="36" width="1000">
                <control type="group">
                    <visible>Control.HasFocus(9010)</visible>
                    <control type="label">
                        <textcolor>$VAR[ColorHighlight]</textcolor>
                        <selectedcolor>$VAR[ColorHighlight]</selectedcolor>
                        <height>auto</height>
                        <width>660</width>
                        <font>Tiny</font>
                        <label>$INFO[ListItem.Label] $INFO[ListItem.Year,(,)]</label>
                    </control>
                </control>
                <control type="group">
                    <visible>!Control.HasFocus(9010)</visible>
                    <control type="label">
                        <textcolor>Dark2</textcolor>
                        <selectedcolor>Dark2</selectedcolor>
                        <height>auto</height>
                        <width>660</width>
                        <font>Tiny</font>
                        <label>$INFO[ListItem.Label] $INFO[ListItem.Year,(,)]</label>
                    </control>
                </control>
            </focusedlayout>
            <content sortorder="descending" limit="1" sortby="playcount">musicdb://songs/?xsp=%7B%22order%22%3A%7B%22direction%22%3A%22ascending%22%2C%22ignorefolders%22%3A0%2C%22method%22%3A%22songs%22%7D%2C%22rules%22%3A%7B%22and%22%3A%5B%7B%22field%22%3A%22artist%22%2C%22operator%22%3A%22contains%22%2C%22value%22%3A%5B%22$INFO[ListItem.Artist]%22%5D%7D%5D%7D%2C%22type%22%3A%22songs%22%7D</content>
        </control>
    </include>

    <!-- Hidden list for counting sets/albumtracks -->
    <include name="MovieSetsList">
        <control type="list" id="44321">
            <visible>String.IsEqual(Container(301).ListItem.DBType,set) + !String.IsEmpty(Container(301).ListItem.DBID)</visible>
            <include>HiddenListControl</include>
            <content>videodb://movies/sets/$INFO[Container(301).ListItem.DBID]/?setid=$INFO[Container(301).ListItem.DBID]</content>
        </control>
        <control type="list" id="44322">
            <visible>String.IsEqual(Container(301).ListItem.DBType,album)</visible>
            <include>HiddenListControl</include>
            <content>$VAR[AlbumPath301]</content>
        </control>
    </include>

    <include name="AlbumAndSetsCount">
        <control type="list" id="44023">
            <visible>ListItem.IsCollection + !String.IsEmpty(ListItem.DBID)</visible>
            <include>HiddenListControl</include>
            <content>$VAR[SetsPath]</content>
        </control>
        <control type="list" id="44022">
            <visible>String.IsEqual(ListItem.DBType,album)</visible>
            <include>HiddenListControl</include>
            <content>$VAR[AlbumPath]</content>
        </control>
    </include>

    <include name="HiddenUpNextEpisode">
        <control type="list" id="9911">
            <include>HiddenListControl</include>
            <visible>String.IsEqual(ListItem.DBType,tvshow) + Integer.IsGreater(ListItem.Property(UnwatchedEpisodes),0) + !String.IsEmpty(ListItem.DBID)</visible>
            <content sortby="playcount" sortorder="ascending" limit="1">$VAR[UpNextEpisodePath]</content>
        </control>
    </include>

    <include name="Header_PlayListStats">
        <control type="list">
            <include>HiddenListControl</include>
            <content>$VAR[PlayListStatsPath]</content>
        </control>
    </include>
    
    <include name="Header_PlaylistsCountItem">
        <control type="list" id="9986">
            <include>HiddenListControl</include>
            <content>$VAR[PlaylistsCountItemPath]</content>
        </control>
    </include>
    
    <include name="ActorInfo">
        <control type="list" id="44422">
            <include>HiddenListControl</include>
            <content target="videos">$VAR[ActorPath]</content>
        </control>
    </include>
</includes>
