<?xml version="1.0" encoding="UTF-8"?>
<includes>

    <variable name="PercentWatched">
        <value condition="Skin.HasSetting(hide.markers)"></value>
        <value condition="ListItem.IsPlaying + !Skin.HasSetting(hide.markers.isplaying)">indicator/play.png</value>
        <value condition="ListItem.IsResumable + Skin.HasSetting(hide.markers.inprogress)"></value>
        <value condition="ListItem.IsResumable">indicator/inprogress.png</value>
        <value condition="String.IsEqual(ListItem.Overlay,OverlayWatched.png) + Skin.HasSetting(hide.markers.watched)"></value>
        <value condition="String.IsEqual(ListItem.Overlay,OverlayWatched.png)">indicator/checkmark.png</value>
        <value condition="String.IsEqual(ListItem.Overlay,OverlayUnwatched.png) + [$EXP[IsNewMovie] | $EXP[IsNewTVShow] | $EXP[IsNewEpisode]] + !Skin.HasSetting(hide.markers.newcontent)">indicator/new.png</value>
        <value condition="String.IsEqual(ListItem.Overlay,OverlayUnwatched.png) + !Skin.HasSetting(hide.markers.unwatched)">indicator/unwatched.png</value>
    </variable>

    <variable name="WatchedBacking">
        <value condition="Skin.HasSetting(hide.markers)"></value>
        <value condition="Skin.HasSetting(WatchedBackingOff)"/>
        <value condition="ListItem.IsPlaying + !Skin.HasSetting(hide.markers.isplaying)">[COLOR=FF333333]&#61833;[/COLOR]</value>
        <value condition="ListItem.IsResumable + Skin.HasSetting(hide.markers.inprogress)"></value>
        <value condition="ListItem.IsResumable">[COLOR=FF333333]&#61833;[/COLOR]</value>
        <value condition="String.IsEqual(ListItem.Overlay,OverlayWatched.png) + Skin.HasSetting(hide.markers.watched)"></value>
        <value condition="String.IsEqual(ListItem.Overlay,OverlayWatched.png)">[COLOR=FF333333]&#61833;[/COLOR]</value>
        <value condition="String.IsEqual(ListItem.Overlay,OverlayUnwatched.png) + [$EXP[IsNewMovie] | $EXP[IsNewTVShow] | $EXP[IsNewEpisode]] + !Skin.HasSetting(hide.markers.newcontent)">[COLOR=FF333333]&#61833;[/COLOR]</value>
    </variable>

    <variable name="WatchedBackingColor">
        <value>FF333333</value>
    </variable>

    <variable name="PercentWatchedNeu">
        <value condition="Skin.HasSetting(hide.markers)"></value>
        <value condition="ListItem.IsResumable">misc/overlaywatched</value>
        <value condition="String.IsEqual(ListItem.Overlay,OverlayWatched.png)">misc/overlaywatched.png</value>
        <value condition="String.IsEqual(ListItem.Overlay,OverlayUnwatched.png) + [$EXP[IsNewMovie] | $EXP[IsNewTVShow] | $EXP[IsNewEpisode]]">misc/overlaywatched.png</value>
    </variable>

    <variable name="ColorWatched">
        <value condition="ListItem.IsResumable">$VAR[ColorHighlight]</value>
        <value condition="String.IsEqual(ListItem.Overlay,OverlayWatched.png)">FF333333</value>
        <value condition="String.IsEqual(ListItem.Overlay,OverlayUnwatched.png) + [$EXP[IsNewMovie] | $EXP[IsNewTVShow] | $EXP[IsNewEpisode]]">$VAR[ColorHighlight]</value>
        <value>$VAR[ColorHighlight]</value>
    </variable>

    <variable name="PercentWatchedNeuLabel">
        <value condition="Skin.HasSetting(hide.markers)"></value>
        <value condition="ListItem.IsResumable">Paused</value>
        <value condition="String.IsEqual(ListItem.Overlay,OverlayWatched.png)">Watched</value>
        <value condition="String.IsEqual(ListItem.Overlay,OverlayUnwatched.png) + [$EXP[IsNewMovie] | $EXP[IsNewTVShow] | $EXP[IsNewEpisode]]">New!</value>
    </variable>

    <variable name="PercentWatched9500">
        <value condition="Skin.HasSetting(hide.markers)"></value>
        <value condition="[String.IsEqual(Container(9500).ListItem.Overlay,OverlayUnwatched.png) + [[Container.Content(movies) + [String.IsEqual(Window(Home).Property(LatestMovie.1.Title),Container(9500).ListItem.Label) | String.IsEqual(Window(Home).Property(LatestMovie.2.Title),Container(9500).ListItem.Label) | String.IsEqual(Window(Home).Property(LatestMovie.3.Title),Container(9500).ListItem.Label) | String.IsEqual(Window(Home).Property(LatestMovie.4.Title),Container(9500).ListItem.Label) | String.IsEqual(Window(Home).Property(LatestMovie.5.Title),Container(9500).ListItem.Label) | String.IsEqual(Window(Home).Property(LatestMovie.6.Title),Container(9500).ListItem.Label) | String.IsEqual(Window(Home).Property(LatestMovie.7.Title),Container(9500).ListItem.Label) | String.IsEqual(Window(Home).Property(LatestMovie.8.Title),Container(9500).ListItem.Label) | String.IsEqual(Window(Home).Property(LatestMovie.9.Title),Container(9500).ListItem.Label) | String.IsEqual(Window(Home).Property(LatestMovie.10.Title),Container(9500).ListItem.Label)]] | [[Container.Content(tvshows)] + [String.IsEqual(Window(Home).Property(LatestEpisode.1.ShowTitle),Container(9500).ListItem.TvShowTitle) | String.IsEqual(Window(Home).Property(LatestEpisode.2.ShowTitle),Container(9500).ListItem.TvShowTitle) | String.IsEqual(Window(Home).Property(LatestEpisode.3.ShowTitle),Container(9500).ListItem.TvShowTitle) | String.IsEqual(Window(Home).Property(LatestEpisode.4.ShowTitle),Container(9500).ListItem.TvShowTitle) | String.IsEqual(Window(Home).Property(LatestEpisode.5.ShowTitle),Container(9500).ListItem.TvShowTitle) | String.IsEqual(Window(Home).Property(LatestEpisode.6.ShowTitle),Container(9500).ListItem.TvShowTitle) | String.IsEqual(Window(Home).Property(LatestEpisode.7.ShowTitle),Container(9500).ListItem.TvShowTitle) | String.IsEqual(Window(Home).Property(LatestEpisode.8.ShowTitle),Container(9500).ListItem.TvShowTitle) | String.IsEqual(Window(Home).Property(LatestEpisode.9.ShowTitle),Container(9500).ListItem.TvShowTitle) | String.IsEqual(Window(Home).Property(LatestEpisode.10.ShowTitle),Container(9500).ListItem.TvShowTitle)]] | [Container.Content(episodes) + [String.IsEqual(Window(Home).Property(LatestEpisode.1.EpisodeTitle),Container(9500).ListItem.Title) | String.IsEqual(Window(Home).Property(LatestEpisode.2.EpisodeTitle),Container(9500).ListItem.Title) | String.IsEqual(Window(Home).Property(LatestEpisode.3.EpisodeTitle),Container(9500).ListItem.Title) | String.IsEqual(Window(Home).Property(LatestEpisode.4.EpisodeTitle),Container(9500).ListItem.Title) | String.IsEqual(Window(Home).Property(LatestEpisode.5.EpisodeTitle),Container(9500).ListItem.Title) | String.IsEqual(Window(Home).Property(LatestEpisode.6.EpisodeTitle),Container(9500).ListItem.Title) | String.IsEqual(Window(Home).Property(LatestEpisode.7.EpisodeTitle),Container(9500).ListItem.Title) | String.IsEqual(Window(Home).Property(LatestEpisode.8.EpisodeTitle),Container(9500).ListItem.Title) | String.IsEqual(Window(Home).Property(LatestEpisode.9.EpisodeTitle),Container(9500).ListItem.Title) | String.IsEqual(Window(Home).Property(LatestEpisode.10.EpisodeTitle),Container(9500).ListItem.Title)]]]]">indicator/new.png</value>
        <value condition="Container(9500).ListItem.IsResumable">indicator/inprogress.png</value>
        <value condition="String.IsEqual(Container(9500).ListItem.Overlay,OverlayWatched.png)">indicator/checkmark.png</value>
        <value condition="String.IsEqual(Container(9500).ListItem.Overlay,OverlayUnwatched.png)">indicator/unwatched.png</value>
    </variable>

    <variable name="PercentWatchedN3">
        <value condition="Skin.HasSetting(hide.markers)"></value>
        <value condition="ListItem(-3).IsPlaying + !Skin.HasSetting(hide.markers.isplaying)">[COLOR=WatchedIcons]&#62811;[/COLOR]</value>
        <value condition="ListItem(-3).IsResumable">&#62251;</value>
        <value condition="String.IsEqual(ListItem(-3).Overlay,OverlayWatched.png)">[COLOR=FF00DD44]&#10003;[/COLOR]</value>
        <value condition="[String.IsEqual(ListItem(-3).Overlay,OverlayUnwatched.png) + [[Container.Content(movies) + [String.IsEqual(Window(Home).Property(LatestMovie.1.Title),ListItem(-3).Label) | String.IsEqual(Window(Home).Property(LatestMovie.2.Title),ListItem(-3).Label) | String.IsEqual(Window(Home).Property(LatestMovie.3.Title),ListItem(-3).Label) | String.IsEqual(Window(Home).Property(LatestMovie.4.Title),ListItem(-3).Label) | String.IsEqual(Window(Home).Property(LatestMovie.5.Title),ListItem(-3).Label) | String.IsEqual(Window(Home).Property(LatestMovie.6.Title),ListItem(-3).Label) | String.IsEqual(Window(Home).Property(LatestMovie.7.Title),ListItem(-3).Label) | String.IsEqual(Window(Home).Property(LatestMovie.8.Title),ListItem(-3).Label) | String.IsEqual(Window(Home).Property(LatestMovie.9.Title),ListItem(-3).Label) | String.IsEqual(Window(Home).Property(LatestMovie.10.Title),ListItem(-3).Label)]] | [[Container.Content(tvshows)] + [String.IsEqual(Window(Home).Property(LatestEpisode.1.ShowTitle),ListItem(-3).TvShowTitle) | String.IsEqual(Window(Home).Property(LatestEpisode.2.ShowTitle),ListItem(-3).TvShowTitle) | String.IsEqual(Window(Home).Property(LatestEpisode.3.ShowTitle),ListItem(-3).TvShowTitle) | String.IsEqual(Window(Home).Property(LatestEpisode.4.ShowTitle),ListItem(-3).TvShowTitle) | String.IsEqual(Window(Home).Property(LatestEpisode.5.ShowTitle),ListItem(-3).TvShowTitle) | String.IsEqual(Window(Home).Property(LatestEpisode.6.ShowTitle),ListItem(-3).TvShowTitle) | String.IsEqual(Window(Home).Property(LatestEpisode.7.ShowTitle),ListItem(-3).TvShowTitle) | String.IsEqual(Window(Home).Property(LatestEpisode.8.ShowTitle),ListItem(-3).TvShowTitle) | String.IsEqual(Window(Home).Property(LatestEpisode.9.ShowTitle),ListItem(-3).TvShowTitle) | String.IsEqual(Window(Home).Property(LatestEpisode.10.ShowTitle),ListItem(-3).TvShowTitle)]] | [Container.Content(episodes) + [String.IsEqual(Window(Home).Property(LatestEpisode.1.EpisodeTitle),ListItem(-3).Title) | String.IsEqual(Window(Home).Property(LatestEpisode.2.EpisodeTitle),ListItem(-3).Title) | String.IsEqual(Window(Home).Property(LatestEpisode.3.EpisodeTitle),ListItem(-3).Title) | String.IsEqual(Window(Home).Property(LatestEpisode.4.EpisodeTitle),ListItem(-3).Title) | String.IsEqual(Window(Home).Property(LatestEpisode.5.EpisodeTitle),ListItem(-3).Title) | String.IsEqual(Window(Home).Property(LatestEpisode.6.EpisodeTitle),ListItem(-3).Title) | String.IsEqual(Window(Home).Property(LatestEpisode.7.EpisodeTitle),ListItem(-3).Title) | String.IsEqual(Window(Home).Property(LatestEpisode.8.EpisodeTitle),ListItem(-3).Title) | String.IsEqual(Window(Home).Property(LatestEpisode.9.EpisodeTitle),ListItem(-3).Title) | String.IsEqual(Window(Home).Property(LatestEpisode.10.EpisodeTitle),ListItem(-3).Title)]]]]">[COLOR=ColoredIcons]&#62079;[/COLOR]</value>
        <value condition="String.IsEqual(ListItem(-3).Overlay,OverlayUnwatched.png)">&#61833;</value>
    </variable>

    <variable name="PercentWatchedN2">
        <value condition="Skin.HasSetting(hide.markers)"></value>
        <value condition="ListItem(-2).IsPlaying + !Skin.HasSetting(hide.markers.isplaying)">[COLOR=WatchedIcons]&#62811;[/COLOR]</value>
        <value condition="ListItem(-2).IsResumable">&#62251;</value>
        <value condition="String.IsEqual(ListItem(-2).Overlay,OverlayWatched.png)">[COLOR=FF00DD44]&#10003;[/COLOR]</value>
        <value condition="[String.IsEqual(ListItem(-2).Overlay,OverlayUnwatched.png) + [[Container.Content(movies) + [String.IsEqual(Window(Home).Property(LatestMovie.1.Title),ListItem(-2).Label) | String.IsEqual(Window(Home).Property(LatestMovie.2.Title),ListItem(-2).Label) | String.IsEqual(Window(Home).Property(LatestMovie.3.Title),ListItem(-2).Label) | String.IsEqual(Window(Home).Property(LatestMovie.4.Title),ListItem(-2).Label) | String.IsEqual(Window(Home).Property(LatestMovie.5.Title),ListItem(-2).Label) | String.IsEqual(Window(Home).Property(LatestMovie.6.Title),ListItem(-2).Label) | String.IsEqual(Window(Home).Property(LatestMovie.7.Title),ListItem(-2).Label) | String.IsEqual(Window(Home).Property(LatestMovie.8.Title),ListItem(-2).Label) | String.IsEqual(Window(Home).Property(LatestMovie.9.Title),ListItem(-2).Label) | String.IsEqual(Window(Home).Property(LatestMovie.10.Title),ListItem(-2).Label)]] | [[Container.Content(tvshows)] + [String.IsEqual(Window(Home).Property(LatestEpisode.1.ShowTitle),ListItem(-2).TvShowTitle) | String.IsEqual(Window(Home).Property(LatestEpisode.2.ShowTitle),ListItem(-2).TvShowTitle) | String.IsEqual(Window(Home).Property(LatestEpisode.3.ShowTitle),ListItem(-2).TvShowTitle) | String.IsEqual(Window(Home).Property(LatestEpisode.4.ShowTitle),ListItem(-2).TvShowTitle) | String.IsEqual(Window(Home).Property(LatestEpisode.5.ShowTitle),ListItem(-2).TvShowTitle) | String.IsEqual(Window(Home).Property(LatestEpisode.6.ShowTitle),ListItem(-2).TvShowTitle) | String.IsEqual(Window(Home).Property(LatestEpisode.7.ShowTitle),ListItem(-2).TvShowTitle) | String.IsEqual(Window(Home).Property(LatestEpisode.8.ShowTitle),ListItem(-2).TvShowTitle) | String.IsEqual(Window(Home).Property(LatestEpisode.9.ShowTitle),ListItem(-2).TvShowTitle) | String.IsEqual(Window(Home).Property(LatestEpisode.10.ShowTitle),ListItem(-2).TvShowTitle)]] | [Container.Content(episodes) + [String.IsEqual(Window(Home).Property(LatestEpisode.1.EpisodeTitle),ListItem(-2).Title) | String.IsEqual(Window(Home).Property(LatestEpisode.2.EpisodeTitle),ListItem(-2).Title) | String.IsEqual(Window(Home).Property(LatestEpisode.3.EpisodeTitle),ListItem(-2).Title) | String.IsEqual(Window(Home).Property(LatestEpisode.4.EpisodeTitle),ListItem(-2).Title) | String.IsEqual(Window(Home).Property(LatestEpisode.5.EpisodeTitle),ListItem(-2).Title) | String.IsEqual(Window(Home).Property(LatestEpisode.6.EpisodeTitle),ListItem(-2).Title) | String.IsEqual(Window(Home).Property(LatestEpisode.7.EpisodeTitle),ListItem(-2).Title) | String.IsEqual(Window(Home).Property(LatestEpisode.8.EpisodeTitle),ListItem(-2).Title) | String.IsEqual(Window(Home).Property(LatestEpisode.9.EpisodeTitle),ListItem(-2).Title) | String.IsEqual(Window(Home).Property(LatestEpisode.10.EpisodeTitle),ListItem(-2).Title)]]]]">[COLOR=ColoredIcons]&#62079;[/COLOR]</value>
        <value condition="String.IsEqual(ListItem(-2).Overlay,OverlayUnwatched.png)">&#61833;</value>
    </variable>

    <variable name="PercentWatchedN1">
        <value condition="Skin.HasSetting(hide.markers)"></value>
        <value condition="ListItem(-1).IsPlaying + !Skin.HasSetting(hide.markers.isplaying)">[COLOR=WatchedIcons]&#62811;[/COLOR]</value>
        <value condition="ListItem(-1).IsResumable">&#62251;</value>
        <value condition="String.IsEqual(ListItem(-1).Overlay,OverlayWatched.png)">[COLOR=FF00DD44]&#10003;[/COLOR]</value>
        <value condition="[String.IsEqual(ListItem(-1).Overlay,OverlayUnwatched.png) + [[Container.Content(movies) + [String.IsEqual(Window(Home).Property(LatestMovie.1.Title),ListItem(-1).Label) | String.IsEqual(Window(Home).Property(LatestMovie.2.Title),ListItem(-1).Label) | String.IsEqual(Window(Home).Property(LatestMovie.3.Title),ListItem(-1).Label) | String.IsEqual(Window(Home).Property(LatestMovie.4.Title),ListItem(-1).Label) | String.IsEqual(Window(Home).Property(LatestMovie.5.Title),ListItem(-1).Label) | String.IsEqual(Window(Home).Property(LatestMovie.6.Title),ListItem(-1).Label) | String.IsEqual(Window(Home).Property(LatestMovie.7.Title),ListItem(-1).Label) | String.IsEqual(Window(Home).Property(LatestMovie.8.Title),ListItem(-1).Label) | String.IsEqual(Window(Home).Property(LatestMovie.9.Title),ListItem(-1).Label) | String.IsEqual(Window(Home).Property(LatestMovie.10.Title),ListItem(-1).Label)]] | [[Container.Content(tvshows)] + [String.IsEqual(Window(Home).Property(LatestEpisode.1.ShowTitle),ListItem(-1).TvShowTitle) | String.IsEqual(Window(Home).Property(LatestEpisode.2.ShowTitle),ListItem(-1).TvShowTitle) | String.IsEqual(Window(Home).Property(LatestEpisode.3.ShowTitle),ListItem(-1).TvShowTitle) | String.IsEqual(Window(Home).Property(LatestEpisode.4.ShowTitle),ListItem(-1).TvShowTitle) | String.IsEqual(Window(Home).Property(LatestEpisode.5.ShowTitle),ListItem(-1).TvShowTitle) | String.IsEqual(Window(Home).Property(LatestEpisode.6.ShowTitle),ListItem(-1).TvShowTitle) | String.IsEqual(Window(Home).Property(LatestEpisode.7.ShowTitle),ListItem(-1).TvShowTitle) | String.IsEqual(Window(Home).Property(LatestEpisode.8.ShowTitle),ListItem(-1).TvShowTitle) | String.IsEqual(Window(Home).Property(LatestEpisode.9.ShowTitle),ListItem(-1).TvShowTitle) | String.IsEqual(Window(Home).Property(LatestEpisode.10.ShowTitle),ListItem(-1).TvShowTitle)]] | [Container.Content(episodes) + [String.IsEqual(Window(Home).Property(LatestEpisode.1.EpisodeTitle),ListItem(-1).Title) | String.IsEqual(Window(Home).Property(LatestEpisode.2.EpisodeTitle),ListItem(-1).Title) | String.IsEqual(Window(Home).Property(LatestEpisode.3.EpisodeTitle),ListItem(-1).Title) | String.IsEqual(Window(Home).Property(LatestEpisode.4.EpisodeTitle),ListItem(-1).Title) | String.IsEqual(Window(Home).Property(LatestEpisode.5.EpisodeTitle),ListItem(-1).Title) | String.IsEqual(Window(Home).Property(LatestEpisode.6.EpisodeTitle),ListItem(-1).Title) | String.IsEqual(Window(Home).Property(LatestEpisode.7.EpisodeTitle),ListItem(-1).Title) | String.IsEqual(Window(Home).Property(LatestEpisode.8.EpisodeTitle),ListItem(-1).Title) | String.IsEqual(Window(Home).Property(LatestEpisode.9.EpisodeTitle),ListItem(-1).Title) | String.IsEqual(Window(Home).Property(LatestEpisode.10.EpisodeTitle),ListItem(-1).Title)]]]]">[COLOR=ColoredIcons]&#62079;[/COLOR]</value>
        <value condition="String.IsEqual(ListItem(-1).Overlay,OverlayUnwatched.png)">&#61833;</value>
    </variable>

    <variable name="PercentWatchedP3">
        <value condition="Skin.HasSetting(hide.markers)"></value>
        <value condition="ListItem(3).IsPlaying + !Skin.HasSetting(hide.markers.isplaying)">[COLOR=WatchedIcons]&#62811;[/COLOR]</value>
        <value condition="ListItem(3).IsResumable">&#62251;</value>
        <value condition="String.IsEqual(ListItem(3).Overlay,OverlayWatched.png)">[COLOR=FF00DD44]&#10003;[/COLOR]</value>
        <value condition="[String.IsEqual(ListItem(3).Overlay,OverlayUnwatched.png) + [[Container.Content(movies) + [String.IsEqual(Window(Home).Property(LatestMovie.1.Title),ListItem(3).Label) | String.IsEqual(Window(Home).Property(LatestMovie.2.Title),ListItem(3).Label) | String.IsEqual(Window(Home).Property(LatestMovie.3.Title),ListItem(3).Label) | String.IsEqual(Window(Home).Property(LatestMovie.4.Title),ListItem(3).Label) | String.IsEqual(Window(Home).Property(LatestMovie.5.Title),ListItem(3).Label) | String.IsEqual(Window(Home).Property(LatestMovie.6.Title),ListItem(3).Label) | String.IsEqual(Window(Home).Property(LatestMovie.7.Title),ListItem(3).Label) | String.IsEqual(Window(Home).Property(LatestMovie.8.Title),ListItem(3).Label) | String.IsEqual(Window(Home).Property(LatestMovie.9.Title),ListItem(3).Label) | String.IsEqual(Window(Home).Property(LatestMovie.10.Title),ListItem(3).Label)]] | [[Container.Content(tvshows)] + [String.IsEqual(Window(Home).Property(LatestEpisode.1.ShowTitle),ListItem(3).TvShowTitle) | String.IsEqual(Window(Home).Property(LatestEpisode.2.ShowTitle),ListItem(3).TvShowTitle) | String.IsEqual(Window(Home).Property(LatestEpisode.3.ShowTitle),ListItem(3).TvShowTitle) | String.IsEqual(Window(Home).Property(LatestEpisode.4.ShowTitle),ListItem(3).TvShowTitle) | String.IsEqual(Window(Home).Property(LatestEpisode.5.ShowTitle),ListItem(3).TvShowTitle) | String.IsEqual(Window(Home).Property(LatestEpisode.6.ShowTitle),ListItem(3).TvShowTitle) | String.IsEqual(Window(Home).Property(LatestEpisode.7.ShowTitle),ListItem(3).TvShowTitle) | String.IsEqual(Window(Home).Property(LatestEpisode.8.ShowTitle),ListItem(3).TvShowTitle) | String.IsEqual(Window(Home).Property(LatestEpisode.9.ShowTitle),ListItem(3).TvShowTitle) | String.IsEqual(Window(Home).Property(LatestEpisode.10.ShowTitle),ListItem(3).TvShowTitle)]] | [Container.Content(episodes) + [String.IsEqual(Window(Home).Property(LatestEpisode.1.EpisodeTitle),ListItem(3).Title) | String.IsEqual(Window(Home).Property(LatestEpisode.2.EpisodeTitle),ListItem(3).Title) | String.IsEqual(Window(Home).Property(LatestEpisode.3.EpisodeTitle),ListItem(3).Title) | String.IsEqual(Window(Home).Property(LatestEpisode.4.EpisodeTitle),ListItem(3).Title) | String.IsEqual(Window(Home).Property(LatestEpisode.5.EpisodeTitle),ListItem(3).Title) | String.IsEqual(Window(Home).Property(LatestEpisode.6.EpisodeTitle),ListItem(3).Title) | String.IsEqual(Window(Home).Property(LatestEpisode.7.EpisodeTitle),ListItem(3).Title) | String.IsEqual(Window(Home).Property(LatestEpisode.8.EpisodeTitle),ListItem(3).Title) | String.IsEqual(Window(Home).Property(LatestEpisode.9.EpisodeTitle),ListItem(3).Title) | String.IsEqual(Window(Home).Property(LatestEpisode.10.EpisodeTitle),ListItem(3).Title)]]]]">[COLOR=ColoredIcons]&#62079;[/COLOR]</value>
        <value condition="String.IsEqual(ListItem(3).Overlay,OverlayUnwatched.png)">&#61833;</value>
    </variable>

    <variable name="PercentWatchedP2">
        <value condition="Skin.HasSetting(hide.markers)"></value>
        <value condition="ListItem(2).IsPlaying + !Skin.HasSetting(hide.markers.isplaying)">[COLOR=WatchedIcons]&#62811;[/COLOR]</value>
        <value condition="ListItem(2).IsResumable">&#62251;</value>
        <value condition="String.IsEqual(ListItem(2).Overlay,OverlayWatched.png)">[COLOR=FF00DD44]&#10003;[/COLOR]</value>
        <value condition="[String.IsEqual(ListItem(2).Overlay,OverlayUnwatched.png) + [[Container.Content(movies) + [String.IsEqual(Window(Home).Property(LatestMovie.1.Title),ListItem(2).Label) | String.IsEqual(Window(Home).Property(LatestMovie.2.Title),ListItem(2).Label) | String.IsEqual(Window(Home).Property(LatestMovie.3.Title),ListItem(2).Label) | String.IsEqual(Window(Home).Property(LatestMovie.4.Title),ListItem(2).Label) | String.IsEqual(Window(Home).Property(LatestMovie.5.Title),ListItem(2).Label) | String.IsEqual(Window(Home).Property(LatestMovie.6.Title),ListItem(2).Label) | String.IsEqual(Window(Home).Property(LatestMovie.7.Title),ListItem(2).Label) | String.IsEqual(Window(Home).Property(LatestMovie.8.Title),ListItem(2).Label) | String.IsEqual(Window(Home).Property(LatestMovie.9.Title),ListItem(2).Label) | String.IsEqual(Window(Home).Property(LatestMovie.10.Title),ListItem(2).Label)]] | [[Container.Content(tvshows)] + [String.IsEqual(Window(Home).Property(LatestEpisode.1.ShowTitle),ListItem(2).TvShowTitle) | String.IsEqual(Window(Home).Property(LatestEpisode.2.ShowTitle),ListItem(2).TvShowTitle) | String.IsEqual(Window(Home).Property(LatestEpisode.3.ShowTitle),ListItem(2).TvShowTitle) | String.IsEqual(Window(Home).Property(LatestEpisode.4.ShowTitle),ListItem(2).TvShowTitle) | String.IsEqual(Window(Home).Property(LatestEpisode.5.ShowTitle),ListItem(2).TvShowTitle) | String.IsEqual(Window(Home).Property(LatestEpisode.6.ShowTitle),ListItem(2).TvShowTitle) | String.IsEqual(Window(Home).Property(LatestEpisode.7.ShowTitle),ListItem(2).TvShowTitle) | String.IsEqual(Window(Home).Property(LatestEpisode.8.ShowTitle),ListItem(2).TvShowTitle) | String.IsEqual(Window(Home).Property(LatestEpisode.9.ShowTitle),ListItem(2).TvShowTitle) | String.IsEqual(Window(Home).Property(LatestEpisode.10.ShowTitle),ListItem(2).TvShowTitle)]] | [Container.Content(episodes) + [String.IsEqual(Window(Home).Property(LatestEpisode.1.EpisodeTitle),ListItem(2).Title) | String.IsEqual(Window(Home).Property(LatestEpisode.2.EpisodeTitle),ListItem(2).Title) | String.IsEqual(Window(Home).Property(LatestEpisode.3.EpisodeTitle),ListItem(2).Title) | String.IsEqual(Window(Home).Property(LatestEpisode.4.EpisodeTitle),ListItem(2).Title) | String.IsEqual(Window(Home).Property(LatestEpisode.5.EpisodeTitle),ListItem(2).Title) | String.IsEqual(Window(Home).Property(LatestEpisode.6.EpisodeTitle),ListItem(2).Title) | String.IsEqual(Window(Home).Property(LatestEpisode.7.EpisodeTitle),ListItem(2).Title) | String.IsEqual(Window(Home).Property(LatestEpisode.8.EpisodeTitle),ListItem(2).Title) | String.IsEqual(Window(Home).Property(LatestEpisode.9.EpisodeTitle),ListItem(2).Title) | String.IsEqual(Window(Home).Property(LatestEpisode.10.EpisodeTitle),ListItem(2).Title)]]]]">[COLOR=ColoredIcons]&#62079;[/COLOR]</value>
        <value condition="String.IsEqual(ListItem(2).Overlay,OverlayUnwatched.png)">&#61833;</value>
    </variable>

    <variable name="PercentWatchedP1">
        <value condition="Skin.HasSetting(hide.markers)"></value>
        <value condition="ListItem(1).IsPlaying + !Skin.HasSetting(hide.markers.isplaying)">[COLOR=WatchedIcons]&#62811;[/COLOR]</value>
        <value condition="ListItem(1).IsResumable">&#62251;</value>
        <value condition="String.IsEqual(ListItem(1).Overlay,OverlayWatched.png)">[COLOR=FF00DD44]&#10003;[/COLOR]</value>
        <value condition="[String.IsEqual(ListItem(1).Overlay,OverlayUnwatched.png) + [[Container.Content(movies) + [String.IsEqual(Window(Home).Property(LatestMovie.1.Title),ListItem(1).Label) | String.IsEqual(Window(Home).Property(LatestMovie.2.Title),ListItem(1).Label) | String.IsEqual(Window(Home).Property(LatestMovie.3.Title),ListItem(1).Label) | String.IsEqual(Window(Home).Property(LatestMovie.4.Title),ListItem(1).Label) | String.IsEqual(Window(Home).Property(LatestMovie.5.Title),ListItem(1).Label) | String.IsEqual(Window(Home).Property(LatestMovie.6.Title),ListItem(1).Label) | String.IsEqual(Window(Home).Property(LatestMovie.7.Title),ListItem(1).Label) | String.IsEqual(Window(Home).Property(LatestMovie.8.Title),ListItem(1).Label) | String.IsEqual(Window(Home).Property(LatestMovie.9.Title),ListItem(1).Label) | String.IsEqual(Window(Home).Property(LatestMovie.10.Title),ListItem(1).Label)]] | [[Container.Content(tvshows)] + [String.IsEqual(Window(Home).Property(LatestEpisode.1.ShowTitle),ListItem(1).TvShowTitle) | String.IsEqual(Window(Home).Property(LatestEpisode.2.ShowTitle),ListItem(1).TvShowTitle) | String.IsEqual(Window(Home).Property(LatestEpisode.3.ShowTitle),ListItem(1).TvShowTitle) | String.IsEqual(Window(Home).Property(LatestEpisode.4.ShowTitle),ListItem(1).TvShowTitle) | String.IsEqual(Window(Home).Property(LatestEpisode.5.ShowTitle),ListItem(1).TvShowTitle) | String.IsEqual(Window(Home).Property(LatestEpisode.6.ShowTitle),ListItem(1).TvShowTitle) | String.IsEqual(Window(Home).Property(LatestEpisode.7.ShowTitle),ListItem(1).TvShowTitle) | String.IsEqual(Window(Home).Property(LatestEpisode.8.ShowTitle),ListItem(1).TvShowTitle) | String.IsEqual(Window(Home).Property(LatestEpisode.9.ShowTitle),ListItem(1).TvShowTitle) | String.IsEqual(Window(Home).Property(LatestEpisode.10.ShowTitle),ListItem(1).TvShowTitle)]] | [Container.Content(episodes) + [String.IsEqual(Window(Home).Property(LatestEpisode.1.EpisodeTitle),ListItem(1).Title) | String.IsEqual(Window(Home).Property(LatestEpisode.2.EpisodeTitle),ListItem(1).Title) | String.IsEqual(Window(Home).Property(LatestEpisode.3.EpisodeTitle),ListItem(1).Title) | String.IsEqual(Window(Home).Property(LatestEpisode.4.EpisodeTitle),ListItem(1).Title) | String.IsEqual(Window(Home).Property(LatestEpisode.5.EpisodeTitle),ListItem(1).Title) | String.IsEqual(Window(Home).Property(LatestEpisode.6.EpisodeTitle),ListItem(1).Title) | String.IsEqual(Window(Home).Property(LatestEpisode.7.EpisodeTitle),ListItem(1).Title) | String.IsEqual(Window(Home).Property(LatestEpisode.8.EpisodeTitle),ListItem(1).Title) | String.IsEqual(Window(Home).Property(LatestEpisode.9.EpisodeTitle),ListItem(1).Title) | String.IsEqual(Window(Home).Property(LatestEpisode.10.EpisodeTitle),ListItem(1).Title)]]]]">[COLOR=ColoredIcons]&#62079;[/COLOR]</value>
        <value condition="String.IsEqual(ListItem(1).Overlay,OverlayUnwatched.png)">&#61833;</value>
    </variable>

    <variable name="PosterImage">
        <value condition="!String.IsEmpty(ListItem.Art(animatedposter)) + Skin.HasSetting(furniture.animatedposters)">$INFO[ListItem.Art(animatedposter)]</value>
        <value condition="!String.IsEmpty(ListItem.Art(season.poster)) + !Window.IsVisible(Home)">$INFO[ListItem.Art(season.poster)]</value>
        <value condition="!String.IsEmpty(ListItem.Art(poster))">$INFO[ListItem.Art(poster)]</value>
        <value condition="!String.IsEmpty(ListItem.Art(tvshow.poster))">$INFO[ListItem.Art(tvshow.poster)]</value>
        <value condition="String.IsEqual(ListItem.DBType,genre) | String.EndsWith(Container.FolderPath,Genres)">$VAR[ThumbImageGenres]</value>
        <value condition="!String.IsEmpty(ListItem.EpgEventIcon) + String.StartsWith(ListItem.FolderPath,pvr://timers)">$INFO[ListItem.EpgEventIcon]</value>
        <value>$INFO[ListItem.Icon]</value>
    </variable>

    <variable name="SeasonImage">
        <value condition="!String.IsEmpty(ListItem.Art(season.poster))">$INFO[ListItem.Art(season.poster)]</value>
        <value condition="!String.IsEmpty(ListItem.Art(poster))">$INFO[ListItem.Art(poster)]</value>
        <value condition="!String.IsEmpty(ListItem.Art(tvshow.poster))">$INFO[ListItem.Art(tvshow.poster)]</value>
        <value>$INFO[ListItem.Icon]</value>
    </variable>

    <variable name="PosterImageOnly">
        <value condition="!String.IsEmpty(ListItem.Art(tvshow.poster))">$INFO[ListItem.Art(tvshow.poster)]</value>
        <value condition="!String.IsEmpty(ListItem.Art(poster))">$INFO[ListItem.Art(poster)]</value>
        <value>$INFO[ListItem.Icon]</value>
    </variable>

     <variable name="DialogSelectImageList">
        <value condition="String.IsEqual(ListItem.DBType,tvshow) + !String.IsEmpty(ListItem.Art(tvshow.poster))">$INFO[ListItem.Art(tvshow.poster)]</value>
        <value condition="[String.IsEqual(ListItem.DBType,movie) | String.IsEqual(ListItem.DBType,tvshow)] + !String.IsEmpty(ListItem.Art(poster))">$INFO[ListItem.Art(poster)]</value>
        <value condition="Window.isVisible(gamesaves) + !String.IsEmpty(ListItem.Art(screenshot))">$INFO[ListItem.Art(screenshot)]</value>
        <value>$INFO[ListItem.Icon]</value>
    </variable>

    <variable name="DialogSelectImageBig">
        <value condition="String.IsEqual(Container(6).ListItem.DBType,tvshow) + !String.IsEmpty(Container(6).ListItem.Art(tvshow.poster))">$INFO[Container(6).ListItem.Art(tvshow.poster)]</value>
        <value condition="[String.IsEqual(Container(6).ListItem.DBType,movie) | String.IsEqual(Container(6).ListItem.DBType,tvshow)] + !String.IsEmpty(Container(6).ListItem.Art(poster))">$INFO[Container(6).ListItem.Art(poster)]</value>
        <value>$INFO[Container(6).ListItem.Icon]</value>
    </variable>
 
    <variable name="CastImage">
        <value condition="!String.IsEmpty(ListItem.Art(thumb))">$INFO[ListItem.Art(thumb)]</value>
    </variable>

    <variable name="PosterImageSquare">
        <value condition="!String.IsEmpty(Skin.String(genre.icons.path)) + String.IsEqual(ListItem.DBType,genre)">$VAR[ThumbImageGenres]</value>
        <value condition="!String.IsEmpty(Skin.String(studio.logos.path)) + String.IsEqual(ListItem.DBTYPE,studio)">$INFO[Skin.String(studio.logos.path),,/]$INFO[ListItem.Label,,.png]</value>
        <value condition="!String.IsEmpty(ListItem.Art(poster))">$INFO[ListItem.Art(poster)]</value>
        <value condition="!String.IsEmpty(ListItem.Art(thumb))">$INFO[ListItem.Art(thumb)]</value>
        <value condition="!String.IsEmpty(ListItem.Icon)">$INFO[ListItem.Icon]</value>
        <value condition="String.IsEqual(ListItem.DBTYPE,artist)">DefaultArtist.png</value>
        <value condition="String.IsEqual(ListItem.DBTYPE,album)">DefaultAlbumCover.png</value>
        <value condition="String.IsEqual(ListItem.DBTYPE,song)">DefaultMusicSongs.png</value>
        <value condition="!String.IsEmpty(ListItem.AddonName)">DefaultAddon.png</value>
    </variable>

    <variable name="WidgetImage">
        <value condition="!String.IsEmpty(Container(301).ListItem.Art(tvshow.poster))">$INFO[Container(301).ListItem.Art(tvshow.poster)]</value>
        <value condition="!String.IsEmpty(Container(301).ListItem.Art(poster))">$INFO[Container(301).ListItem.Art(poster)]</value>
        <value condition="!String.IsEmpty(Container(301).ListItem.EpgEventIcon) + String.StartsWith(Container(301).ListItem.FolderPath,pvr://timers)">$INFO[Container(301).ListItem.EpgEventIcon]</value>
        <value>$INFO[Container(301).ListItem.Icon]</value>
    </variable>

    <variable name="ClearLogoHome">
        <value condition="!String.IsEmpty(Container(301).ListItem.Art(tvshow.clearlogo))">$INFO[Container(301).ListItem.Art(tvshow.clearlogo)]</value>
        <value condition="!String.IsEmpty(Container(301).ListItem.Art(clearlogo))">$INFO[Container(301).ListItem.Art(clearlogo)]</value>
        <value condition="!String.IsEmpty(Container(301).ListItem.Art(artist.clearlogo))">$INFO[Container(301).ListItem.Art(artist.clearlogo)]</value>
        <value condition="!String.IsEmpty(Window(Home).Property(TMDbHelper.ListItem.clearlogo)) + String.StartsWith(Container(301).ListItem.FolderPath,pvr://)">$INFO[Window(Home).Property(TMDbHelper.ListItem.clearlogo)]</value>
        <value condition="String.IsEqual(Container(300).ListItem.Property(background),playlistBackground) + !String.IsEmpty(Container(9988).ListItem.Art(tvshow.clearlogo))">$INFO[Container(9988).ListItem.Art(tvshow.clearlogo)]</value>
        <value condition="String.IsEqual(Container(300).ListItem.Property(background),playlistBackground) + !String.IsEmpty(Container(9988).ListItem.Art(clearlogo))">$INFO[Container(9988).ListItem.Art(clearlogo)]</value>
        <value condition="String.IsEqual(Container(300).ListItem.Property(background),playlistBackground) + !String.IsEmpty(Container(9988).ListItem.Art(artist.clearlogo))">$INFO[Container(9988).ListItem.Art(artist.clearlogo)]</value>
    </variable>

    <variable name="ThumbImage">
        <value condition="Window.IsVisible(MyVideoNav.xml) + [Container.Content(movies) | Container.Content(tvshows)] + Control.IsVisible(514)">$VAR[FanartImageFanart]</value>
        <value condition="Window.IsVisible(MyVideoNav.xml) + Container.Content(movies) | Container.Content(tvshows) | Container.Content(seasons) | Container.Content(episodes) | Container.Content(sets)">$VAR[FanartImage]</value>
        <value>$INFO[ListItem.Icon]</value>
    </variable>

    <variable name="ThumbImageGenres">
        <value condition="[Window.IsVisible(home) | Window.IsVisible(MyVideoNav.xml)] + !String.IsEmpty(Skin.String(genre.icons.path))">$INFO[Skin.String(genre.icons.path)]$INFO[ListItem.Label]$INFO[Skin.String(genre.icons.ext)]</value>
        <value condition="Container.Content(genres) + Window.IsVisible(MyMusicNav.xml) + !String.IsEmpty(Skin.String(genre.music.path))">$INFO[Skin.String(genre.music.path)]$INFO[ListItem.Label]$INFO[Skin.String(genre.music.ext)]</value>
        <value>DefaultGenre.png</value>
    </variable>

    <variable name="ThumbImageStudios">
        <value condition="Container.Content(studios) + Window.IsVisible(MyVideoNav.xml) + !String.IsEmpty(Skin.String(studio.logos.path))">$INFO[Skin.String(studio.logos.path)]$INFO[ListItem.Label]$INFO[Skin.String(studio.logos.ext)]</value>
        <value condition="Container.Content(studios) + Window.IsVisible(MyMusicNav.xml) + !String.IsEmpty(Skin.String(recordlabel.logos.path))">$INFO[Skin.String(recordlabel.logos.path)]$INFO[ListItem.Label]$INFO[Skin.String(recordlabel.logos.ext)]</value>
    </variable>

    <variable name="ThumbImageStudiosDialogInfo">
        <value condition="!String.IsEmpty(Skin.String(studio.logos.path)) + !String.IsEmpty(Window(Home).Property(TMDbHelper.ListItem.Network.1.Name))">$INFO[Skin.String(studio.logos.path)]$INFO[Window(Home).Property(TMDbHelper.ListItem.Network.1.Name)]$INFO[Skin.String(studio.logos.ext)]</value>
        <value condition="!String.IsEmpty(Skin.String(studio.logos.path)) + !String.IsEmpty(Window(Home).Property(TMDbHelper.ListItem.Studio.1.Name))">$INFO[Skin.String(studio.logos.path)]$INFO[Window(Home).Property(TMDbHelper.ListItem.Studio.1.Name)]$INFO[Skin.String(studio.logos.ext)]</value>
        <value condition="!String.IsEmpty(Skin.String(studio.logos.path)) + !String.IsEmpty(ListItem.Studio)">$INFO[Skin.String(studio.logos.path)]$INFO[ListItem.Studio]$INFO[Skin.String(studio.logos.ext)]</value>
    </variable>
    
    <variable name="WidgetImageStudio">
        <value condition="!String.IsEmpty(Skin.String(studio.logos.path)) + [String.IsEqual(ListItem.DBTYPE,studio) | Container.Content(studios)]">$INFO[Skin.String(studio.logos.path)]$INFO[ListItem.Label]$INFO[Skin.String(studio.logos.ext)]</value>
    </variable>

    <variable name="ThumbImageRecordLabelDialogInfo">
        <value condition="!String.IsEmpty(Skin.String(recordlabel.logos.path))">$INFO[Skin.String(recordlabel.logos.path)]$INFO[ListItem.Property(Album_Label)]$INFO[Skin.String(recordlabel.logos.ext)]</value>
    </variable>

    <variable name="PlayerPoster">
        <value condition="!String.IsEmpty(Player.Art(tvshow.poster))">$INFO[Player.Art(tvshow.poster)]</value>
        <value condition="!String.IsEmpty(Player.Art(poster))">$INFO[Player.Art(poster)]</value>
        <value>$INFO[Player.Art(thumb)]</value>
    </variable>

    <variable name="BannerImage">
        <value condition="!String.IsEmpty(ListItem.Art(banner))">$INFO[ListItem.Art(banner)]</value>
        <value condition="!String.IsEmpty(ListItem.Art(tvshow.banner))">$INFO[ListItem.Art(tvshow.banner)]</value>
        <value condition="!String.IsEmpty(ListItem.Art(fanart))">$INFO[ListItem.Art(fanart)]</value>
        <value condition="!String.IsEmpty(ListItem.Thumb)">$INFO[ListItem.Thumb]</value>
        <value>$INFO[ListItem.Icon]</value>
    </variable>

    <variable name="BannerImage301">
        <value condition="!String.IsEmpty(Container(301).ListItem.Art(banner))">$INFO[Container(301).ListItem.Art(banner)]</value>
        <value condition="!String.IsEmpty(Container(301).ListItem.Art(tvshow.banner))">$INFO[Container(301).ListItem.Art(tvshow.banner)]</value>
        <value condition="!String.IsEmpty(Container(301).ListItem.Art(fanart))">$INFO[Container(301).ListItem.Art(fanart)]</value>
        <value condition="!String.IsEmpty(Container(301).ListItem.Thumb)">$INFO[Container(301).ListItem.Thumb]</value>
        <value>$INFO[Container(301).ListItem.Icon]</value>
    </variable>

    <variable name="FanartImage">
        <value condition="!String.IsEmpty(Container(5161).ListItem.Icon) + String.IsEqual(Container(5161).ListItem.DBTYPE,episode) + Control.HasFocus(5161)">$INFO[Container(5161).ListItem.Icon]</value>
        <value condition="!String.IsEmpty(ListItem.Art(animatedfanart)) + !Container.Content(episodes) + Skin.HasSetting(furniture.animatedfanarts)">$INFO[ListItem.Art(animatedfanart)]</value>
        <value condition="!String.IsEmpty(ListItem.Art(landscape)) + Container.Content(tvshows)">$INFO[ListItem.Art(landscape)]</value>
        <value condition="!String.IsEmpty(ListItem.Art(landscape)) + Container.Content(seasons)">$INFO[ListItem.Art(landscape)]</value>
        <value condition="!String.IsEmpty(ListItem.Art(tvshow.landscape)) + Container.Content(seasons)">$INFO[ListItem.Art(tvshow.landscape)]</value>
        <value condition="!String.IsEmpty(ListItem.Art(landscape)) + Container.Content(movies)">$INFO[ListItem.Art(landscape)]</value>
        <value condition="!String.IsEmpty(ListItem.Art(landscape)) + Container.Content(sets)">$INFO[ListItem.Art(landscape)]</value>
        <value condition="!String.IsEmpty(ListItem.Thumb) + String.IsEqual(ListItem.DBType,video)">$INFO[ListItem.Thumb]</value>
        <value condition="!String.IsEmpty(ListItem.Icon) + Container.Content(addons)">$INFO[ListItem.Icon]</value>
        <value condition="!String.IsEmpty(ListItem.Art(title)) + $EXP[InGameMode]">$INFO[ListItem.Art(title)]</value>
        <value condition="!String.IsEmpty(ListItem.Art(fanart)) + !Container.Content(episodes) + !Container.Content(albums)">$INFO[ListItem.Art(fanart)]</value>
        <value condition="!String.IsEmpty(ListItem.Thumb)">$INFO[ListItem.Thumb]</value>
        <value condition="!String.IsEmpty(ListItem.EpgEventIcon) + String.StartsWith(ListItem.FolderPath,pvr://timers)">$INFO[ListItem.EpgEventIcon]</value>
        <value>$INFO[ListItem.Icon]</value>
    </variable>

    <variable name="FanartImageFanart">
        <value condition="!String.IsEmpty(ListItem.Art(animatedfanart)) + !Container.Content(episodes) + Skin.HasSetting(furniture.animatedfanarts)">$INFO[ListItem.Art(animatedfanart)]</value>
        <value condition="!String.IsEmpty(ListItem.Art(snap)) + $EXP[InGameMode]">$INFO[ListItem.Art(snap)]</value>
        <value condition="!String.IsEmpty(ListItem.Art(fanart)) + !Container.Content(episodes)">$INFO[ListItem.Art(fanart)]</value>
        <value condition="!String.IsEmpty(ListItem.Thumb)">$INFO[ListItem.Thumb]</value>
        <value>$INFO[ListItem.Icon]</value>
    </variable>

    <variable name="FanartImageClearArt">
        <value condition="!String.IsEmpty(ListItem.Art(tvshow.clearlogo))">$INFO[ListItem.Art(tvshow.clearlogo)]</value>
        <value condition="!String.IsEmpty(ListItem.Art(clearlogo))">$INFO[ListItem.Art(clearlogo)]</value>
        <value condition="!String.IsEmpty(ListItem.Art(artist.clearlogo))">$INFO[ListItem.Art(artist.clearlogo)]</value>
    </variable>

    <variable name="WidgetThumbImage">
        <value condition="!String.IsEmpty(ListItem.Art(fanart)) + String.IsEqual(Container(300).ListItem.Property(widgetaspect),Fanart)">$INFO[ListItem.Art(fanart)]</value>
        <value condition="!String.IsEmpty(ListItem.Art(thumb)) + String.IsEqual(Container(300).ListItem.Property(widgetaspect),Thumbnail)">$INFO[ListItem.Art(thumb)]</value>
        <value condition="!String.IsEmpty(ListItem.Art(fanart))">$INFO[ListItem.Art(fanart)]</value>
        <value condition="!String.IsEmpty(ListItem.Art(thumb))">$INFO[ListItem.Art(thumb)]</value>
        <value condition="!String.IsEmpty(ListItem.Thumb)">$INFO[ListItem.Thumb]</value>
        <value condition="!String.IsEmpty(ListItem.EpgEventIcon) + String.StartsWith(ListItem.FolderPath,pvr://timers)">$INFO[ListItem.EpgEventIcon]</value>
        <value>$INFO[ListItem.Icon]</value>
    </variable>

    <variable name="WidgetFanartImage">
        <value condition="!String.IsEmpty(ListItem.Art(landscape)) + !Window.IsVisible(VideoOSDBookmarks.xml)">$INFO[ListItem.Art(landscape)]</value>
        <value condition="!String.IsEmpty(ListItem.Art(fanart)) + !Window.IsVisible(VideoOSDBookmarks.xml)">$INFO[ListItem.Art(fanart)]</value>
        <value condition="!String.IsEmpty(ListItem.Art(thumb))">$INFO[ListItem.Art(thumb)]</value>
        <value condition="!String.IsEmpty(ListItem.Thumb)">$INFO[ListItem.Thumb]</value>
        <value condition="!String.IsEmpty(ListItem.EpgEventIcon) + String.StartsWith(ListItem.FolderPath,pvr://timers)">$INFO[ListItem.EpgEventIcon]</value>
        <value>$INFO[ListItem.Icon]</value>
    </variable>

    <variable name="WidgetThumbnailImage">
        <value condition="!String.IsEmpty(ListItem.Art(fanart)) + [String.IsEqual(ListItem.DBType,movie) | String.IsEqual(ListItem.DBType,tvshow)]">$INFO[ListItem.Art(fanart)]</value>
        <value condition="!String.IsEmpty(ListItem.Art(thumb))">$INFO[ListItem.Art(thumb)]</value>
        <value condition="!String.IsEmpty(ListItem.Thumb)">$INFO[ListItem.Thumb]</value>
        <value condition="!String.IsEmpty(ListItem.EpgEventIcon) + String.StartsWith(ListItem.FolderPath,pvr://timers)">$INFO[ListItem.EpgEventIcon]</value>
        <value>$INFO[ListItem.Icon]</value>
    </variable>

    <variable name="WidgetThumbImageFeatured">
        <value condition="!String.IsEmpty(Container(301).ListItem.Art(fanart)) + String.IsEqual(Container(300).ListItem.Property(widgetaspect),Fanart)">$INFO[Container(301).ListItem.Art(fanart)]</value>
        <value condition="!String.IsEmpty(Container(301).ListItem.Art(thumb)) + String.IsEqual(Container(300).ListItem.Property(widgetaspect),Thumbnail)">$INFO[Container(301).ListItem.Art(thumb)]</value>
        <value condition="!String.IsEmpty(Container(301).ListItem.Art(fanart))">$INFO[Container(301).ListItem.Art(fanart)]</value>
        <value condition="!String.IsEmpty(Container(301).ListItem.Art(thumb))">$INFO[Container(301).ListItem.Art(thumb)]</value>
        <value condition="!String.IsEmpty(Container(301).ListItem.Thumb)">$INFO[Container(301).ListItem.Thumb]</value>
        <value>$INFO[Container(301).ListItem.Icon]</value>
    </variable>

    <variable name="MusicImage">
        <value condition="!String.IsEmpty(ListItem.Thumb)">$INFO[ListItem.Thumb]</value>
        <value condition="!String.IsEmpty(ListItem.Art(fanart))">$INFO[ListItem.Art(fanart)]</value>
        <value>$INFO[ListItem.Icon]</value>
    </variable>

    <variable name="PlayerClearart">
        <value condition="!String.IsEmpty(Player.Art(tvshow.clearart))">$INFO[Player.Art(tvshow.clearart)]</value>
        <value condition="!String.IsEmpty(Player.Art(clearart))">$INFO[Player.Art(clearart)]</value>
        <value condition="!String.IsEmpty(Player.Art(tvshow.clearlogo))">$INFO[Player.Art(tvshow.clearlogo)]</value>
        <value condition="!String.IsEmpty(Player.Art(clearlogo))">$INFO[Player.Art(clearlogo)]</value>
        <value condition="!String.IsEmpty(Player.Art(artist.clearart))">$INFO[Player.Art(artist.clearart)]</value>
    </variable>

    <variable name="MusicPlayerArt">
        <value condition="!String.IsEmpty(Player.Art(clearart)) + Skin.HasSetting(ShowClearArtMusicOSD)">$INFO[Player.Art(clearart)]</value>
        <value condition="!String.IsEmpty(Player.Art(artist.clearart)) + Skin.HasSetting(ShowClearArtMusicOSD)">$INFO[Player.Art(artist.clearart)]</value>
    </variable>
    
    <variable name="PlayerArtMusicNowPlaying">
        <value condition="!String.IsEmpty(Player.Art(clearart)) + Skin.HasSetting(ShowClearArtMusicNowPlaying)">$INFO[Player.Art(clearart)]</value>
        <value condition="!String.IsEmpty(Player.Art(artist.clearart)) + Skin.HasSetting(ShowClearArtMusicNowPlaying)">$INFO[Player.Art(artist.clearart)]</value>
    </variable>

    <variable name="PlayerArtNowPlaying">
        <value condition="!String.IsEmpty(Player.Art(tvshow.clearart))">$INFO[Player.Art(tvshow.clearart)]</value>
        <value condition="!String.IsEmpty(Player.Art(clearart))">$INFO[Player.Art(clearart)]</value>
        <value condition="!String.IsEmpty(Player.Art(artist.clearart))">$INFO[Player.Art(artist.clearart)]</value>
    </variable>

    <variable name="PVRThumb">
        <value condition="!String.IsEmpty(Window(Home).Property(TMDbHelper.ListItem.Fanart))">$INFO[Window(Home).Property(TMDbHelper.ListItem.Fanart)]</value>
        <value condition="!String.IsEmpty(Window(Home).Property(TMDbHelper.ListItem.Poster))">$INFO[Window(Home).Property(TMDbHelper.ListItem.Poster)]</value>
        <value condition="Window.IsVisible(MyPVRRecordings.xml)">$INFO[ListItem.Icon]</value>
        <value condition="Window.IsVisible(DialogPVRInfo.xml)">$INFO[ListItem.Icon]</value>
    </variable>

    <variable name="ChannelListEPGIconVar">
        <value condition="!String.IsEmpty(Window(Home).Property(TMDbHelper.ListItem.Fanart))">$INFO[Window(Home).Property(TMDbHelper.ListItem.Fanart)]</value>
        <value condition="!String.IsEmpty(Window(Home).Property(TMDbHelper.ListItem.Poster))">$INFO[Window(Home).Property(TMDbHelper.ListItem.Poster)]</value>
        <value condition="!String.IsEmpty(ListItem.EpgEventIcon)">$INFO[ListItem.EpgEventIcon]</value>
        <value>$INFO[ListItem.Icon]</value>
    </variable>

    <variable name="RottenTomatoes">
        <value condition="Integer.IsGreater(Window(Home).Property(TMDbHelper.ListItem.RottenTomatoes_Rating),74) + !String.IsEmpty(Window(Home).Property(TMDbHelper.ListItem.RottenTomatoes_Rating))">ratings/hot.png</value>
        <value condition="Integer.IsGreater(Window(Home).Property(TMDbHelper.ListItem.RottenTomatoes_Rating),59) + !String.IsEmpty(Window(Home).Property(TMDbHelper.ListItem.RottenTomatoes_Rating))">ratings/tomato.png</value>
        <value condition="Integer.IsGreater(Window(Home).Property(TMDbHelper.ListItem.RottenTomatoes_Rating),0) + !String.IsEmpty(Window(Home).Property(TMDbHelper.ListItem.RottenTomatoes_Rating))">ratings/rt.png</value>
        <value></value>
    </variable>

    <variable name="RottenTomatoesAudience">
        <value condition="Integer.IsGreater(Window(Home).Property(TMDbHelper.ListItem.RottenTomatoes_UserMeter),59) + !String.IsEmpty(Window(Home).Property(TMDbHelper.ListItem.RottenTomatoes_UserMeter))">ratings/good.png</value>
        <value condition="Integer.IsGreater(Window(Home).Property(TMDbHelper.ListItem.RottenTomatoes_UserMeter),0) + !String.IsEmpty(Window(Home).Property(TMDbHelper.ListItem.RottenTomatoes_UserMeter))">ratings/notgood.png</value>
    </variable>

    <variable name="MusicDiscart">
        <value condition="!String.IsEmpty(Player.Art(album.discart))">$INFO[Player.Art(album.discart)]</value>
        <value condition="!String.IsEmpty(Player.Art(discart))">$INFO[Player.Art(discart)]</value>
        <value condition="Skin.HasSetting(osd.music.disc.fallback.vinyl)">misc/vinyl.png</value>
        <value condition="!String.IsEmpty(Player.Art(Thumb)) + Skin.HasSetting(osd.music.disc.fake.cd)">$INFO[Player.Art(thumb)]</value>
        <value>misc/default_cd.png</value>
    </variable>

    <variable name="VideoDiscart">
        <value condition="!String.IsEmpty(Player.Art(discart))">$INFO[Player.Art(discart)]</value>
        <value condition="Skin.HasSetting(home.video.disc.fallback.bluray)">misc/bd.png</value>
        <value condition="!String.IsEmpty(Player.Art(Thumb)) + Skin.HasSetting(home.video.disc.fake.bluray)">$VAR[PlayerPoster]</value>
        <value>misc/default_cd.png</value>
    </variable>

    <variable name="ImageViewSelector">
        <value condition="ControlGroup(9001).HasFocus(3120)">special://skin/extras/views/$VAR[ColorTheme,,/]513.jpg</value>
        <value condition="ControlGroup(9001).HasFocus(3102)">special://skin/extras/views/$VAR[ColorTheme,,/]521.jpg</value>
        <value condition="ControlGroup(9001).HasFocus(3103)">special://skin/extras/views/$VAR[ColorTheme,,/]522.jpg</value>
        <value condition="ControlGroup(9001).HasFocus(3125)">special://skin/extras/views/$VAR[ColorTheme,,/]512.jpg</value>
        <value condition="ControlGroup(9001).HasFocus(3126)">special://skin/extras/views/$VAR[ColorTheme,,/]511.jpg</value>
        <value condition="ControlGroup(9001).HasFocus(3141)">special://skin/extras/views/$VAR[ColorTheme,,/]501.jpg</value>
        <value condition="ControlGroup(9001).HasFocus(3121)">special://skin/extras/views/$VAR[ColorTheme,,/]507.jpg</value>
        <value condition="ControlGroup(9001).HasFocus(3139)">special://skin/extras/views/$VAR[ColorTheme,,/]56.jpg</value>
        <value condition="ControlGroup(9001).HasFocus(3124)">special://skin/extras/views/$VAR[ColorTheme,,/]504.jpg</value>
        <value condition="ControlGroup(9001).HasFocus(3123)">special://skin/extras/views/$VAR[ColorTheme,,/]509.jpg</value>
        <value condition="ControlGroup(9001).HasFocus(3127)">special://skin/extras/views/$VAR[ColorTheme,,/]55.jpg</value>
        <value condition="ControlGroup(9001).HasFocus(3128)">special://skin/extras/views/$VAR[ColorTheme,,/]57.jpg</value>
        <value condition="ControlGroup(9001).HasFocus(3129)">special://skin/extras/views/$VAR[ColorTheme,,/]555.jpg</value>
        <value condition="ControlGroup(9001).HasFocus(3130)">special://skin/extras/views/$VAR[ColorTheme,,/]59.jpg</value>
        <value condition="ControlGroup(9001).HasFocus(3131)">special://skin/extras/views/$VAR[ColorTheme,,/]54.jpg</value>
        <value condition="ControlGroup(9001).HasFocus(3132)">special://skin/extras/views/$VAR[ColorTheme,,/]51.jpg</value>
        <value condition="ControlGroup(9001).HasFocus(3133)">special://skin/extras/views/$VAR[ColorTheme,,/]58.jpg</value>
        <value condition="ControlGroup(9001).HasFocus(3134)">special://skin/extras/views/$VAR[ColorTheme,,/]52.jpg</value>
        <value condition="ControlGroup(9001).HasFocus(3135)">special://skin/extras/views/$VAR[ColorTheme,,/]500.jpg</value>
        <value condition="ControlGroup(9001).HasFocus(3136)">special://skin/extras/views/$VAR[ColorTheme,,/]53.jpg</value>
        <value condition="ControlGroup(9001).HasFocus(3137)">special://skin/extras/views/$VAR[ColorTheme,,/]57.jpg</value>
        <value condition="ControlGroup(9001).HasFocus(3138)">special://skin/extras/views/$VAR[ColorTheme,,/]50.jpg</value>
        <value condition="ControlGroup(9001).HasFocus(3101)">special://skin/extras/views/$VAR[ColorTheme,,/]520.jpg</value>
        <value condition="ControlGroup(9001).HasFocus(3122)">special://skin/extras/views/$VAR[ColorTheme,,/]510.jpg</value>
        <value condition="ControlGroup(9001).HasFocus(3142)">special://skin/extras/views/$VAR[ColorTheme,,/]514.jpg</value>
        <value condition="ControlGroup(9001).HasFocus(3140)">special://skin/extras/views/$VAR[ColorTheme,,/]515.jpg</value>
        <value condition="ControlGroup(9001).HasFocus(3143)">special://skin/extras/views/$VAR[ColorTheme,,/]517.jpg</value>
        <value condition="ControlGroup(9001).HasFocus(3157)">special://skin/extras/views/$VAR[ColorTheme,,/]516.jpg</value>
        <value condition="ControlGroup(9001).HasFocus(3119)">special://skin/extras/views/$VAR[ColorTheme,,/]519.jpg</value>
        <value condition="ControlGroup(9001).HasFocus(3104)">special://skin/extras/views/$VAR[ColorTheme,,/]524.jpg</value>
        <value condition="ControlGroup(9001).HasFocus(3158)">special://skin/extras/views/$VAR[ColorTheme,,/]526.jpg</value>
        <value condition="ControlGroup(9001).HasFocus(31381)">special://skin/extras/views/$VAR[ColorTheme,,/]527.jpg</value>
    </variable>

    <variable name="ImageViewSelectorMusic">
        <value condition="ControlGroup(9001).HasFocus(3120)">special://skin/extras/views/$VAR[ColorTheme,,/]514Music.jpg</value>
        <value condition="ControlGroup(9001).HasFocus(3121)">special://skin/extras/views/$VAR[ColorTheme,,/]500Music.jpg</value>
        <value condition="ControlGroup(9001).HasFocus(3122)">special://skin/extras/views/$VAR[ColorTheme,,/]50Music.jpg</value>
        <value condition="ControlGroup(9001).HasFocus(3123)">special://skin/extras/views/$VAR[ColorTheme,,/]506Music.jpg</value>
        <value condition="ControlGroup(9001).HasFocus(3124)">special://skin/extras/views/$VAR[ColorTheme,,/]57Music.jpg</value>
        <value condition="ControlGroup(9001).HasFocus(3125)">special://skin/extras/views/$VAR[ColorTheme,,/]51Music.jpg</value>
        <value condition="ControlGroup(9001).HasFocus(3126)">special://skin/extras/views/$VAR[ColorTheme,,/]505Music.jpg</value>
        <value condition="ControlGroup(9001).HasFocus(3127)">special://skin/extras/views/$VAR[ColorTheme,,/]503Music.jpg</value>
        <value condition="ControlGroup(9001).HasFocus(3128)">special://skin/extras/views/$VAR[ColorTheme,,/]54Music.jpg</value>
        <value condition="ControlGroup(9001).HasFocus(3130)">special://skin/extras/views/$VAR[ColorTheme,,/]523Music.jpg</value>
    </variable>

    <variable name="UpNextImage">
        <value condition="!String.IsEmpty(Window.Property(fanart))">$INFO[Window.Property(fanart)]</value>
        <value>$INFO[Window.Property(thumb)]</value>
    </variable>
    
    <variable name="Image_Thumb_Label">
        <value condition="!String.IsEmpty(ListItem.Thumb)">$INFO[ListItem.Thumb]</value>
        <value>$INFO[ListItem.Label]</value>
    </variable>
    
    <variable name="Image_55_Thumb_Label">
        <value condition="!String.IsEmpty(Container(55).ListItem.Thumb)">$INFO[Container(55).ListItem.Thumb]</value>
        <value>$INFO[Container(55).ListItem.Label]</value>
    </variable>
    
    <variable name="Image_Content_Additional_Fanart">
        <value>plugin://plugin.video.themoviedb.helper/?info=fanart&amp;type=$VAR[Tmdb_Type]$VAR[Info_Query]&amp;nextpage=false</value>
    </variable>

    <variable name="Image_SimpleBackground">
        <value condition="!String.IsEmpty(Skin.String(fanart.fallback))">$INFO[Skin.String(fanart.fallback)]</value>
        <value condition="!String.IsEmpty(Skin.String(Background.Image))">$INFO[Skin.String(Background.Image)]</value>
        <value>special://skin/extras/backgrounds/blur/classic_blur.jpg</value>
    </variable>

    <variable name="Image_WeatherCurrent">
        <value condition="$EXP[HasWeatherFanartSingle] + !String.IsEmpty(Window(Weather).Property(Current.FanartCode))">$VAR[WeatherFanartPath]$INFO[Window(Weather).Property(Current.FanartCode),,.jpg]</value>
        <value condition="$EXP[HasWeatherFanartSingle] + String.IsEmpty(Window(Weather).Property(Current.FanartCode))">$VAR[WeatherFanartPath,,na.jpg]</value>
        <value condition="$EXP[HasWeatherFanartMulti] + !String.IsEmpty(Window(Weather).Property(Current.FanartCode))">$VAR[WeatherFanartPath]$INFO[Window(Weather).Property(Current.FanartCode),,/]</value>
        <value condition="$EXP[HasWeatherFanartMulti] + String.IsEmpty(Window(Weather).Property(Current.FanartCode))">$VAR[WeatherFanartPath,,na/]</value>
    </variable>
    
    
    <variable name="Visualisation_Image">
        <value condition="$EXP[Visualisation_ShowSlideshow] + !String.IsEmpty(Window(Visualisation).Property(ArtistSlideshow.Image))">$INFO[Window(Visualisation).Property(ArtistSlideshow.Image)]</value>
        <value condition="$EXP[Visualisation_ShowFanart]">$INFO[Player.Art(fanart)]</value>
        <value condition="$EXP[Visualisation_ShowFanart] + !String.IsEmpty(Skin.String(fanart.fallback.music))">$INFO[Skin.String(fanart.fallback.music)]</value>
    </variable>
    
    <variable name="SkinHelperPing">
        <value condition="!String.IsEmpty(Window(home).Property(SkinHelperPING))">dialog/on.png</value>
        <value>dialog/off.png</value>
    </variable>
    
    <variable name="VideoListCastFallbackPicture">
        <value condition="!String.IsEqual(ListItem.DBType,set)">DefaultActor.png</value>
        <value condition="String.IsEqual(ListItem.DBType,set)">DefaultMovieTitle.png</value>
    </variable>

    <variable name="VideoListSimilarFallbackPicture">
        <value condition="String.IsEqual(ListItem.DBType,movie)">DefaultMovieTitle.png</value>
        <value condition="String.IsEqual(ListItem.DBType,tvshow)">DefaultTVShowTitle.png</value>
    </variable>

    <variable name="AudioCodecImage">
        <value condition="$EXP[IsAudioCodecATMOS]">$VAR[MediaFlagsPath]/audio/atmos.png</value>
        <value condition="$EXP[IsAudioCodecDTSX]">$VAR[MediaFlagsPath]/audio/dtshd_ma_x.png</value>
        <value condition="String.IsEqual(ListItem.AudioCodec,eac3_ddp_atmos) | [VideoPlayer.IsFullscreen + String.IsEqual(VideoPlayer.AudioCodec,eac3_ddp_atmos)] | [Window.IsActive(visualisation) + String.IsEqual(MusicPlayer.Codec,eac3_ddp_atmos)]">$VAR[MediaFlagsPath]/audio/atmos.png</value>
        <value condition="String.IsEqual(ListItem.AudioCodec,truehd_atmos) | [VideoPlayer.IsFullscreen + String.IsEqual(VideoPlayer.AudioCodec,truehd_atmos)] | [Window.IsActive(visualisation) + String.IsEqual(MusicPlayer.Codec,truehd_atmos)]">$VAR[MediaFlagsPath]/audio/atmos.png</value>
        <value condition="String.IsEqual(ListItem.AudioCodec,aac_latm) | [VideoPlayer.IsFullscreen + String.IsEqual(VideoPlayer.AudioCodec,aac_latm)] | [Window.IsActive(visualisation) + String.IsEqual(MusicPlayer.Codec,aac_latm)]">$VAR[MediaFlagsPath]/audio/aac.png</value>
        <value condition="String.IsEqual(ListItem.AudioCodec,aac_lc) | [VideoPlayer.IsFullscreen + String.IsEqual(VideoPlayer.AudioCodec,aac_lc)] | [Window.IsActive(visualisation) + String.IsEqual(MusicPlayer.Codec,aac_lc)]">$VAR[MediaFlagsPath]/audio/aac.png</value>
        <value condition="String.IsEqual(ListItem.AudioCodec,he_aac) | [VideoPlayer.IsFullscreen + String.IsEqual(VideoPlayer.AudioCodec,he_aac)] | [Window.IsActive(visualisation) + String.IsEqual(MusicPlayer.Codec,he_aac)]">$VAR[MediaFlagsPath]/audio/aac.png</value>
        <value condition="String.IsEqual(ListItem.AudioCodec,he_aac_v2) | [VideoPlayer.IsFullscreen + String.IsEqual(VideoPlayer.AudioCodec,he_aac_v2)] | [Window.IsActive(visualisation) + String.IsEqual(MusicPlayer.Codec,he_aac_v2)]">$VAR[MediaFlagsPath]/audio/aac.png</value>
        <value condition="String.IsEqual(ListItem.AudioCodec,aac_ssr) | [VideoPlayer.IsFullscreen + String.IsEqual(VideoPlayer.AudioCodec,aac_ssr)] | [Window.IsActive(visualisation) + String.IsEqual(MusicPlayer.Codec,aac_ssr)]">$VAR[MediaFlagsPath]/audio/aac.png</value>
        <value condition="String.IsEqual(ListItem.AudioCodec,aac_ltp) | [VideoPlayer.IsFullscreen + String.IsEqual(VideoPlayer.AudioCodec,aac_ltp)] | [Window.IsActive(visualisation) + String.IsEqual(MusicPlayer.Codec,aac_ltp)]">$VAR[MediaFlagsPath]/audio/aac.png</value>
        <value condition="!VideoPlayer.IsFullscreen + !Window.IsActive(visualisation) + !String.IsEmpty(ListItem.AudioCodec)">$VAR[MediaFlagsPath]$INFO[ListItem.AudioCodec,/audio/,.png]</value>
        <value condition="VideoPlayer.IsFullscreen + !String.IsEmpty(VideoPlayer.AudioCodec)">$VAR[MediaFlagsPath]$INFO[VideoPlayer.AudioCodec,/audio/,.png]</value>
        <value condition="Window.IsActive(visualisation) + !String.IsEmpty(MusicPlayer.Codec)">$VAR[MediaFlagsPath]$INFO[MusicPlayer.Codec,/audio/,.png]</value>
    </variable>

    <variable name="AudioCodecImageHub">
        <value condition="$EXP[IsAudioCodecATMOSHub]">$VAR[MediaFlagsPath]/audio/atmos.png</value>
        <value condition="$EXP[IsAudioCodecDTSXHub]">$VAR[MediaFlagsPath]/audio/dtshd_ma_x.png</value>
        <value condition="String.IsEqual(Container(9500).ListItem.AudioCodec,eac3_ddp_atmos)">$VAR[MediaFlagsPath]/audio/atmos.png</value>
        <value condition="String.IsEqual(Container(9500).ListItem.AudioCodec,truehd_atmos)">$VAR[MediaFlagsPath]/audio/atmos.png</value>
        <value condition="String.IsEqual(Container(9500).ListItem.AudioCodec,aac_latm)">$VAR[MediaFlagsPath]/audio/aac.png</value>
        <value condition="String.IsEqual(Container(9500).ListItem.AudioCodec,aac_lc)">$VAR[MediaFlagsPath]/audio/aac.png</value>
        <value condition="String.IsEqual(Container(9500).ListItem.AudioCodec,he_aac)">$VAR[MediaFlagsPath]/audio/aac.png</value>
        <value condition="String.IsEqual(Container(9500).ListItem.AudioCodec,he_aac_v2)">$VAR[MediaFlagsPath]/audio/aac.png</value>
        <value condition="String.IsEqual(Container(9500).ListItem.AudioCodec,aac_ssr)">$VAR[MediaFlagsPath]/audio/aac.png</value>
        <value condition="String.IsEqual(Container(9500).ListItem.AudioCodec,aac_ltp)">$VAR[MediaFlagsPath]/audio/aac.png</value>
        <value condition="!String.IsEmpty(Container(9500).ListItem.AudioCodec)">$VAR[MediaFlagsPath]$INFO[Container(9500).ListItem.AudioCodec,/audio/,.png]</value>
    </variable>

    <variable name="VideoHDRTypeImage">
        <value condition="$EXP[IsVideoHDR10Plus]">$VAR[MediaFlagsPath]/other/hdr10plus.png</value>
        <value condition="!VideoPlayer.IsFullscreen + !String.IsEmpty(ListItem.HdrType)">$VAR[MediaFlagsPath]$INFO[ListItem.HdrType,/other/,.png]</value>
        <value condition="VideoPlayer.IsFullscreen + !String.IsEmpty(VideoPlayer.HdrType)">$VAR[MediaFlagsPath]$INFO[VideoPlayer.HdrType,/other/,.png]</value>
    </variable>

    <variable name="VideoHDRTypeImageHub">
        <value condition="$EXP[IsVideoHDR10PlusHub]">$VAR[MediaFlagsPath]/other/hdr10plus.png</value>
        <value condition="Container(9500).ListItem.HdrType">$VAR[MediaFlagsPath]$INFO[Container(9500).ListItem.HdrType,/other/,.png]</value>
    </variable>

</includes>