<?xml version="1.0" encoding="UTF-8"?>
<includes>

    <include name="InfoSubWidgetWeatherNormal">
        <control type="group">
            <animation effect="slide" start="0" end="0,385" time="0" condition="[Integer.IsEqual(Container(301).NumItems,1) + !String.IsEqual(Container(300).ListItem.Property(widgetFullscreen),yes)] +  !Skin.HasSetting(homemenu.netflix)">Conditional</animation>
            <animation effect="slide" start="0" end="0,-40" time="0" condition="!Skin.HasSetting(homemenu.clean.flix) + Skin.HasSetting(show.reflections)">Conditional</animation>
            <include condition="!Skin.HasSetting(widgets.fade)">Animation.Vertical.Widgets.Label</include>
            <width>1920</width>
            <height>400</height>
            <control type="group">
                <left>0</left>
                <include content="MultiWidgetsHeaderLabel">
                    <param name="label" value="$VAR[LabelWeatherLocation]" />
                    <param name="visible" value="true" />
                </include>
                <control type="group">
					<visible>!String.IsEmpty(Window(weather).Property(Current.IsFetched))</visible>
                    <include content="def_top" condition="Skin.HasSetting(homemenu.netflix) + !Skin.HasSetting(home.netflix.clearlogo) | Skin.HasSetting(homemenu.clean.flix)">
                        <param name="top" value="92" />
                    </include>
					<top>75</top>
                    <orientation>horizontal</orientation>
                    <control type="group">
                        <include>Animation.Weather.FadeInOut</include>
                        <visible>[[Integer.IsGreater(System.Time(ss),0) | String.IsEqual(System.Time(ss),00)] + !Integer.IsGreater(System.Time(ss),10)] | [Integer.IsGreater(System.Time(ss),20) + !Integer.IsGreater(System.Time(ss),30)] | [Integer.IsGreater(System.Time(ss),40) + !Integer.IsGreater(System.Time(ss),50)]</visible>
	                    <control type="grouplist">
	                        <itemgap>0</itemgap>
	                        <width>300</width>
	                        <usecontrolcoords>true</usecontrolcoords>
	                        <orientation>vertical</orientation>
	                        <control type="grouplist">
	                            <orientation>horizontal</orientation>
	                            <align>left</align>
	                            <height>48</height>
	                            <control type="button">
	                                <height>48</height>
	                                <font>Tiny</font>
	                                <align>left</align>
	                                <textoffsetx>0</textoffsetx>
	                                <width>auto</width>
	                                <texturenofocus border="8" colordiffuse="Dark3">common/underline.png</texturenofocus>
	                                <textcolor>Dark2</textcolor>
	                                <disabledcolor>Dark2</disabledcolor>
	                                <label>$LOCALIZE[19030]: $VAR[Weather_Temperature]</label>
	                                <enable>false</enable>
	                            </control>
	                        </control>
	                        <control type="label">
	                            <height>32</height>
	                            <aligny>top</aligny>
	                            <align>left</align>
	                            <font>Tiny</font>
	                            <textcolor>Dark2</textcolor>
	                            <label>$INFO[Window(Weather).Property(Current.Condition)]</label>
	                        </control>
	                        <control type="grouplist">
	                            <top>24</top>
	                            <orientation>horizontal</orientation>
	                            <align>left</align>
	                            <height>48</height>
	                            <control type="button">
	                                <height>48</height>
	                                <font>Tiny</font>
	                                <align>left</align>
	                                <textoffsetx>0</textoffsetx>
	                                <width>auto</width>
	                                <texturenofocus border="8" colordiffuse="Dark3">common/underline.png</texturenofocus>
	                                <textcolor>Dark2</textcolor>
	                                <disabledcolor>Dark2</disabledcolor>
	                                <label>$INFO[Window(Weather).Property(Current.Humidity),, $LOCALIZE[406]]</label>
	                                <enable>false</enable>
	                            </control>
	                        </control>
	                        <control type="label">
	                            <height>32</height>
	                            <aligny>top</aligny>
	                            <align>left</align>
	                            <font>Tiny</font>
	                            <textcolor>Dark2</textcolor>
	                            <label>$VAR[Weather_DewPoint,$LOCALIZE[405] ,]</label>
	                        </control>
	                    </control>
	                    <control type="grouplist">
	                        <itemgap>0</itemgap>
	                        <left>325</left>
	                        <usecontrolcoords>true</usecontrolcoords>
	                        <orientation>vertical</orientation>
	                        <control type="grouplist">
	                            <orientation>horizontal</orientation>
	                            <align>left</align>
	                            <height>48</height>
	                            <control type="button">
	                                <height>48</height>
	                                <font>Tiny</font>
	                                <align>left</align>
	                                <textoffsetx>0</textoffsetx>
	                                <width>auto</width>
	                                <texturenofocus border="8" colordiffuse="Dark3">common/underline.png</texturenofocus>
	                                <textcolor>Dark2</textcolor>
	                                <disabledcolor>Dark2</disabledcolor>
	                                <label>$VAR[Weather_Sunrise]</label>
	                                <enable>false</enable>
	                            </control>
	                        </control>
	                        <control type="label">
	                            <height>32</height>
	                            <aligny>top</aligny>
	                            <align>left</align>
	                            <font>Tiny</font>
	                            <textcolor>Dark2</textcolor>
	                            <label>$LOCALIZE[402]$VAR[Weather_FeelsLike, ,]</label>
	                        </control>
	                        <control type="grouplist">
	                            <top>24</top>
	                            <orientation>horizontal</orientation>
	                            <align>left</align>
	                            <height>48</height>
	                            <control type="button">
	                                <height>48</height>
	                                <font>Tiny</font>
	                                <align>left</align>
	                                <textoffsetx>0</textoffsetx>
	                                <width>auto</width>
	                                <texturenofocus border="8" colordiffuse="Dark3">common/underline.png</texturenofocus>
	                                <textcolor>Dark2</textcolor>
	                                <disabledcolor>Dark2</disabledcolor>
	                                <label>$VAR[Weather_Sunset]</label>
	                                <enable>false</enable>
	                            </control>
	                        </control>
	                        <control type="label">
	                            <height>32</height>
	                            <aligny>top</aligny>
	                            <align>left</align>
	                            <font>Tiny</font>
	                            <textcolor>Dark2</textcolor>
	                            <label>$VAR[Weather_LowTemp,$LOCALIZE[391] ,]$VAR[Weather_HighTemp,  -  $LOCALIZE[393] ,]</label>
	                        </control>
	                    </control>
                    </control>
                    <control type="group">
                        <include>Animation.Weather.FadeInOut</include>
                        <visible>![[[Integer.IsGreater(System.Time(ss),0) | String.IsEqual(System.Time(ss),00)] + !Integer.IsGreater(System.Time(ss),10)] | [Integer.IsGreater(System.Time(ss),20) + !Integer.IsGreater(System.Time(ss),30)] | [Integer.IsGreater(System.Time(ss),40) + !Integer.IsGreater(System.Time(ss),50)]] + $EXP[WeatherAddon_IsOpenMeteo]</visible>
	                    <control type="grouplist">
	                        <left>0</left>
	                        <itemgap>0</itemgap>
	                        <width>300</width>
	                        <usecontrolcoords>true</usecontrolcoords>
	                        <orientation>vertical</orientation>
	                        <control type="grouplist">
	                            <orientation>horizontal</orientation>
	                            <align>left</align>
	                            <height>48</height>
	                            <control type="button">
	                                <height>48</height>
	                                <font>Tiny</font>
	                                <align>left</align>
	                                <textoffsetx>0</textoffsetx>
	                                <width>auto</width>
	                                <texturenofocus border="8" colordiffuse="Dark3">common/underline.png</texturenofocus>
	                                <textcolor>Dark2</textcolor>
	                                <disabledcolor>Dark2</disabledcolor>
	                                <label>$LOCALIZE[383]</label>
	                                <enable>false</enable>
	                            </control>
	                        </control>
	                        <control type="label">
	                            <height>32</height>
	                            <aligny>top</aligny>
	                            <align>left</align>
	                            <font>Tiny</font>
	                            <textcolor>Dark2</textcolor>
	                            <label>$INFO[Window(Weather).Property(Current.Wind)]</label>
	                        </control>
	                        <control type="grouplist">
	                            <top>24</top>
	                            <orientation>horizontal</orientation>
	                            <align>left</align>
	                            <height>48</height>
	                            <control type="button">
	                                <height>48</height>
	                                <font>Tiny</font>
	                                <align>left</align>
	                                <textoffsetx>0</textoffsetx>
	                                <width>auto</width>
	                                <texturenofocus border="8" colordiffuse="Dark3">common/underline.png</texturenofocus>
	                                <textcolor>Dark2</textcolor>
	                                <disabledcolor>Dark2</disabledcolor>
	                                <label>$INFO[Window(weather).Property(current.windgust),$ADDON[weather.openmeteo 32324] , ]$INFO[Window(weather).Property(unit.speed)]</label>
	                                <enable>false</enable>
	                            </control>
	                        </control>
	                        <control type="label">
	                            <height>32</height>
	                            <aligny>top</aligny>
	                            <align>left</align>
	                            <font>Tiny</font>
	                            <textcolor>Dark2</textcolor>
	                            <label>$INFO[Window(weather).Property(current.pressure),$ADDON[weather.openmeteo 32347] , ]$INFO[Window(weather).Property(unit.pressure)]</label>
	                        </control>
	                    </control>
	                    <control type="grouplist">
	                        <left>325</left>
	                        <itemgap>0</itemgap>
	                        <usecontrolcoords>true</usecontrolcoords>
	                        <orientation>vertical</orientation>
	                        <control type="grouplist">
	                            <orientation>horizontal</orientation>
	                            <align>left</align>
	                            <height>48</height>
	                            <control type="button">
	                                <height>48</height>
	                                <font>Tiny</font>
	                                <align>left</align>
	                                <textoffsetx>0</textoffsetx>
	                                <width>auto</width>
	                                <texturenofocus border="8" colordiffuse="Dark3">common/underline.png</texturenofocus>
	                                <textcolor>Dark2</textcolor>
	                                <disabledcolor>Dark2</disabledcolor>
		                            <label>$INFO[Window(weather).Property(current.precipitation),$ADDON[weather.openmeteo 32321] ,]</label>
	                                <enable>false</enable>
	                            </control>
	                        </control>
	                        <control type="label">
	                            <height>32</height>
	                            <aligny>top</aligny>
	                            <align>left</align>
	                            <font>Tiny</font>
	                            <textcolor>Dark2</textcolor>
                                <label>$INFO[Window(weather).Property(current.cloudiness),$ADDON[weather.openmeteo 32334] ,]</label>
	                        </control>
	                        <control type="grouplist">
	                            <top>24</top>
	                            <orientation>horizontal</orientation>
	                            <align>left</align>
	                            <height>48</height>
	                            <control type="button">
	                                <height>48</height>
	                                <font>Tiny</font>
	                                <align>left</align>
	                                <textoffsetx>0</textoffsetx>
	                                <width>auto</width>
	                                <texturenofocus border="8" colordiffuse="Dark3">common/underline.png</texturenofocus>
	                                <textcolor>Dark2</textcolor>
	                                <disabledcolor>Dark2</disabledcolor>
			                        <label>AQI$INFO[Window(weather).Property(current.aqieu), , (EU)]$INFO[Window(weather).Property(current.aqius), / , (US)]</label>
	                                <enable>false</enable>
	                            </control>
	                        </control>
	                        <control type="label">
	                            <height>32</height>
	                            <aligny>top</aligny>
	                            <align>left</align>
	                            <font>Tiny</font>
	                            <textcolor>Dark2</textcolor>
	                            <label>$INFO[Window(weather).Property(current.uvindex),$ADDON[weather.openmeteo 32329] ,]</label>
	                        </control>
	                	</control>
                    </control>
                    <control type="group">
                        <include>Animation.Weather.FadeInOut</include>
                        <visible>![[[Integer.IsGreater(System.Time(ss),0) | String.IsEqual(System.Time(ss),00)] + !Integer.IsGreater(System.Time(ss),10)] | [Integer.IsGreater(System.Time(ss),20) + !Integer.IsGreater(System.Time(ss),30)] | [Integer.IsGreater(System.Time(ss),40) + !Integer.IsGreater(System.Time(ss),50)]] + !$EXP[WeatherAddon_IsOpenMeteo]</visible>
	                    <control type="grouplist">
	                        <left>0</left>
	                        <itemgap>0</itemgap>
	                        <width>300</width>
	                        <usecontrolcoords>true</usecontrolcoords>
	                        <orientation>vertical</orientation>
	                        <control type="grouplist">
	                            <orientation>horizontal</orientation>
	                            <align>left</align>
	                            <height>48</height>
	                            <control type="button">
	                                <height>48</height>
	                                <font>Tiny</font>
	                                <align>left</align>
	                                <textoffsetx>0</textoffsetx>
	                                <width>auto</width>
	                                <texturenofocus border="8" colordiffuse="Dark3">common/underline.png</texturenofocus>
	                                <textcolor>Dark2</textcolor>
	                                <disabledcolor>Dark2</disabledcolor>
	                                <label>$LOCALIZE[383]</label>
	                                <enable>false</enable>
	                            </control>
	                        </control>
	                        <control type="label">
	                            <height>32</height>
	                            <aligny>top</aligny>
	                            <align>left</align>
	                            <font>Tiny</font>
	                            <textcolor>Dark2</textcolor>
	                            <label>$INFO[Window(Weather).Property(Current.Wind)]</label>
	                        </control>
	                        <control type="grouplist">
	                            <top>24</top>
	                            <orientation>horizontal</orientation>
	                            <align>left</align>
	                            <height>48</height>
	                            <control type="button">
	                                <height>48</height>
	                                <font>Tiny</font>
	                                <align>left</align>
	                                <textoffsetx>0</textoffsetx>
	                                <width>auto</width>
	                                <texturenofocus border="8" colordiffuse="Dark3">common/underline.png</texturenofocus>
	                                <textcolor>Dark2</textcolor>
	                                <disabledcolor>Dark2</disabledcolor>
	                                <label>$VAR[Weather_UVIndex_Label]</label>
	                                <enable>false</enable>
	                            </control>
	                        </control>
	                        <control type="label">
	                            <height>32</height>
	                            <aligny>top</aligny>
	                            <align>left</align>
	                            <font>Tiny</font>
	                            <textcolor>Dark2</textcolor>
	                            <label>$VAR[Weather_UVIndex_Info]</label>
	                        </control>
	                    </control>
	                    <control type="grouplist">
	                        <left>325</left>
	                        <itemgap>0</itemgap>
	                        <usecontrolcoords>true</usecontrolcoords>
	                        <orientation>vertical</orientation>
	                        <control type="grouplist">
	                            <orientation>horizontal</orientation>
	                            <align>left</align>
	                            <height>48</height>
	                            <control type="button">
	                                <height>48</height>
	                                <font>Tiny</font>
	                                <align>left</align>
	                                <textoffsetx>0</textoffsetx>
	                                <width>auto</width>
	                                <texturenofocus border="8" colordiffuse="Dark3">common/underline.png</texturenofocus>
	                                <textcolor>Dark2</textcolor>
	                                <disabledcolor>Dark2</disabledcolor>
	                                <label>$LOCALIZE[31413]</label>
	                                <enable>false</enable>
	                            </control>
	                        </control>
	                        <control type="label">
	                            <height>32</height>
	                            <aligny>top</aligny>
	                            <align>left</align>
	                            <font>Tiny</font>
	                            <textcolor>Dark2</textcolor>
	                            <label>$INFO[Weather.location]</label>
	                        </control>
	                    </control>
                    </control>
                    <control type="grouplist">
                        <width>422</width>
                        <right>SidePad</right>
                        <orientation>vertical</orientation>
                        <usecontrolcoords>true</usecontrolcoords>
                        <animation effect="fade" start="100" end="0" time="400" condition="!ControlGroup(301).HasFocus() + $EXP[HomeIsVerticalMultiWidgets]">Conditional</animation>
                        <itemgap>15</itemgap>
				        <include content="def_weathericon">
							<param name="top" value="0" />
							<param name="left" value="20" />
							<param name="size" value="300" />
							<param name="FanartCode" value="$INFO[Window(weather).Property(Current.FanartCode)]" />
							<param name="OutlookIconWMO" value="$INFO[Window(weather).Property(Current.OutlookIconWMO)]" />
						</include>
                    </control>
                </control>
            </control>
            <control type="label">
                <centertop>305</centertop>
                <height>36</height>
                <align>left</align>
                <font>Tiny</font>
                <textcolor>Dark3</textcolor>
                <visible>Skin.HasSetting(homemenu.netflix)</visible>
                <label>$INFO[System.AddonTitle(Weather.plugin)]  •  $VAR[WeatherUpdatedLabel,$LOCALIZE[12014]: ,]</label>
                <animation effect="slide" start="0" end="0,10" time="0" condition="!Skin.HasSetting(homemenu.clean.flix) + !Skin.HasSetting(home.netflix.clearlogo)">Conditional</animation>
            </control>
            <control type="textbox">
                <height>82</height>
                <bottom>43</bottom>
                <aligny>bottom</aligny>
                <align>left</align>
                <font>Tiny</font>
                <textcolor>Dark3</textcolor>
                <visible>!Skin.HasSetting(homemenu.netflix)</visible>
                <label>$INFO[System.AddonTitle(Weather.plugin)][CR]$VAR[WeatherUpdatedLabel,$LOCALIZE[12014]: ,]</label>
            </control>
        </control>
    </include>

    <include name="InfoSubWidgetSystemInclude">
        <control type="group">
            <animation effect="slide" start="0" end="0,385" time="0" condition="[Integer.IsEqual(Container(301).NumItems,1) + !String.IsEqual(Container(300).ListItem.Property(widgetFullscreen),yes)] +  !Skin.HasSetting(homemenu.netflix)">Conditional</animation>
            <animation effect="slide" start="0" end="0,-40" time="0" condition="!Skin.HasSetting(homemenu.clean.flix) + Skin.HasSetting(show.reflections)">Conditional</animation>
            <include condition="!Skin.HasSetting(widgets.fade)">Animation.Vertical.Widgets.Label</include>
            <control type="grouplist">
                <left>0</left>
                <orientation>vertical</orientation>
                <itemgap>17</itemgap>
                <usecontrolcoords>true</usecontrolcoords>
                <include content="MultiWidgetsHeaderLabel">
                    <param name="label" value="$LOCALIZE[130]" />
                    <param name="visible" value="true" />
                </include>
                <include condition="Skin.HasSetting(homemenu.netflix) + !Skin.HasSetting(home.netflix.clearlogo) | Skin.HasSetting(homemenu.clean.flix)">IntentButton</include>
                <control type="grouplist">
                    <width>1500</width>
                    <orientation>vertical</orientation>
                    <usecontrolcoords>true</usecontrolcoords>
                    <itemgap>-4</itemgap>
                    <control type="textbox">
                        <font>Tiny</font>
                        <width>100%</width>
                        <height>40</height>
                        <align>left</align>
                        <textcolor>Dark2</textcolor>
                        <label>$INFO[System.ScreenResolution,$LOCALIZE[13287] ,]</label>
                        <visible>!String.IsEmpty(System.ScreenResolution)</visible>
                    </control>
                    <control type="textbox">
                        <font>Tiny</font>
                        <width>100%</width>
                        <height>40</height>
                        <align>left</align>
                        <textcolor>Dark2</textcolor>
                        <label>$INFO[System.VideoEncoderInfo,$LOCALIZE[13286] ,]</label>
                        <visible>!String.IsEmpty(System.VideoEncoderInfo)</visible>
                    </control>
                    <control type="textbox">
                        <font>Tiny</font>
                        <width>100%</width>
                        <height>40</height>
                        <align>left</align>
                        <textcolor>Dark2</textcolor>
                        <label>$INFO[System.OSVersionInfo,$LOCALIZE[24051] ,]</label>
                        <visible>!String.IsEmpty(System.OSVersionInfo)</visible>
                    </control>
                    <control type="textbox">
                    	<top>36</top>
                        <font>Tiny</font>
                        <width>100%</width>
                        <height>40</height>
                        <align>left</align>
                        <textcolor>Dark2</textcolor>
                        <label>$INFO[System.Uptime,$LOCALIZE[12390]: ,]</label>
                        <visible>!String.IsEmpty(System.Uptime)</visible>
                    </control>
                    <control type="textbox">
                        <font>Tiny</font>
                        <width>100%</width>
                        <height>40</height>
                        <align>left</align>
                        <textcolor>Dark2</textcolor>
                        <label>$INFO[System.TotalUptime,$LOCALIZE[12394]: ,]</label>
                        <visible>!String.IsEmpty(System.TotalUptime)</visible>
                    </control>
                </control>
            </control>
        </control>
    </include>
    
    <include name="InfoSubWidgetSettingsInclude">
        <control type="group">
            <animation effect="slide" start="0" end="0,385" time="0" condition="[Integer.IsEqual(Container(301).NumItems,1) + !String.IsEqual(Container(300).ListItem.Property(widgetFullscreen),yes)] +  !Skin.HasSetting(homemenu.netflix)">Conditional</animation>
            <animation effect="slide" start="0" end="0,-40" time="0" condition="!Skin.HasSetting(homemenu.clean.flix) + Skin.HasSetting(show.reflections)">Conditional</animation>
            <include condition="!Skin.HasSetting(widgets.fade)">Animation.Vertical.Widgets.Label</include>
            <control type="grouplist">
                <left>0</left>
                <orientation>vertical</orientation>
                <usecontrolcoords>true</usecontrolcoords>
                <itemgap>17</itemgap>
                <include content="MultiWidgetsHeaderLabel">
                    <param name="label" value="$INFO[Container($PARAM[id]).ListItem.Label]" />
                    <param name="visible" value="true" />
                </include>
                <include condition="Skin.HasSetting(homemenu.netflix) + !Skin.HasSetting(home.netflix.clearlogo) | Skin.HasSetting(homemenu.clean.flix)">IntentButton</include>
                <control type="textbox">
                    <include content="def_height" condition="Skin.HasSetting(homemenu.clean.flix)">
                        <param name="height" value="220" />
                    </include>
                    <height min="36" max="220">auto</height>
                    <align>left</align>
                    <font>TinyPlot</font>
                    <textcolor>Dark2</textcolor>
                    <label>$INFO[Container($PARAM[id]).ListItem.Label2]</label>
                </control>
            </control>
        </control>
    </include>
</includes>