<?xml version="1.0" encoding="UTF-8"?>
<includes>

    <include name="DialogMusicInfoWIP">
        <control type="group">
            <animation type="Conditional" reversible="true" condition="Window.IsVisible(FileBrowser.xml) | Window.IsVisible(DialogConfirm.xml) | Window.IsVisible(DialogSelect.xml) | Window.IsVisible(DialogContextMenu.xml) | Window.IsVisible(DialogButtonMenu.xml)">
                <effect type="zoom" end="95" start="100" time="200" center="auto" tween="quadratic" easing="in"/>
            </animation>

            <!-- Poster-->
            <control type="group">
                <include>Animation.MusicFadeOut</include>
                <include>Animation.SidePoster</include>
                <control type="group">
                    <include>Animation.DelayFadeIn</include>
                    <visible>Control.HasFocus(11100) + !String.IsEqual(Window.Property(ShowDisc),1) + !String.IsEmpty(ListItem.Art(discart))</visible>
                    <centerbottom>1000</centerbottom>
                    <height>16</height>
                    <control type="image">
                        <centerleft>395</centerleft>
                        <top>13</top>
                        <include>arrowdimensions</include>
                        <texture colordiffuse="Dark1" flipy="true">common/arrow-small.png</texture>
                    </control>
                </control>
                <control type="image">
                    <animation type="Visible">
                        <effect type="slide" start="0,0" end="0,-120" delay="0" time="400" tween="quadratic" easing="out"/>
                    </animation>
                    <animation type="Hidden">
                        <effect type="slide" start="0,-120" end="0,0" delay="0" time="200" tween="quadratic" easing="out"/>
                    </animation>
                    <animation type="Conditional" condition="String.IsEqual(Window.Property(ShowDisc),1)">
                        <effect type="slide" start="0,0" end="0,-220" delay="0" time="200" tween="quadratic" easing="out"/>
                    </animation>
                    <visible>!String.IsEmpty(ListItem.Art(discart)) + Control.HasFocus(11100)</visible>
                    <top>225</top>
                    <left>90</left>
                    <width>620</width>
                    <height>620</height>
                    <texture>$INFO[ListItem.Art(discart)]</texture>
                </control>
                <include>View_50_SidePoster_Square</include>
            </control>

            <!-- Main -->
            <control type="group">
                <include>Animation.RightSide</include>

                <!-- Control Buttons -->
                <control type="group">
                    <include>DialogMusicInfoNavigation</include>
                    <include>Animation.MusicFadeOut</include>
                </control>
                <control type="group">
                    <left>785</left>
                    <right>SidePad</right>
                    <bottom>100</bottom>
                    <height>50</height>				
                    <control type="label">
                        <height>50</height>
                        <font>Mini</font>
                        <scroll>true</scroll>
                        <scrollspeed>40</scrollspeed>
                        <textcolor>Dark3</textcolor>
                        <label>$INFO[ListItem.FileNameAndPath]</label>
                        <aligny>center</aligny>
                        <align>right</align>
                        <visible>ControlGroup(9000).HasFocus() + !Skin.HasSetting(HideFileNameAndPath)</visible>
                        <include>Animation.FileNameAndPath</include>
                    </control>
	                <control type="label">
	                    <height>50</height>
	                    <font>Mini</font>
	                    <textcolor>Dark3</textcolor>
	                    <label>$VAR[DialogInfoLabel]</label>
	                    <align>right</align>
                        <visible>ControlGroup(9000).HasFocus()</visible>
                        <include condition="!Skin.HasSetting(HideFileNameAndPath)">Animation.ButtonLabel</include>
	                </control>
				</control>

                <!-- Header -->
                <control type="group">
                    <include>Animation.MusicFadeOut</include>
                    <include>Animation.WikiFadeOut</include>
                    <top>86</top>
                    <left>785</left>
                    <include content="def_right" condition="!String.IsEmpty(Skin.String(recordlabel.logos.path))">
                    	<param name="right" value="230" />
                    </include>
                    <right>SidePad</right>
                    <control type="label">
                        <font>LargeNew</font>
                        <description>Header Label</description>
                        <textcolor>Dark1</textcolor>
                        <label>$VAR[LabelWIPMusicHeader]</label>
                    </control>
                    <control type="label">
                        <top>64</top>
                        <height>36</height>
                        <font>Tiny</font>
                        <textcolor>Dark1</textcolor>
                        <label fallback="19055">$VAR[LabelWIPMusicTagline]</label>
                        <aligny>center</aligny>
                    </control>
                </control>

                <!-- Record label Icon -->
                <control type="image">
                    <include>Animation.MusicFadeOut</include>
                    <include>Animation.WikiFadeOut</include>
                    <centertop>135</centertop>
                    <right>SidePad</right>
                    <height>80</height>
                    <visible>!String.IsEmpty(Skin.String(recordlabel.logos.path))</visible>
                    <visible>!String.IsEmpty(ListItem.Property(Album_Label))</visible>
                    <aspectratio align="right" aligny="top">keep</aspectratio>
                    <texture colordiffuse="Dark1">$VAR[ThumbImageRecordLabelDialogInfo]</texture>
                </control>

                <include content="ArrowsNavigation">
                    <param name="visible" value="Control.HasFocus(10053) + Integer.IsGreater(Container(53).NumItems,1)" />
                    <param name="centerbottom" value="560" />
                    <param name="centerleft" value="765" />
                </include>

                <!-- Content -->
                <control type="group">
                    <right>SidePad</right>
                    <visible>!String.IsEqual(Window.Property(musiccontent),4)</visible>
                    <include>Animation.FadeOutDialogInfo</include>
                    <include>Animation.FadeInDialogInfo</include>
                    <include>Animation.MusicFadeOut</include>
                    <visible>![Window.IsVisible(script-wikipedia.xml) + !Skin.HasSetting(hidebutton.music.wiki)]</visible>

                    <!-- Albums -->
                    <control type="group">
                        <visible>Container.Content(albums)</visible>
                        <control type="group">
                            <top>41</top>
                            <include>Furniture_Flags_AudioDialogInfo</include>
                        </control>
                        <left>785</left>
                        <top>DialogInfoTop</top>
                        <control type="grouplist">
                            <itemgap>0</itemgap>
                            <include content="Def_DialogSquareInfo_Line">
                                <param name="label" value="$LOCALIZE[345]" />
                                <param name="value" value="$INFO[ListItem.Year]" />
                            </include>
                            <include content="Def_DialogSquareInfo_Line">
                                <param name="label" value="$LOCALIZE[182]" />
                                <param name="value" value="$INFO[Container(50).NumItems]" />
                            </include>
                            <include content="Def_DialogSquareInfo_Line">
                                <param name="label" value="$LOCALIZE[2050]" />
                                <param name="value" value="$INFO[ListItem.Property(Album_Duration)]" />
                            </include>
                            <include content="Def_DialogSquareInfo_Line">
                                <param name="label" value="$LOCALIZE[515]" />
                                <param name="value" value="$INFO[ListItem.Genre]" />
                            </include>
                            <include content="Def_DialogSquareInfo_Line">
                                <param name="label" value="$LOCALIZE[572]" />
                                <param name="value" value="$INFO[ListItem.Property(Album_Label)]" />
                            </include>
                            <include content="Def_DialogSquareInfo_Line">
                                <param name="label" value="$LOCALIZE[175]" />
                                <param name="value" value="$INFO[ListItem.Property(Album_Mood)]" />
                            </include>
                        </control>
                        <control type="textbox">
                            <include>Animation.FadeOutDialogInfo</include>
                            <include>Animation.FadeInDialogInfo</include>
                            <visible>String.IsEmpty(Window.Property(musiccontent))</visible>
                            <top>318</top>
                            <height>288</height>
                            <font>TinyPlot</font>
                            <textcolor>Dark2</textcolor>
                            <aligny>top</aligny>
                            <label fallback="19055">$VAR[LabelPlotBox]</label>
                        </control>
                    </control>
                    <control type="group">
                        <visible>Container.Content(artists)</visible>
                        <left>785</left>
                        <top>DialogInfoTop</top>
                        <control type="grouplist">
                            <itemgap>0</itemgap>
                            <include content="Def_DialogSquareInfo_Line">
                                <param name="label" value="$VAR[Label_ArtistBorn]" />
                                <param name="value" value="$VAR[InfoLabel_ArtistBorn]" />
                            </include>
                            <include content="Def_DialogSquareInfo_Line">
                                <param name="label" value="$LOCALIZE[39025]" />
                                <param name="value" value="$INFO[ListItem.Property(Artist_Gender)]" />
                            </include>
                            <include content="Def_DialogSquareInfo_Line">
                                <param name="label" value="$VAR[Label_ArtistFormed]" />
                                <param name="value" value="$VAR[InfoLabel_ArtistFormed]" />
                            </include>
                            <include content="Def_DialogSquareInfo_Line">
                                <param name="label" value="$LOCALIZE[515]" />
                                <param name="value" value="$INFO[ListItem.Genre]" />
                            </include>
                            <include content="Def_DialogSquareInfo_Line">
                                <param name="label" value="$LOCALIZE[176]" />
                                <param name="value" value="$INFO[ListItem.Property(Artist_Style)]" />
                            </include>
                            <include content="Def_DialogSquareInfo_Line">
                                <param name="label" value="$LOCALIZE[175]" />
                                <param name="value" value="$INFO[ListItem.Property(Artist_Mood)]" />
                            </include>
                            <include content="Def_DialogSquareInfo_Line">
                                <param name="label" value="$LOCALIZE[21892]" />
                                <param name="value" value="$INFO[ListItem.Property(Artist_Instrument)]" />
                            </include>
                            <control type="group">
                                <height>36</height>
                                <width>800</width>
                                <control type="label">
                                    <width>265</width>
                                    <height>36</height>
                                    <font>Tiny</font>
                                    <textcolor>Dark1</textcolor>
                                    <label>[B]$LOCALIZE[31274][/B]</label>
                                </control>
                                <include>most_played_song</include>
                            </control>
                        </control>
                        <control type="group">
                            <include>Animation.FadeOutDialogInfo</include>
                            <include>Animation.FadeInDialogInfo</include>
                            <visible>String.IsEmpty(Window.Property(musiccontent))</visible>
                            <control type="textbox">
                                <right>0</right>
                                <top>310</top>
                                <height>294</height>
                                <font>TinyPlot</font>
                                <textcolor>Dark2</textcolor>
                                <aligny>top</aligny>
                                <label fallback="19055">$INFO[ListItem.Property(Artist_Description)]</label>
                            </control>
                        </control>
                    </control>
                    <control type="group">
                        <visible>Container.Content(songs)</visible>
                        <control type="group">
                            <top>41</top>
                            <include>Furniture_Flags_AudioDialogInfo</include>
                        </control>
                        <left>785</left>
                        <top>DialogInfoTop</top>
                        <control type="grouplist">
                            <itemgap>0</itemgap>
                            <include content="Def_DialogSquareInfo_Line">
                                <param name="label" value="$LOCALIZE[345]" />
                                <param name="value" value="$INFO[ListItem.Year]" />
                            </include>
                            <include content="Def_DialogSquareInfo_Line">
                                <param name="label" value="$LOCALIZE[2050]" />
                                <param name="value" value="$INFO[ListItem.Duration(mins ss)]" />
                            </include>
                            <include content="Def_DialogSquareInfo_Line">
                                <param name="label" value="$LOCALIZE[558]" />
                                <param name="value" value="$INFO[ListItem.Album]" />
                            </include>
                            <include content="Def_DialogSquareInfo_Line">
                                <param name="label" value="$LOCALIZE[515]" />
                                <param name="value" value="$INFO[ListItem.Genre]" />
                            </include>
                            <include content="Def_DialogSquareInfo_Line">
                                <param name="label" value="$LOCALIZE[21444]" />
                                <param name="value" value="$VAR[LabelMusicChannels]" />
                            </include>
                            <include content="Def_DialogSquareInfo_Line">
                                <param name="label" value="$LOCALIZE[576]" />
                                <param name="value" value="$VAR[LastPlayedTitle]" />
                            </include>
                        </control>
                        <control type="textbox">
                            <include>Animation.FadeOutDialogInfo</include>
                            <include>Animation.FadeInDialogInfo</include>
                            <visible>String.IsEmpty(Window.Property(musiccontent))</visible>
                            <right>0</right>
                            <top>310</top>
                            <height>294</height>
                            <font>TinyPlot</font>
                            <textcolor>Dark2</textcolor>
                            <aligny>top</aligny>
                            <label fallback="19055">$INFO[ListItem.Property(Artist_Description)]</label>
                        </control>
                    </control>
                </control>
                <control type="group">
                    <top>200</top>
                    <left>785</left>

                    <!-- Youtube -->
                    <include content="VideoListSquare">
                        <param name="fallbackpicture" value="DefaultVideo.png"/>
                        <param name="visi" value="String.IsEqual(Window.Property(musiccontent),3)"/>
                        <param name="controlid" value="52"/>
                        <param name="onclick1" value="Dialog.Close(all,force)"/>
                        <param name="onclick2" value="PlayerControl(Stop)"/>
                        <param name="onclick3" value="PlayMedia($ESCINFO[Container($PARAM[controlid]).ListItem.FileNameAndPath()])"/>
                        <param name="ContentToLoad" value="$VAR[ContentMusicYoutube]" />
                        <param name="target" value="videos" />
                        <param name="limit" value="25" />
                        <param name="sortby" value="file" />
                    </include>

                    <!-- Discography -->
                    <include content="VideoListSquare">
                        <param name="fallbackpicture" value="DefaultAddonPicture.png"/>
                        <param name="visi" value="String.IsEqual(Window.Property(musiccontent),2)"/>
                        <param name="controlid" value="51"/>
                        <param name="onclick1" value="Dialog.Close(musicinformation)"/>
                        <param name="onclick2" value="ActivateWindow(Music,musicdb://albums/$INFO[ListItem.DBID]/)"/>
                        <param name="ContentToLoad" value="musicdb://artists/$INFO[ListItem.DBID]/?albumartistsonly=false" />
                        <param name="labeltwovisible" value="false"/>
                    </include>

                    <!-- More Of Artist -->
                    <include content="VideoListSquare">
                        <param name="fallbackpicture" value="DefaultMusicSongs.png"/>
                        <param name="visi" value="String.IsEqual(Window.Property(musiccontent),8)"/>
                        <param name="controlid" value="54"/>
                        <param name="onclick1" value="Dialog.Close(all,force)"/>
                        <param name="onclick2" value="PlayMedia($ESCINFO[Container($PARAM[controlid]).ListItem.FileNameAndPath()])"/>
                        <param name="ContentToLoad" value="$VAR[MoreOfArtistContent]" />
                    </include>
                </control>
                <control type="group">
                    <visible>String.IsEqual(Window.Property(musiccontent),4)</visible>
                    <include>Animation.FadeInDialogInfo</include>
                    <include>Animation.FadeOutDialogInfo</include>
                    <left>571</left>
                    <right>SidePad</right>
                    <bottom>184</bottom>
                    <top>335</top>
                    <control type="image">
                        <left>213</left>
                        <top>-119</top>
                        <right>0</right>
                        <bottom>71</bottom>
                        <texture colordiffuse="Box2" border="4" diffuse="diffuse/bigwiderolodex.png" infill="false">common/box21.png</texture>
                    </control>
                    <control type="group">
                        <visible>Control.HasFocus(10053)</visible>
                        <left>206</left>
                        <top>-127</top>
                        <right>-8</right>
                        <bottom>64</bottom>
                        <control type="image">
                            <texture border="5" colordiffuse="$VAR[ColorHighlight]">common/box.png</texture>
                            <animation condition="Control.HasFocus(10053)" effect="fade" end="100" start="0" time="150">Conditional</animation>
                            <animation condition="!Control.HasFocus(10053)" effect="fade" end="0" start="100" time="100">Conditional</animation>
                        </control>
                        <control type="image">
                            <texture border="5" colordiffuse="$VAR[ColorGradient]">common/gradient-box.png</texture>
                            <animation condition="Control.HasFocus(10053)" effect="fade" end="100" start="0" time="150">Conditional</animation>
                            <animation condition="!Control.HasFocus(10053)" effect="fade" end="0" start="100" time="100">Conditional</animation>
                        </control>
                    </control>
                    <control type="image">
                        <height>607</height>
                        <width>1054</width>
                        <left>214</left>
                        <top>-118</top>
                        <texture colordiffuse="Background" diffuse="diffuse/bigwiderolodex.png">common/white.png</texture>
                    </control>
                    <include content="ListInfoUpdating">
                        <param name="visi" value="String.IsEqual(Window.Property(musiccontent),4)"/>
                        <param name="controlid" value="53"/>
                        <param name="top" value="-118"/>
                        <param name="left" value="214"/>
                        <param name="width" value="1054"/>
                        <param name="height" value="607"/>
                    </include>
                    <control type="fixedlist" id="53">
                        <top>-118</top>
                        <left>214</left>
                        <ondown>9000</ondown>
                        <onback>9000</onback>
                        <onup>9000</onup>
                        <width>1054</width>
                        <preloaditems>2</preloaditems>
                        <autoscroll time="5000">ControlGroup(9000).HasFocus()</autoscroll>
                        <orientation>horizontal</orientation>
                        <viewtype>fixedlist</viewtype>
                        <include>ScrolltimeDetailsList</include>
                        <itemlayout width="1054" height="607">
                            <control type="image">
                                <aspectratio align="center" aligny="center" scalediffuse="false">scale</aspectratio>
                                <texture diffuse="diffuse/bigwiderolodex.png" fallback="DefaultBrokenImage.png">$INFO[ListItem.Label]</texture>
                            </control>
                        </itemlayout>
                        <focusedlayout width="1054" height="607">
                            <control type="image">
                                <aspectratio align="center" aligny="center" scalediffuse="false">scale</aspectratio>
                                <texture diffuse="diffuse/bigwiderolodex.png" fallback="DefaultBrokenImage.png">$INFO[ListItem.Label]</texture>
                            </control>
                        </focusedlayout>
                        <content>
                            <item id="0">
                                <label>$INFO[ListItem.Art(fanart)]</label>
                                <visible>!String.IsEmpty(ListItem.Art(fanart)) + !Skin.HasSetting(hideartwork.music.fanart)</visible>
                            </item>
                            <item id="1">
                                <label>$INFO[ListItem.Art(fanart1)]</label>
                                <visible>!String.IsEmpty(ListItem.Art(fanart1)) + !Skin.HasSetting(hideartwork.music.fanart)</visible>
                            </item>
                            <item id="2">
                                <label>$INFO[ListItem.Art(fanart2)]</label>
                                <visible>!String.IsEmpty(ListItem.Art(fanart2)) + !Skin.HasSetting(hideartwork.music.fanart)</visible>
                            </item>
                            <item id="3">
                                <label>$INFO[ListItem.Art(fanart3)]</label>
                                <visible>!String.IsEmpty(ListItem.Art(fanart3)) + !Skin.HasSetting(hideartwork.music.fanart)</visible>
                            </item>
                            <item id="4">
                                <label>$INFO[ListItem.Art(fanart4)]</label>
                                <visible>!String.IsEmpty(ListItem.Art(fanart4)) + !Skin.HasSetting(hideartwork.music.fanart)</visible>
                            </item>
                            <item id="5">
                                <label>$INFO[ListItem.Art(fanart5)]</label>
                                <visible>!String.IsEmpty(ListItem.Art(fanart5)) + !Skin.HasSetting(hideartwork.music.fanart)</visible>
                            </item>
                            <item id="6">
                                <label>$INFO[ListItem.Art(fanart6)]</label>
                                <visible>!String.IsEmpty(ListItem.Art(fanart6)) + !Skin.HasSetting(hideartwork.music.fanart)</visible>
                            </item>
                            <item id="7">
                                <label>$INFO[ListItem.Art(fanart7)]</label>
                                <visible>!String.IsEmpty(ListItem.Art(fanart7)) + !Skin.HasSetting(hideartwork.music.fanart)</visible>
                            </item>
                            <item id="8">
                                <label>$INFO[ListItem.Art(fanart8)]</label>
                                <visible>!String.IsEmpty(ListItem.Art(fanart8)) + !Skin.HasSetting(hideartwork.music.fanart)</visible>
                            </item>
                            <item id="9">
                                <label>$INFO[ListItem.Art(fanart9)]</label>
                                <visible>!String.IsEmpty(ListItem.Art(fanart9)) + !Skin.HasSetting(hideartwork.music.fanart)</visible>
                            </item>
                            <item id="10">
                                <label>$INFO[ListItem.Art(fanart10)]</label>
                                <visible>!String.IsEmpty(ListItem.Art(fanart10)) + !Skin.HasSetting(hideartwork.music.fanart)</visible>
                            </item>
                            <item id="11">
                                <label>$INFO[ListItem.Art(fanart11)]</label>
                                <visible>!String.IsEmpty(ListItem.Art(fanart11)) + !Skin.HasSetting(hideartwork.music.fanart)</visible>
                            </item>
                            <item id="12">
                                <label>$INFO[ListItem.Art(fanart12)]</label>
                                <visible>!String.IsEmpty(ListItem.Art(fanart12)) + !Skin.HasSetting(hideartwork.music.fanart)</visible>
                            </item>
                            <item id="13">
                                <label>$INFO[ListItem.Art(fanart13)]</label>
                                <visible>!String.IsEmpty(ListItem.Art(fanart13)) + !Skin.HasSetting(hideartwork.music.fanart)</visible>
                            </item>
                            <item id="14">
                                <label>$INFO[ListItem.Art(fanart14)]</label>
                                <visible>!String.IsEmpty(ListItem.Art(fanart14)) + !Skin.HasSetting(hideartwork.music.fanart)</visible>
                            </item>
                            <item id="15">
                                <label>$INFO[ListItem.Art(fanart15)]</label>
                                <visible>!String.IsEmpty(ListItem.Art(fanart15)) + !Skin.HasSetting(hideartwork.music.fanart)</visible>
                            </item>
                            <item id="16">
                                <label>$INFO[ListItem.Art(fanart16)]</label>
                                <visible>!String.IsEmpty(ListItem.Art(fanart16)) + !Skin.HasSetting(hideartwork.music.fanart)</visible>
                            </item>
                            <item id="17">
                                <label>$INFO[ListItem.Art(fanart17)]</label>
                                <visible>!String.IsEmpty(ListItem.Art(fanart17)) + !Skin.HasSetting(hideartwork.music.fanart)</visible>
                            </item>
                            <item id="18">
                                <label>$INFO[ListItem.Art(fanart18)]</label>
                                <visible>!String.IsEmpty(ListItem.Art(fanart18)) + !Skin.HasSetting(hideartwork.music.fanart)</visible>
                            </item>
                            <item id="19">
                                <label>$INFO[ListItem.Art(fanart19)]</label>
                                <visible>!String.IsEmpty(ListItem.Art(fanart19)) + !Skin.HasSetting(hideartwork.music.fanart)</visible>
                            </item>
                            <item id="20">
                                <label>$INFO[ListItem.Art(fanart20)]</label>
                                <visible>!String.IsEmpty(ListItem.Art(fanart20)) + !Skin.HasSetting(hideartwork.music.fanart)</visible>
                            </item>
                            <item id="21">
                                <label>$INFO[ListItem.Art(fanart21)]</label>
                                <visible>!String.IsEmpty(ListItem.Art(fanart21)) + !Skin.HasSetting(hideartwork.music.fanart)</visible>
                            </item>
                            <item id="22">
                                <label>$INFO[ListItem.Art(fanart22)]</label>
                                <visible>!String.IsEmpty(ListItem.Art(fanart22)) + !Skin.HasSetting(hideartwork.music.fanart)</visible>
                            </item>
                            <item id="23">
                                <label>$INFO[ListItem.Art(artist.fanart1)]</label>
                                <visible>!String.IsEmpty(ListItem.Art(artist.fanart1)) + !Skin.HasSetting(hideartwork.music.fanart)</visible>
                            </item>
                            <item id="24">
                                <label>$INFO[ListItem.Art(artist.fanart2)]</label>
                                <visible>!String.IsEmpty(ListItem.Art(artist.fanart2)) + !Skin.HasSetting(hideartwork.music.fanart)</visible>
                            </item>
                            <item id="25">
                                <label>$INFO[ListItem.Art(artist.fanart3)]</label>
                                <visible>!String.IsEmpty(ListItem.Art(artist.fanart3)) + !Skin.HasSetting(hideartwork.music.fanart)</visible>
                            </item>
                            <item id="26">
                                <label>$INFO[ListItem.Art(artist.fanart4)]</label>
                                <visible>!String.IsEmpty(ListItem.Art(artist.fanart4)) + !Skin.HasSetting(hideartwork.music.fanart)</visible>
                            </item>
                            <item id="27">
                                <label>$INFO[ListItem.Art(artist.fanart5)]</label>
                                <visible>!String.IsEmpty(ListItem.Art(artist.fanart5)) + !Skin.HasSetting(hideartwork.music.fanart)</visible>
                            </item>
                            <item id="28">
                                <label>$INFO[ListItem.Art(artist.fanart6)]</label>
                                <visible>!String.IsEmpty(ListItem.Art(artist.fanart6)) + !Skin.HasSetting(hideartwork.music.fanart)</visible>
                            </item>
                            <item id="29">
                                <label>$INFO[ListItem.Art(artist.fanart7)]</label>
                                <visible>!String.IsEmpty(ListItem.Art(artist.fanart7)) + !Skin.HasSetting(hideartwork.music.fanart)</visible>
                            </item>
                            <item id="30">
                                <label>$INFO[ListItem.Art(artist.fanart8)]</label>
                                <visible>!String.IsEmpty(ListItem.Art(artist.fanart8)) + !Skin.HasSetting(hideartwork.music.fanart)</visible>
                            </item>
                            <item id="31">
                                <label>$INFO[ListItem.Art(artist.fanart9)]</label>
                                <visible>!String.IsEmpty(ListItem.Art(artist.fanart9)) + !Skin.HasSetting(hideartwork.music.fanart)</visible>
                            </item>
                            <item id="32">
                                <label>$INFO[ListItem.Art(artist.fanart10)]</label>
                                <visible>!String.IsEmpty(ListItem.Art(artist.fanart10)) + !Skin.HasSetting(hideartwork.music.fanart)</visible>
                            </item>
                            <item id="33">
                                <label>$INFO[ListItem.Art(artist.fanart11)]</label>
                                <visible>!String.IsEmpty(ListItem.Art(artist.fanart11)) + !Skin.HasSetting(hideartwork.music.fanart)</visible>
                            </item>
                            <item id="34">
                                <label>$INFO[ListItem.Art(artist.fanart12)]</label>
                                <visible>!String.IsEmpty(ListItem.Art(artist.fanart12)) + !Skin.HasSetting(hideartwork.music.fanart)</visible>
                            </item>
                            <item id="35">
                                <label>$INFO[ListItem.Art(artist.fanart13)]</label>
                                <visible>!String.IsEmpty(ListItem.Art(artist.fanart13)) + !Skin.HasSetting(hideartwork.music.fanart)</visible>
                            </item>
                            <item id="36">
                                <label>$INFO[ListItem.Art(artist.fanart14)]</label>
                                <visible>!String.IsEmpty(ListItem.Art(artist.fanart14)) + !Skin.HasSetting(hideartwork.music.fanart)</visible>
                            </item>
                            <item id="37">
                                <label>$INFO[ListItem.Art(artist.fanart15)]</label>
                                <visible>!String.IsEmpty(ListItem.Art(artist.fanart15)) + !Skin.HasSetting(hideartwork.music.fanart)</visible>
                            </item>
                            <item id="38">
                                <label>$INFO[ListItem.Art(artist.fanart16)]</label>
                                <visible>!String.IsEmpty(ListItem.Art(artist.fanart16)) + !Skin.HasSetting(hideartwork.music.fanart)</visible>
                            </item>
                            <item id="39">
                                <label>$INFO[ListItem.Art(artist.fanart17)]</label>
                                <visible>!String.IsEmpty(ListItem.Art(artist.fanart17)) + !Skin.HasSetting(hideartwork.music.fanart)</visible>
                            </item>
                            <item id="40">
                                <label>$INFO[ListItem.Art(artist.fanart18)]</label>
                                <visible>!String.IsEmpty(ListItem.Art(artist.fanart18)) + !Skin.HasSetting(hideartwork.music.fanart)</visible>
                            </item>
                            <item id="41">
                                <label>$INFO[ListItem.Art(artist.fanart19)]</label>
                                <visible>!String.IsEmpty(ListItem.Art(artist.fanart19)) + !Skin.HasSetting(hideartwork.music.fanart)</visible>
                            </item>
                            <item id="42">
                                <label>$INFO[ListItem.Art(artist.fanart20)]</label>
                                <visible>!String.IsEmpty(ListItem.Art(artist.fanart20)) + !Skin.HasSetting(hideartwork.music.fanart)</visible>
                            </item>
                            <item id="43">
                                <label>$INFO[ListItem.Art(artist.fanart21)]</label>
                                <visible>!String.IsEmpty(ListItem.Art(artist.fanart21)) + !Skin.HasSetting(hideartwork.music.fanart)</visible>
                            </item>
                            <item id="44">
                                <label>$INFO[ListItem.Art(artist.fanart22)]</label>
                                <visible>!String.IsEmpty(ListItem.Art(artist.fanart22)) + !Skin.HasSetting(hideartwork.music.fanart)</visible>
                            </item>
                            <item id="45">
                                <label>$INFO[ListItem.Art(landscape)]</label>
                                <visible>!String.IsEmpty(ListItem.Art(landscape)) + !Skin.HasSetting(hideartwork.music.landscape)</visible>
                            </item>
                            <item id="46">
                                <label>$INFO[ListItem.Art(thumb)]</label>
                                <visible>!String.IsEmpty(ListItem.Art(thumb)) + !Skin.HasSetting(hideartwork.music.thumb)</visible>
                            </item>
                        </content>
                    </control>
                    <control type="image">
                        <right>40</right>
                        <bottom>100</bottom>
                        <width>50</width>
                        <height>50</height>
                        <aspectratio>keep</aspectratio>
                        <texture colordiffuse="88ffffff">common/lupe.png</texture>
                        <visible>Control.HasFocus(10053)</visible>
                        <visible>Integer.IsGreater(Container(53).NumItems,0)</visible>
                        <include>Animation.DelayFadeIn</include>
                    </control>
                </control>
                <control type="group">
                    <visible>String.IsEqual(Window.Property(musiccontent),1)</visible>
                    <include>Animation.FadeOutDialogInfo</include>
                    <include>Animation.FadeInDialogInfo</include>
                    <top>230</top>
                    <left>785</left>
                    <control type="label">
                        <width>150</width>
                        <height>36</height>
                        <font>Tiny</font>
                        <top>329</top>
                        <textcolor>Dark1</textcolor>
                        <label>[B]$LOCALIZE[134][/B]</label>
                        <aligny>center</aligny>
                        <include>Animation.FadeIn</include>
                    </control>
                    <control type="button" id="9009">
                        <left>-2000</left>
                        <width>1</width>
                        <visible allowhiddenfocus="true">false</visible>
                        <include>DefInfoButtons</include>
                        <label>$INFO[Container(50).ListItem.Label]</label>
                        <onup>SetFocus(50)</onup>
                        <onup>Up</onup>
                        <onup>SetFocus(9009)</onup>
                        <ondown>SetFocus(50)</ondown>
                        <ondown>Down</ondown>
                        <ondown>SetFocus(9009)</ondown>
                        <onleft>SetFocus(9000)</onleft>
                        <onright>SetFocus(9000)</onright>
                        <onclick>PlayMedia($ESCINFO[Container(50).ListItem.FileNameAndPath])</onclick>
                    </control>
                    <control type="list" id="50">
                        <left>250</left>
                        <top>322</top>
                        <right>SidePad</right>
                        <width>1000</width>
                        <height>268</height>
                        <onleft>9000</onleft>
                        <onright>62</onright>
                        <onup>50</onup>
                        <ondown>50</ondown>
                        <viewtype label="">list</viewtype>
                        <pagecontrol>62</pagecontrol>
                        <orientation>vertical</orientation>
                        <itemlayout height="36" width="1000">
                            <control type="group">
                                <control type="image">
                                    <left>-3</left>
                                    <centertop>26</centertop>
                                    <width>25</width>
                                    <height>25</height>
                                    <aspectratio aligny="top">keep</aspectratio>
                                    <texture colordiffuse="Dark1">indicator/playlist.png</texture>
                                    <visible>ListItem.IsPlaying</visible>
                                </control>
                                <control type="label">
                                    <textcolor>Dark2</textcolor>
                                    <selectedcolor>Dark2</selectedcolor>
                                    <height>50</height>
                                    <width>800</width>
                                    <font>Tiny</font>
                                    <label>$INFO[ListItem.TrackNumber,,.  ]$INFO[ListItem.Label]</label>
                                    <animation effect="slide" start="0" end="45" time="0" condition="ListItem.IsPlaying">Conditional</animation>
                                </control>
                            </control>
                        </itemlayout>
                        <focusedlayout height="36" width="1000">
                            <control type="group">
                                <visible>Control.HasFocus(9009)</visible>
                                <control type="image">
                                    <left>-3</left>
                                    <centertop>26</centertop>
                                    <width>25</width>
                                    <height>25</height>
                                    <aspectratio aligny="top">keep</aspectratio>
                                    <texture colordiffuse="$VAR[ColorHighlight]">indicator/playlist.png</texture>
                                    <visible>ListItem.IsPlaying</visible>
                                </control>
                                <control type="label">
                                    <textcolor>$VAR[ColorHighlight]</textcolor>
                                    <selectedcolor>$VAR[ColorHighlight]</selectedcolor>
                                    <height>50</height>
                                    <width>800</width>
                                    <font>Tiny</font>
                                    <label>$INFO[ListItem.TrackNumber,,.  ]$INFO[ListItem.Label]</label>
                                    <animation effect="slide" start="0" end="45" time="0" condition="ListItem.IsPlaying">Conditional</animation>
                                </control>
                            </control>
                            <control type="group">
                                <visible>!Control.HasFocus(9009)</visible>
                                <control type="image">
                                    <left>-3</left>
                                    <centertop>26</centertop>
                                    <width>25</width>
                                    <height>25</height>
                                    <aspectratio aligny="top">keep</aspectratio>
                                    <texture colordiffuse="Dark1">indicator/playlist.png</texture>
                                    <visible>ListItem.IsPlaying</visible>
                                </control>
                                <control type="label">
                                    <textcolor>Dark2</textcolor>
                                    <selectedcolor>Dark2</selectedcolor>
                                    <height>50</height>
                                    <width>800</width>
                                    <font>Tiny</font>
                                    <label>$INFO[ListItem.TrackNumber,,.  ]$INFO[ListItem.Label]</label>
                                    <animation effect="slide" start="0" end="45" time="0" condition="ListItem.IsPlaying">Conditional</animation>
                                </control>
                            </control>
                        </focusedlayout>
                    </control>
                </control>
            </control>
        </control>        
        <control type="button" id="11100">
            <include>HiddenButton</include>
            <onleft>SetFocus($VAR[MusicInfoNavigation_onleft_control_id])</onleft>
            <onright>SetFocus($VAR[MusicInfoNavigation_onright_control_id])</onright>
            <onup condition="!String.IsEmpty(ListItem.Art(discart)) + String.IsEmpty(Window.Property(ShowDisc))">SetProperty(ShowDisc,1)</onup>
            <onup condition="!String.IsEmpty(ListItem.Art(discart)) + !String.IsEmpty(Window.Property(ShowDisc))">ClearProperty(ShowDisc)</onup>
            <ondown condition="!String.IsEmpty(ListItem.Art(discart)) + String.IsEmpty(Window.Property(ShowDisc))">SetProperty(ShowDisc,1)</ondown>
            <ondown condition="!String.IsEmpty(ListItem.Art(discart)) + !String.IsEmpty(Window.Property(ShowDisc))">ClearProperty(ShowDisc)</ondown>
            <onunfocus>ClearProperty(ShowDisc)</onunfocus>
        </control>
        <control type="button" id="10053">
            <include>HiddenButton</include>
            <onback>9000</onback>
            <ondown>SetFocus(9000)</ondown>
            <onback>SetFocus(9000)</onback>
            <onclick>SetFocus(161)</onclick>
            <onleft>SetFocus(53)</onleft>
            <onleft>LEFT</onleft>
            <onleft>SetFocus(10053)</onleft>
            <onright>SetFocus(53)</onright>
            <onright>RIGHT</onright>
            <onright>SetFocus(10053)</onright>
        </control>
        <control type="button" id="161">
            <include>HiddenButton</include>
            <ondown>9000</ondown>
            <onback>10053</onback>
            <onleft>SetFocus(53)</onleft>
            <onleft>LEFT</onleft>
            <onleft>SetFocus(161)</onleft>
            <onright>SetFocus(53)</onright>
            <onright>RIGHT</onright>
            <onright>SetFocus(161)</onright>
        </control>
        <control type="group">
            <visible>Control.HasFocus(161)</visible>
            <animation effect="fade" end="100" start="20" time="200" tween="sine" easing="in">Visible</animation>
            <animation effect="fade" end="0" start="100" time="200" tween="sine" easing="in">Hidden</animation>
            <control type="image">
                <left>0</left>
                <top>0</top>
                <width>1920</width>
                <height>1080</height>
                <texture>common/black.png</texture>
            </control>
            <control type="image">
                <height>1080</height>
                <aspectratio align="center">keep</aspectratio>
                <fadetime>ImageViewerFadetime</fadetime>
                <texture fallback="DefaultBrokenImage.png" background="true">$INFO[Container(53).ListItem.Label]</texture>
            </control>
        </control>
        <include content="Container_NumItems">
            <param name="id" value="53" />
            <param name="visible" value="Control.HasFocus(161)" />
        </include>
        <include>DialogCustomSettings</include>
    </include>
</includes>
