<?xml version="1.0" encoding="UTF-8"?>
<!-- Foundation -->
<includes>
    <include name="ExtendedNowPlaying">
        <control type="group">
            <animation effect="slide" start="0" end="0,-34" time="150" condition="Skin.HasSetting(homemenu.clean.flix) + !Skin.HasSetting(homemenu.clean.flix.no.slide) + !Control.HasFocus(300) + !Control.HasFocus(302)">Conditional</animation>
            <animation effect="fade" start="100" end="0" tween="sine" reversible="false" easing="out" time="350" condition="!$EXP[ExtendedNowPlayingIsVisible]">Conditional</animation>
            <animation effect="fade" start="0" end="100" tween="sine" reversible="false" easing="in" delay="350" time="450" condition="$EXP[ExtendedNowPlayingIsVisible]">Conditional</animation>
            <height>770</height>
            <include content="def_bottom" condition="Skin.HasSetting(homemenu.netflix)">
                <param name="bottom" value="210" />
            </include>
            <include content="def_bottom" condition="!Skin.HasSetting(homemenu.netflix)">
                <param name="bottom" value="220" />
            </include>
            <width>1270</width>
            <include content="def_left" condition="$EXP[HomeIsVerticalMultiWidgets]"><param name="left" value="526" /></include>
            <left>SidePad</left>

            <!-- Basics -->
            <include>NowPlaying_TopBottomInfo</include>
            <include>NowPlaying_AudioDiscArt</include>
            <include condition="Skin.HasSetting(extended.nowplaying.videowindow)">NowPlaying_VideoWindow</include>
            <include condition="[$EXP[HomeIsModernMultiWidgets] | [ $EXP[HomeIsVerticalMultiWidgets] + Skin.HasSetting(homemenu.only.icons) + Skin.HasSetting(home.showicons)]]">NowPlaying_ClearArt</include>

            <!-- DiscArt -->
            <include content="NowPlaying_VideoDiscArt">
                <param name="visible" value="!Skin.HasSetting(extended.nowplaying.videowindow)" />
            </include>
            <include content="NowPlaying_VideoDiscArt">
                <param name="left" value="667" />
                <param name="visible" value="Skin.HasSetting(extended.nowplaying.videowindow)" />
            </include>

            <!-- Poster -->
            <include content="NowPlaying_Poster">
                <param name="visible" value="!Skin.HasSetting(extended.nowplaying.videowindow)" />
            </include>
            <include content="NowPlaying_Poster">
                <param name="left" value="551" />
                <param name="visible" value="Skin.HasSetting(extended.nowplaying.videowindow)" />
            </include>
            <include content="NowPlaying_Square">
                <param name="visible" value="![Skin.HasSetting(extended.nowplaying.videowindow) + VideoPlayer.Content(livetv)]" />
                <param name="fallback_image" value="DefaultAudio.png"/>
            </include>
            <include content="NowPlaying_Square">
                <param name="left" value="551" />
                <param name="visible" value="$EXP[IsPVRVideo] + Skin.HasSetting(extended.nowplaying.videowindow)" />
            </include>
            <include content="NowPlaying_Square">
                <param name="left" value="-10" />
                <param name="visible" value="$EXP[IsPVRAudio] + Skin.HasSetting(extended.nowplaying.videowindow)" />
            </include>

            <!-- Info Right -->
            <include content="NowPlaying_InfoRight">
                <param name="left" value="561" />
                <param name="visible" value="$EXP[IsVideo] + Skin.HasSetting(extended.nowplaying.videowindow)" />
            </include>
            <include content="NowPlaying_InfoRight">
                <param name="left" value="0" />
                <param name="visible" value="[$EXP[IsVideo] + !Skin.HasSetting(extended.nowplaying.videowindow)] | [$EXP[IsAudio] + Skin.HasSetting(extended.nowplaying.hidecd)] | [$EXP[IsPVRAudio] + Skin.HasSetting(extended.nowplaying.hidecd)]" />
            </include>
            <include content="NowPlaying_InfoRight">
                <param name="left" value="661" />
                <param name="visible" value="$EXP[IsPVRVideo] + Skin.HasSetting(extended.nowplaying.videowindow)" />
            </include>
            <include content="NowPlaying_InfoRight">
                <param name="left" value="140" />
                <param name="visible" value="[$EXP[IsPVRAudio] + !Skin.HasSetting(extended.nowplaying.hidecd)] | [$EXP[IsAudio] + !Skin.HasSetting(extended.nowplaying.hidecd)]" />
            </include>
            <include content="NowPlaying_InfoRight">
                <param name="left" value="100" />
                <param name="visible" value="$EXP[IsPVRVideo] + !Skin.HasSetting(extended.nowplaying.videowindow)" />
            </include>
            <control type="list" id="999">
                <include>HiddenListControl</include>
                <include content="OnDirectionAction"><param name="ondirection" value="300" /></include>
                <onfocus>SetProperty(shownowplayinginfo,1,home)</onfocus>
                <content limit="1">$VAR[CurrentlyPlayingItem]</content>
            </control>
            <control type="button" id="4000" description="Helper">
                <include>HiddenButton</include>
                <include content="OnDirectionAction"><param name="ondirection" value="300" /></include>
                <onfocus>SetFocus(25)</onfocus>
            </control>
        </control>        
    </include>

    <include name="NowPlaying_Controls">
        <control type="grouplist" id="777">
            <defaultcontrol always="true">14</defaultcontrol>
            <width>100%</width>
            <itemgap>11</itemgap>
            <height>64</height>
            <top>35</top>
            <orientation>horizontal</orientation>
            <include>OSDControlsHome</include>
        </control>
    </include>
    
    <include name="NowPlaying_ClearArt">

        <!-- ClearArt -->
        <control type="group">
            <left>1360</left>
            <animation effect="slide" start="0" end="0,70" time="0" condition="!Skin.HasSetting(homemenu.netflix)">Conditional</animation>
            <animation effect="slide" start="0" end="0,40" time="0" condition="Skin.HasSetting(homemenu.netflix)">Conditional</animation>
            <animation effect="slide" start="0" end="0,-28" time="0" condition="true">Conditional</animation>
            <animation effect="slide" start="0" end="-43,0" time="0" condition="$EXP[HomeIsVerticalMultiWidgets] + Skin.HasSetting(homemenu.only.icons) + Skin.HasSetting(home.showicons)">Conditional</animation>
            <animation type="WindowClose" condition="!$EXP[HomeIsVerticalMultiWidgets]">
                <effect type="slide" start="0" end="0,250" time="150"/>
                <effect type="fade" start="100" end="20" time="150"/>
            </animation>
            <animation effect="slide" start="0,150" end="0" time="150" reversible="false">WindowOpen</animation>
            <control type="image">
                <width>400</width>
                <texture>$VAR[PlayerArtNowPlaying]</texture>
                <aspectratio scalediffuse="true" align="left" aligny="bottom">keep</aspectratio>
                <visible>Skin.HasSetting(extended.nowplaying.clearart) + Player.HasVideo</visible>
            </control>
            <control type="image">
                <width>400</width>
                <texture>$VAR[PlayerArtMusicNowPlaying]</texture>
                <aspectratio scalediffuse="true" align="left" aligny="bottom">keep</aspectratio>
                <visible>Skin.HasSetting(ShowClearArtMusicNowPlaying) + Player.HasAudio</visible>
            </control>
        </control>
    </include>

    <include name="NowPlaying_PlayPause">

        <!-- Play Pause -->
        <control type="group">
            <left>-42</left>
            <top>-15</top>
            <width>100</width>
            <height>100</height>
            <control type="image" description="Play">
                <aspectratio align="center" aligny="center">keep</aspectratio>
                <texture colordiffuse="$VAR[ColorHighlight]">progress/play.png</texture>
                <animation effect="fade" start="0" end="100" time="150">VisibleChange</animation>
                <visible>!Player.Paused + !Player.Forwarding + !Player.Forwarding</visible>
            </control>
            <control type="image" description="Pause">
                <aspectratio align="center" aligny="center">keep</aspectratio>
                <texture colordiffuse="$VAR[ColorHighlight]">progress/pause.png</texture>
                <animation effect="fade" start="0" end="100" time="150">VisibleChange</animation>
                <visible>Player.Paused</visible>
            </control>
            <control type="image" description="Forwarding">
                <aspectratio align="center" aligny="center">keep</aspectratio>
                <texture colordiffuse="$VAR[ColorHighlight]">progress/ff.png</texture>
                <animation effect="fade" start="0" end="100" time="150">VisibleChange</animation>
                <visible>Player.Forwarding</visible>
            </control>
            <control type="image" description="Rewinding">
                <aspectratio align="center" aligny="center">keep</aspectratio>
                <texture colordiffuse="$VAR[ColorHighlight]">progress/rw.png</texture>
                <animation effect="fade" start="0" end="100" time="150">VisibleChange</animation>
                <visible>Player.Rewinding</visible>
            </control>
        </control>
    </include>

    <include name="NowPlaying_Time">

        <!-- Time -->
        <control type="label">
            <left>30</left>
            <align>left</align>
            <font>Tiny</font>
            <width>auto</width>
            <textcolor>Dark2</textcolor>
            <label>$VAR[Label_Time_NowPlaying]</label>
        </control>
    </include>

    <include name="NowPlaying_InfoRight">

        <!-- Info Right -->
        <param name="visible" value="$PARAM[visible]" default="true"/>
        <param name="left" value="$PARAM[left]" default="-42"/>
        <definition>
        <control type="group">
            <width>100%</width>
            <include content="def_top" condition="Skin.HasSetting(homemenu.netflix) + !Skin.HasSetting(hide.home.nowplaying.controls)">
                <param name="top" value="546" />
            </include>
            <include content="def_top" condition="!Skin.HasSetting(homemenu.netflix) + !Skin.HasSetting(hide.home.nowplaying.controls)">
                <param name="top" value="166" />
            </include>
            <include content="def_top" condition="Skin.HasSetting(homemenu.netflix)">
                <param name="top" value="610" />
            </include>
            <include content="def_top" condition="!Skin.HasSetting(homemenu.netflix)">
                <param name="top" value="230" />
            </include>
            <left>$PARAM[left]</left>
            <visible>$PARAM[visible]</visible>
            <control type="group">
                <left>240</left>
                <include content="def_top" condition="Skin.HasSetting(hide.home.nowplaying.controls)">
                    <param name="top" value="60" />
                </include>
                <top>95</top>
                <visible>Player.HasVideo</visible>
                <control type="group">
                    <include>NowPlaying_PlayPause</include>
                    <include>NowPlaying_Time</include>
                </control>
                <control type="group">
                    <top>30</top>
                    <include condition="!Skin.HasSetting(hide.home.nowplaying.controls)">NowPlaying_Controls</include>
                </control>
                <control type="label">
                    <top>55</top>
                    <width>1100</width>
                    <include>MultiWidgetsSubLabelDefinition</include>
                    <label fallback="19055">$VAR[Label_NowPlaying_Time_VideoSubInfo]</label>
                    <visible>Skin.HasSetting(hide.home.nowplaying.controls)</visible>
                </control>
            </control>
            <control type="group">
                <left>340</left>
                <include content="def_top" condition="Skin.HasSetting(hide.home.nowplaying.controls)">
                    <param name="top" value="60" />
                </include>
                <top>95</top>
                <visible>Player.HasAudio</visible>
                <control type="group">
                    <include>NowPlaying_PlayPause</include>
                    <include>NowPlaying_Time</include>
                </control>
                <control type="group">
                    <top>30</top>
                    <include condition="!Skin.HasSetting(hide.home.nowplaying.controls)">NowPlaying_Controls</include>
                </control>
                <control type="label">
                    <top>55</top>
                    <width>1100</width>
                    <include>MultiWidgetsSubLabelDefinition</include>
                    <label fallback="19055">$VAR[Label_NowPlaying_Time_MusicSubInfo]</label>
                    <visible>Skin.HasSetting(hide.home.nowplaying.controls)</visible>
                </control>
            </control>
        </control>
        </definition>
    </include>

    <include name="NowPlaying_TopBottomInfo">

        <!-- Top/Bottom Info -->
        <control type="group">
            <control type="grouplist">
                <usecontrolcoords>true</usecontrolcoords>
                <height>40</height>
                <include content="def_top" condition="Skin.HasSetting(homemenu.netflix)">
                    <param name="top" value="395" />
                </include>
                <include content="def_top" condition="!Skin.HasSetting(homemenu.netflix)">
                    <param name="top" value="10" />
                </include>
                <orientation>horizontal</orientation>
                <itemgap>10</itemgap>
                <include content="Kodi_Logo_Home">
                    <param name="dimensions" value="30"/>
                    <param name="top" value="5"/>
                    <param name="left" value="0"/>
                    <param name="left-gradient" value="-40"/>
                </include>
                <control type="label">
                    <height>38</height>
                    <font>SmallBold</font>
                    <width>auto</width>
                    <textcolor>Dark1</textcolor>
                    <label>31236</label>
                </control>
            </control>
            <control type="grouplist">
                <include content="def_width" condition="Skin.HasSetting(homemenu.netflix)">
                    <param name="width" value="NetflixPlotWidth" />
                </include>
                <include content="def_width" condition="!Skin.HasSetting(homemenu.netflix)">
                    <param name="width" value="100%" />
                </include>
                <orientation>vertical</orientation>
                <include content="def_top" condition="Skin.HasSetting(homemenu.netflix)">
                    <param name="top" value="30" />
                </include>
                <include content="def_top" condition="!Skin.HasSetting(homemenu.netflix)">
                    <param name="top" value="413" />
                </include>
                <itemgap>17</itemgap>
                <include content="NowPlayingHeaderLabel">
                    <param name="label" value="$INFO[Player.Title]" />
                    <param name="visible" value="!VideoPlayer.Content(livetv)" />
                </include>
                <include content="NowPlayingHeaderLabel">
                    <param name="label" value="$INFO[Player.Title]$INFO[VideoPlayer.StartTime,  •  ,]$INFO[VideoPlayer.EndTime, - ]$INFO[VideoPlayer.Duration(mins),  •  , $LOCALIZE[31102]]" />
                    <param name="visible" value="VideoPlayer.Content(livetv)" />
                </include>
                <include condition="Skin.HasSetting(homemenu.netflix) + !Skin.HasSetting(home.netflix.clearlogo) | Skin.HasSetting(homemenu.clean.flix)">IntentButton</include>
                <control type="grouplist">
                    <width>100%</width>
                    <orientation>vertical</orientation>
                    <visible>Player.HasVideo</visible>
                    <itemgap>17</itemgap>
                    <usecontrolcoords>true</usecontrolcoords>
                    <control type="textbox">
                        <include content="MultiWidgetsPlotLabelDefinition" condition="Skin.HasSetting(homemenu.netflix) + !Skin.HasSetting(homemenu.clean.flix)">
                        	<param name="maxheight" value="170" />
                        </include>
                        <include content="MultiWidgetsPlotLabelDefinition" condition="!Skin.HasSetting(homemenu.netflix) + !Skin.HasSetting(homemenu.clean.flix)">
                        	<param name="maxheight" value="202" />
                        </include>
                        <include content="MultiWidgetsPlotLabelDefinition" condition="Skin.HasSetting(homemenu.clean.flix)">
                        	<param name="maxheight" value="74" />
                        </include>
                        <label>$VAR[Label_NowPlaying_Plot]</label>
                        <visible>!String.IsEmpty(VideoPlayer.Plot)</visible>
                    </control>
                    <control type="label">
                        <include>MultiWidgetsSubLabelDefinition</include>
                        <label>$VAR[Label_NowPlaying_VideoSubInfo]</label>
                    </control>
                </control>
                <control type="grouplist">
                    <width>100%</width>
                    <orientation>vertical</orientation>
                    <visible>!Skin.HasSetting(home.extended.nowplaying.scrolling.text) + Player.HasAudio + !Skin.HasSetting(home.extended.nowplaying.tracklist)</visible>
                    <itemgap>17</itemgap>
                    <control type="textbox">
                        <include content="MultiWidgetsPlotLabelDefinition" condition="Skin.HasSetting(homemenu.netflix) + !Skin.HasSetting(homemenu.clean.flix)">
                        	<param name="maxheight" value="170" />
                        </include>
                        <include content="MultiWidgetsPlotLabelDefinition" condition="!Skin.HasSetting(homemenu.netflix) + !Skin.HasSetting(homemenu.clean.flix)">
                        	<param name="maxheight" value="202" />
                        </include>
                        <include content="MultiWidgetsPlotLabelDefinition" condition="Skin.HasSetting(homemenu.clean.flix)">
                        	<param name="maxheight" value="74" />
                        </include>
                        <label>$VAR[Label_NowPlaying_Plot]</label>
                        <visible>!String.IsEmpty(MusicPlayer.Property(Artist_Description)) | !String.IsEmpty(MusicPlayer.Property(Album_Description))</visible>
                    </control>
                    <control type="label">
                        <include>MultiWidgetsSubLabelDefinition</include>
                        <label>$VAR[Label_NowPlaying_MusicSubInfo]</label>
                        <visible>!Skin.HasSetting(home.extended.nowplaying.tracklist)</visible>
                    </control>
                </control>
                <control type="label">
                    <include>MultiWidgetsSubLabelDefinition</include>
                    <label>[B]$LOCALIZE[19031]:[/B]</label>
                    <visible>Skin.HasSetting(home.extended.nowplaying.tracklist) + Player.HasAudio</visible>
                </control>
                <control type="button" id="779" description="Helper">
                    <include>HiddenButton</include>
                    <onfocus>SetFocus(301)</onfocus>
                    <include content="OnDirectionAction"><param name="ondirection" value="300" /></include>
                    <visible allowhiddenfocus="true">false</visible>
                </control>
                <control type="list" id="778">
                    <visible allowhiddenfocus="true">Skin.HasSetting(home.extended.nowplaying.tracklist) + Player.HasAudio</visible>
                    <height>200</height>
                    <width>100%</width>
                    <onleft condition="!Skin.HasSetting(hide.home.nowplaying.controls)">777</onleft>
                    <onright condition="!Skin.HasSetting(hide.home.nowplaying.controls)">777</onright>
                    <onleft condition="Skin.HasSetting(hide.home.nowplaying.controls)">301</onleft>
                    <onright condition="Skin.HasSetting(hide.home.nowplaying.controls)">301</onright>
                    <onup>779</onup>
                    <ondown>780</ondown>
                    <onback>300</onback>
                    <orientation>vertical</orientation>
                    <itemlayout height="35">
                        <control type="label">
                            <height>100%</height>
                            <width>600</width>
                            <aligny>center</aligny>
                            <align>left</align>
                            <font>Tiny</font>
                            <textcolor>Dark2</textcolor>
                            <label>$INFO[ListItem.Label]</label>
                        </control>
                    </itemlayout>
                    <focusedlayout height="35">
                        <control type="group">
                            <visible>!Control.HasFocus(778)</visible>
                            <control type="label">
                                <height>100%</height>
                                <width>600</width>
                                <aligny>center</aligny>
                                <align>left</align>
                                <font>Tiny</font>
                                <textcolor>Dark2</textcolor>
                                <label>$INFO[ListItem.Label]</label>
                            </control>
                        </control>
                        <control type="group">
                            <visible>Control.HasFocus(778)</visible>
                            <control type="label">
                                <height>100%</height>
                                <width>600</width>
                                <aligny>center</aligny>
                                <align>left</align>
                                <font>Tiny</font>
                                <textcolor>$VAR[ColorHighlight]</textcolor>
                                <label>$INFO[ListItem.Label]</label>
                            </control>
                        </control>
                    </focusedlayout>
                    <content>
                        <item id="1">
                            <label>$INFO[MusicPlayer.offset(1).TrackNumber,,. ]$INFO[MusicPlayer.offset(1).Artist,, - ]$INFO[MusicPlayer.offset(1).Title]</label>
                            <onclick>Playlist.PlayOffset(1)</onclick>
                            <onclick condition="!Skin.HasSetting(hide.home.nowplaying.controls)">SetFocus(777)</onclick>
                            <visible>MusicPlayer.offset(1).Exists</visible>
                        </item>
                        <item id="2">
                            <label>$INFO[MusicPlayer.offset(2).TrackNumber,,. ]$INFO[MusicPlayer.offset(2).Artist,, - ]$INFO[MusicPlayer.offset(2).Title]</label>
                            <onclick>Playlist.PlayOffset(2)</onclick>
                            <onclick condition="!Skin.HasSetting(hide.home.nowplaying.controls)">SetFocus(777)</onclick>
                            <visible>MusicPlayer.offset(2).Exists</visible>
                        </item>
                        <item id="3">
                            <label>$INFO[MusicPlayer.offset(3).TrackNumber,,. ]$INFO[MusicPlayer.offset(3).Artist,, - ]$INFO[MusicPlayer.offset(3).Title]</label>
                            <onclick>Playlist.PlayOffset(3)</onclick>
                            <onclick condition="!Skin.HasSetting(hide.home.nowplaying.controls)">SetFocus(777)</onclick>
                            <visible>MusicPlayer.offset(3).Exists</visible>
                        </item>
                        <item id="4">
                            <label>$INFO[MusicPlayer.offset(4).TrackNumber,,. ]$INFO[MusicPlayer.offset(4).Artist,, - ]$INFO[MusicPlayer.offset(4).Title]</label>
                            <onclick>Playlist.PlayOffset(4)</onclick>
                            <onclick condition="!Skin.HasSetting(hide.home.nowplaying.controls)">SetFocus(777)</onclick>
                            <visible>MusicPlayer.offset(4).Exists</visible>
                        </item>
                        <item id="5">
                            <label>$INFO[MusicPlayer.offset(5).TrackNumber,,. ]$INFO[MusicPlayer.offset(5).Artist,, - ]$INFO[MusicPlayer.offset(5).Title]</label>
                            <onclick>Playlist.PlayOffset(5)</onclick>
                            <onclick condition="!Skin.HasSetting(hide.home.nowplaying.controls)">SetFocus(777)</onclick>
                            <visible>MusicPlayer.offset(5).Exists</visible>
                        </item>
                    </content>   
                </control>
                <control type="button" id="780" description="Helper">
                    <include>HiddenButton</include>
                    <onfocus condition="!Skin.HasSetting(hide.home.nowplaying.controls)">SetFocus(777)</onfocus>
                    <onfocus condition="Skin.HasSetting(hide.home.nowplaying.controls)">SetFocus(300)</onfocus>
                    <include content="OnDirectionAction"><param name="ondirection" value="300" /></include>
                    <visible allowhiddenfocus="true">false</visible>
                </control>
            </control>
            
            <!-- Scrolling Text -->
            <control type="group">
                <include content="def_top" condition="Skin.HasSetting(homemenu.netflix)">
                    <param name="top" value="86" />
                </include>
                <include content="def_top" condition="!Skin.HasSetting(homemenu.netflix)">
                    <param name="top" value="456" />
                </include>
                <include content="def_left" condition="$EXP[HomeIsVerticalMultiWidgets]">
                    <param name="left" value="0" />
                </include>
                <left>-80</left>
                <width>1920</width>
                <visible>Skin.HasSetting(home.extended.nowplaying.scrolling.text) + Player.HasAudio</visible>
                <animation effect="fade" start="100" end="50" time="0" condition="true">Conditional</animation>
                <control type="label">
                    <description>Now Playing</description>
                    <left>0</left>
                    <top>100</top>
                    <right>0</right>
                    <label>$INFO[MusicPlayer.Title,  ,]$INFO[MusicPlayer.Title,  ,]$INFO[MusicPlayer.Title,  ,]$INFO[MusicPlayer.Title,  ,]$INFO[MusicPlayer.Title,  ,]$INFO[MusicPlayer.Title,  ,]$INFO[MusicPlayer.Title,  ,]$INFO[MusicPlayer.Title,  ,]$INFO[MusicPlayer.Title,  ,]$INFO[MusicPlayer.Title,  ,]$INFO[MusicPlayer.Title,  ,]$INFO[MusicPlayer.Title,  ,]$INFO[MusicPlayer.Title,  ,]$INFO[MusicPlayer.Title,  ,]$INFO[MusicPlayer.Title,  ,]$INFO[MusicPlayer.Title,  ,]$INFO[MusicPlayer.Title,  ,]$INFO[MusicPlayer.Title,  ,]$INFO[MusicPlayer.Title,  ,]$INFO[MusicPlayer.Title,  ,]$INFO[MusicPlayer.Title,  ,]$INFO[MusicPlayer.Title,  ,]$INFO[MusicPlayer.Title,  ,]$INFO[MusicPlayer.Title,  ,]$INFO[MusicPlayer.Title,  ,]</label>
                    <scroll>true</scroll>
                    <font>Music_Biggest</font>
                    <textcolor>77ffffff</textcolor>
                    <align>left</align>
                    <scrollspeed>55</scrollspeed>
                    <visible>Integer.IsGreater(MusicPlayer.Time,0) + !String.IsEqual(Player.TimeRemaining(hh:mm:ss),00:00:01)</visible>
                    <animation effect="fade" start="0" end="100" time="950" delay="500" tween="cubic" easing="inout">Visible</animation>
                    <animation effect="fade" end="0" start="100" time="350">Hidden</animation>
                </control>
                <control type="label">
                    <description>Now Playing</description>
                    <left>0</left>
                    <top>130</top>
                    <right>0</right>
                    <label>$INFO[MusicPlayer.Album,  ,]$INFO[MusicPlayer.Album,  ,]$INFO[MusicPlayer.Album,  ,]$INFO[MusicPlayer.Album,  ,]$INFO[MusicPlayer.Album, ,]$INFO[MusicPlayer.Album,  ,]$INFO[MusicPlayer.Album,  ,]$INFO[MusicPlayer.Album,  ,]$INFO[MusicPlayer.Album,  ,]$INFO[MusicPlayer.Album,  ,]$INFO[MusicPlayer.Album,  ,]$INFO[MusicPlayer.Album,  ,]$INFO[MusicPlayer.Album,  ,]$INFO[MusicPlayer.Album,  ,]$INFO[MusicPlayer.Album,  ,]$INFO[MusicPlayer.Album,  ,]$INFO[MusicPlayer.Album,  ,]$INFO[MusicPlayer.Album,  ,]$INFO[MusicPlayer.Album,  ,]$INFO[MusicPlayer.Album,  ,]$INFO[MusicPlayer.Album,  ,]$INFO[MusicPlayer.Album,  ,]$INFO[MusicPlayer.Album,  ,]$INFO[MusicPlayer.Album,  ,]$INFO[MusicPlayer.Album,  ,]</label>
                    <scroll>true</scroll>
                    <font>Music_Bigger</font>
                    <textcolor>44cccccc</textcolor>
                    <align>left</align>
                    <scrollspeed>100</scrollspeed>
                    <visible>Integer.IsGreater(MusicPlayer.Time,0) + !String.IsEqual(Player.TimeRemaining(hh:mm:ss),00:00:01)</visible>                
                    <animation effect="fade" start="0" end="100" time="950" delay="500" tween="cubic" easing="inout">Visible</animation>
                    <animation effect="fade" end="0" start="100" time="350">Hidden</animation>
                </control>
                <control type="label">
                    <description>Now Playing</description>
                    <left>0</left>
                    <top>210</top>
                    <right>0</right>
                    <label>$INFO[MusicPlayer.Artist,  ,]$INFO[MusicPlayer.Artist,  ,]$INFO[MusicPlayer.Artist,  ,]$INFO[MusicPlayer.Artist,  ,]$INFO[MusicPlayer.Artist,  ,]$INFO[MusicPlayer.Artist,  ,]$INFO[MusicPlayer.Artist,  ,]$INFO[MusicPlayer.Artist,  ,]$INFO[MusicPlayer.Artist,  ,]$INFO[MusicPlayer.Artist,  ,]$INFO[MusicPlayer.Artist,  ,]$INFO[MusicPlayer.Artist,  ,]$INFO[MusicPlayer.Artist,  ,]$INFO[MusicPlayer.Artist,  ,]$INFO[MusicPlayer.Artist,  ,]$INFO[MusicPlayer.Artist,  ,]$INFO[MusicPlayer.Artist,  ,]$INFO[MusicPlayer.Artist,  ,]$INFO[MusicPlayer.Artist,  ,]$INFO[MusicPlayer.Artist,  ,]$INFO[MusicPlayer.Artist,  ,]$INFO[MusicPlayer.Artist,  ,]$INFO[MusicPlayer.Artist,  ,]$INFO[MusicPlayer.Artist,  ,]$INFO[MusicPlayer.Artist,  ,]</label>
                    <scroll>true</scroll>
                    <font>Music_Big</font>
                    <textcolor>99cccccc</textcolor>
                    <align>left</align>
                    <scrollspeed>80</scrollspeed>
                    <visible>!Pvr.IsPlayingRadio</visible>
                    <visible>Integer.IsGreater(MusicPlayer.Time,0) + !String.IsEqual(Player.TimeRemaining(hh:mm:ss),00:00:01)</visible>                
                    <animation effect="fade" start="0" end="100" time="950" delay="500" tween="cubic" easing="inout">Visible</animation>
                    <animation effect="fade" end="0" start="100" time="350">Hidden</animation>
                </control>
            </control>
        </control>
    </include>

    <include name="NowPlaying_AudioDiscArt">

        <!-- Audio DiscArt -->
        <control type="group">
            <include content="def_top" condition="Skin.HasSetting(homemenu.netflix)">
                <param name="top" value="460" />
            </include>
            <include content="def_top" condition="!Skin.HasSetting(homemenu.netflix)">
                <param name="top" value="75" />
            </include>
            <left>158</left>
            <animation type="WindowClose" reversible="false">
                <effect type="slide" start="0,0" end="-115,0" tween="sine" easing="out" time="300" delay="0"/>
                <effect type="fade" start="100" end="0" time="150" delay="0"/>
            </animation>
            <animation type="WindowOpen" reversible="false" condition="$EXP[ExtendedNowPlayingIsVisible]">
                <effect type="slide" start="-145,0" end="0,0" tween="sine" easing="out" time="600" delay="500"/>
            </animation>
            <animation type="Conditional" condition="!Control.HasFocus(300) + !Control.HasFocus(302) + !Control.HasFocus(2011) + !ControlGroup(777).HasFocus() + !Control.HasFocus(778) + !Control.HasFocus(779) + !Control.HasFocus(780)" reversible="false">
                <effect type="slide" start="0,0" end="-115,0" tween="sine" easing="out" time="300" delay="0"/>
                <effect type="fade" start="100" end="0" time="150" delay="0"/>
            </animation>
            <animation type="Conditional" condition="Control.HasFocus(300) | Control.HasFocus(302) | Control.HasFocus(2011) | ControlGroup(777).HasFocus() | Control.HasFocus(778) | Control.HasFocus(779) | Control.HasFocus(780)" reversible="false">
                <effect type="slide" start="-145,0" end="0,0" tween="sine" easing="out" time="600" delay="810"/>
                <effect type="fade" start="0" end="100" time="1" delay="800"/>
            </animation>
            <visible>Player.HasMedia + Player.HasAudio</visible>
            <visible>!Skin.HasSetting(extended.nowplaying.hidecd)</visible>
            <include content="DefDiscArtNowPlaying">
                <param name="visible" value="Skin.HasSetting(osd.music.disc.fake.cd)" />
                <param name="diffuse" value="diffuse/diffuse_cd.png" />
                <param name="discart" value="$VAR[MusicDiscart]" />
            </include>
            <include content="DefDiscArtNowPlaying">
                <param name="visible" value="!Skin.HasSetting(osd.music.disc.fake.cd)" />
                <param name="discart" value="$VAR[MusicDiscart]" />
            </include>
        </control>
    </include>

    <include name="NowPlaying_VideoDiscArt">

        <!-- Video DiscArt -->
        <param name="visible" value="$PARAM[visible]" default="true"/>
        <param name="left" value="$PARAM[left]" default="106"/>
        <definition>
        <control type="group">
            <visible>$PARAM[visible]</visible>
            <include content="def_top" condition="Skin.HasSetting(homemenu.netflix)">
                <param name="top" value="460" />
            </include>
            <include content="def_top" condition="!Skin.HasSetting(homemenu.netflix)">
                <param name="top" value="75" />
            </include>
            <left>$PARAM[left]</left>
            <animation type="WindowClose" reversible="false">
                <effect type="slide" start="0,0" end="-106,0" tween="sine" easing="out" time="300" delay="0"/>
                <effect type="fade" start="100" end="0" time="150" delay="0"/>
            </animation>
            <animation type="WindowOpen" reversible="false" condition="$EXP[ExtendedNowPlayingIsVisible]">
                <effect type="slide" start="-106,0" end="0,0" tween="sine" easing="out" time="600" delay="500"/>
            </animation>
            <animation type="Conditional" condition="!Control.HasFocus(300) + !Control.HasFocus(302) + !Controlgroup(777).HasFocus() + !Control.HasFocus(2011)" reversible="false">
                <effect type="slide" start="0,0" end="-106,0" tween="sine" easing="out" time="300" delay="0"/>
                <effect type="fade" start="100" end="0" time="150" delay="0"/>
            </animation>
            <animation type="Conditional" condition="Control.HasFocus(300) | Control.HasFocus(302) | Controlgroup(777).HasFocus() | Control.HasFocus(2011)" reversible="false">
                <effect type="slide" start="-106,0" end="0,0" tween="sine" easing="out" time="600" delay="500"/>
                <effect type="fade" start="0" end="100" time="1" delay="500"/>
            </animation>
            <visible>Player.HasMedia + Player.HasVideo + VideoPlayer.Content(movies)</visible>
            <visible>!Skin.HasSetting(extended.nowplaying.hidecd)</visible>
            <include content="DefDiscArtNowPlaying">
                <param name="visible" value="Skin.HasSetting(home.video.disc.fake.bluray)" />
                <param name="diffuse" value="diffuse/diffuse_cd.png" />
                <param name="discart" value="$VAR[VideoDiscart]" />
                <param name="width" value="194" />
            </include>
            <include content="DefDiscArtNowPlaying">
                <param name="visible" value="!Skin.HasSetting(home.video.disc.fake.bluray)" />
                <param name="discart" value="$VAR[VideoDiscart]" />
                <param name="width" value="194" />
            </include>
        </control>
        </definition>
    </include>

    <include name="NowPlaying_VideoWindow">

        <!-- VideoWindow -->
        <control type="group">
            <visible>Player.HasVideo</visible>
            <height>305</height>
            <width>541</width>
            <include content="def_top" condition="Skin.HasSetting(homemenu.netflix)">
                <param name="top" value="455" />
            </include>
            <include content="def_top" condition="!Skin.HasSetting(homemenu.netflix)">
                <param name="top" value="70" />
            </include>
            <control type="image">
                <texture colordiffuse="Fallback" border="4" background="true">common/diffuse_box.png</texture>
            </control>
            <control type="videowindow">
                <left>1</left>
                <top>1</top>
                <height>303</height>
                <width>539</width>
                <animation type="Hidden" reversible="false">
                    <effect type="fade" start="100" end="0" time="150" />
                </animation>
                <animation type="WindowClose" reversible="false">
                    <effect type="zoom" center="auto" start="100" end="0" time="1" />
                </animation>
                <animation type="WindowOpen" reversible="false">
                    <effect type="zoom" center="auto" start="0" end="100" time="1" />
                </animation>
                <visible>Player.HasVideo + !ControlGroup(301).HasFocus()</visible>
                <aspectratio align="center" aligny="center" scalediffuse="false">scale</aspectratio>
            </control>
            <control type="image">
                <texture border="4" colordiffuse="Box2" infill="false">common/box21.png</texture>
            </control>
        </control>
    </include>

    <include name="NowPlaying_Poster">

        <!-- Poster -->
        <param name="visible" value="$PARAM[visible]" default="false"/>
        <param name="left" value="$PARAM[left]" default="-10"/>
        <definition>
        <control type="group">
            <height>325</height>
            <width>222</width>
            <left>$PARAM[left]</left>
            <include content="def_top" condition="Skin.HasSetting(homemenu.netflix)">
                <param name="top" value="445" />
            </include>
            <include content="def_top" condition="!Skin.HasSetting(homemenu.netflix)">
                <param name="top" value="60" />
            </include>
            <visible>$PARAM[visible]</visible>
            <visible>Player.HasVideo + !VideoPlayer.Content(livetv)</visible>
            <control type="image">
                <left>10</left>
                <top>10</top>
                <right>10</right>
                <bottom>10</bottom>
                <texture border="10" infill="false">common/$VAR[nofocus-shadow10]</texture>
            </control>
            <control type="image">
                <left>10</left>
                <top>10</top>
                <right>10</right>
                <bottom>10</bottom>
                <texture colordiffuse="Fallback" diffuse="diffuse/wall.png">common/white.png</texture>
            </control>
            <control type="image">
                <left>10</left>
                <top>10</top>
                <right>10</right>
                <bottom>10</bottom>
                <texture colordiffuse="Fallback" border="4" background="true">common/diffuse_box.png</texture>
            </control>
            <control type="image">
                <left>10</left>
                <top>10</top>
                <right>10</right>
                <bottom>10</bottom>
                <aspectratio scalediffuse="false">scale</aspectratio>
                <texture diffuse="diffuse/widgetposter_new.png" background="true" fallback="DefaultMovies.png">$VAR[PlayerPoster]</texture>
            </control>
            <control type="image">
                <left>10</left>
                <top>10</top>
                <right>10</right>
                <bottom>10</bottom>
                <texture colordiffuse="BoxWidget" border="4" background="true" infill="false">common/box21.png</texture>
                <visible>!Skin.HasSetting(global.hideborders)</visible>
            </control>
            <control type="group">
                <animation type="Conditional" condition="Control.HasFocus(25)">
                    <effect type="zoom" start="95" end="100" time="150" tween="sine" easing="inout" center="auto"/>
                    <effect type="fade" start="0" end="100" time="150" tween="sine" easing="in"/>
                </animation>
                <include content="def_widgetfocus">
                    <param name="id" value="25"/>
                </include>
            </control>
        </control>
        </definition>
    </include>

    <include name="NowPlaying_Square">

        <!-- Square -->
        <param name="visible" value="$PARAM[visible]" default="false"/>
        <param name="left" value="$PARAM[left]" default="-10"/>
        <param name="fallback_image" value="$PARAM[fallback_image]" default="DefaultMovies.png"/>
        <definition>
        <control type="group">
            <height>325</height>
            <width>325</width>
            <left>$PARAM[left]</left>
            <include content="def_top" condition="Skin.HasSetting(homemenu.netflix)">
                <param name="top" value="445" />
            </include>
            <include content="def_top" condition="!Skin.HasSetting(homemenu.netflix)">
                <param name="top" value="60" />
            </include>
            <visible>$PARAM[visible]</visible>
            <visible>Player.HasAudio | VideoPlayer.Content(livetv)</visible>
            <control type="image">
                <left>0</left>
                <top>0</top>
                <right>0</right>
                <bottom>0</bottom>
                <texture border="10" infill="false">common/$VAR[nofocus-shadow10]</texture>
            </control>
            <control type="image">
                <left>10</left>
                <top>10</top>
                <right>10</right>
                <bottom>10</bottom>
                <texture colordiffuse="Fallback" diffuse="diffuse/wall.png">common/white.png</texture>
            </control>
            <control type="image">
                <left>10</left>
                <top>10</top>
                <right>10</right>
                <bottom>10</bottom>
                <texture colordiffuse="Fallback" border="4" background="true">common/diffuse_box.png</texture>
            </control>
            <control type="image">
                <left>10</left>
                <top>10</top>
                <right>10</right>
                <bottom>10</bottom>
                <aspectratio scalediffuse="false">keep</aspectratio>
                <texture diffuse="diffuse/widgetposter_new.png" background="true" fallback="$PARAM[fallback_image]">$VAR[PlayerPoster]</texture>
            </control>
            <control type="image">
                <left>10</left>
                <top>10</top>
                <right>10</right>
                <bottom>10</bottom>
                <texture colordiffuse="BoxWidget" border="4" background="true" infill="false">common/box21.png</texture>
                <visible>!Skin.HasSetting(global.hideborders)</visible>
            </control>
            <control type="group">
                <animation type="Conditional" condition="Control.HasFocus(25)">
                    <effect type="zoom" start="95" end="100" time="150" tween="sine" easing="inout" center="auto"/>
                    <effect type="fade" start="0" end="100" time="150" tween="sine" easing="in"/>
                </animation>
                <include content="def_widgetfocus">
                    <param name="id" value="25"/>
                </include>
            </control>
        </control>
        </definition>
    </include>
</includes>
