<?xml version="1.0" encoding="UTF-8"?>
<!-- Foundation -->
<includes>
    <include name="CustomSettings_Items.BackgroundBrightness">
        <item>
            <label>$NUMBER[5]%</label>
            <property name="SettingsName">$LOCALIZE[464]</property>
            <onclick>Skin.SetString(BackgroundBrightness,5)</onclick>
            <onclick>Close</onclick>
            <include condition="String.IsEqual(Skin.String(BackgroundBrightness),5)">Item_Selected</include>
        </item>
        <item>
            <label>$NUMBER[10]%</label>
            <onclick>Skin.SetString(BackgroundBrightness,10)</onclick>
            <onclick>Close</onclick>
            <include condition="String.IsEqual(Skin.String(BackgroundBrightness),10)">Item_Selected</include>
        </item>
        <item>
            <label>$NUMBER[15]%</label>
            <onclick>Skin.SetString(BackgroundBrightness,15)</onclick>
            <onclick>Close</onclick>
            <include condition="String.IsEqual(Skin.String(BackgroundBrightness),15)">Item_Selected</include>
        </item>
        <item>
            <label>$NUMBER[20]% - $LOCALIZE[571]</label>
            <onclick>Skin.SetString(BackgroundBrightness,20)</onclick>
            <onclick>Close</onclick>
            <include condition="String.IsEqual(Skin.String(BackgroundBrightness),20) | String.IsEmpty(Skin.String(BackgroundBrightness))">Item_Selected</include>
        </item>
        <item>
            <label>$NUMBER[25]%</label>
            <onclick>Skin.SetString(BackgroundBrightness,25)</onclick>
            <onclick>Close</onclick>
            <include condition="String.IsEqual(Skin.String(BackgroundBrightness),25)">Item_Selected</include>
        </item>
        <item>
            <label>$NUMBER[30]%</label>
            <onclick>Skin.SetString(BackgroundBrightness,30)</onclick>
            <onclick>Close</onclick>
            <include condition="String.IsEqual(Skin.String(BackgroundBrightness),30)">Item_Selected</include>
        </item>
        <item>
            <label>$NUMBER[35]%</label>
            <onclick>Skin.SetString(BackgroundBrightness,35)</onclick>
            <onclick>Close</onclick>
            <include condition="String.IsEqual(Skin.String(BackgroundBrightness),35)">Item_Selected</include>
        </item>
        <item>
            <label>$NUMBER[40]%</label>
            <onclick>Skin.SetString(BackgroundBrightness,40)</onclick>
            <onclick>Close</onclick>
            <include condition="String.IsEqual(Skin.String(BackgroundBrightness),40)">Item_Selected</include>
        </item>
        <item>
            <label>$NUMBER[45]%</label>
            <onclick>Skin.SetString(BackgroundBrightness,45)</onclick>
            <onclick>Close</onclick>
            <include condition="String.IsEqual(Skin.String(BackgroundBrightness),45)">Item_Selected</include>
        </item>
        <item>
            <label>$NUMBER[50]%</label>
            <onclick>Skin.SetString(BackgroundBrightness,50)</onclick>
            <onclick>Close</onclick>
            <include condition="String.IsEqual(Skin.String(BackgroundBrightness),50)">Item_Selected</include>
        </item>
        <item>
            <label>$NUMBER[55]%</label>
            <onclick>Skin.SetString(BackgroundBrightness,55)</onclick>
            <onclick>Close</onclick>
            <include condition="String.IsEqual(Skin.String(BackgroundBrightness),55)">Item_Selected</include>
        </item>
        <item>
            <label>$NUMBER[60]%</label>
            <onclick>Skin.SetString(BackgroundBrightness,60)</onclick>
            <onclick>Close</onclick>
            <include condition="String.IsEqual(Skin.String(BackgroundBrightness),60)">Item_Selected</include>
        </item>
        <item>
            <label>$NUMBER[65]%</label>
            <onclick>Skin.SetString(BackgroundBrightness,65)</onclick>
            <onclick>Close</onclick>
            <include condition="String.IsEqual(Skin.String(BackgroundBrightness),65)">Item_Selected</include>
        </item>
        <item>
            <label>$NUMBER[70]%</label>
            <onclick>Skin.SetString(BackgroundBrightness,70)</onclick>
            <onclick>Close</onclick>
            <include condition="String.IsEqual(Skin.String(BackgroundBrightness),70)">Item_Selected</include>
        </item>
    </include>

    <include name="CustomSettings_Items.BackgroundBrightnessBlur">
        <item>
            <label>$NUMBER[0]%</label>
            <property name="SettingsName">$LOCALIZE[464]</property>
            <onclick>Skin.SetString(BackgroundBrightnessBlur,0)</onclick>
            <onclick>Close</onclick>
            <include condition="String.IsEqual(Skin.String(BackgroundBrightnessBlur),0)">Item_Selected</include>
        </item>
        <item>
            <label>$NUMBER[5]%</label>
            <onclick>Skin.SetString(BackgroundBrightnessBlur,5)</onclick>
            <onclick>Close</onclick>
            <include condition="String.IsEqual(Skin.String(BackgroundBrightnessBlur),5)">Item_Selected</include>
        </item>
        <item>
            <label>$NUMBER[10]%</label>
            <onclick>Skin.SetString(BackgroundBrightnessBlur,10)</onclick>
            <onclick>Close</onclick>
            <include condition="String.IsEqual(Skin.String(BackgroundBrightnessBlur),10)">Item_Selected</include>
        </item>
        <item>
            <label>$NUMBER[15]%</label>
            <onclick>Skin.SetString(BackgroundBrightnessBlur,15)</onclick>
            <onclick>Close</onclick>
            <include condition="String.IsEqual(Skin.String(BackgroundBrightnessBlur),15)">Item_Selected</include>
        </item>
        <item>
            <label>$NUMBER[20]%</label>
            <onclick>Skin.SetString(BackgroundBrightnessBlur,20)</onclick>
            <onclick>Close</onclick>
            <include condition="String.IsEqual(Skin.String(BackgroundBrightnessBlur),20)">Item_Selected</include>
        </item>
        <item>
            <label>$NUMBER[25]%</label>
            <onclick>Skin.SetString(BackgroundBrightnessBlur,25)</onclick>
            <onclick>Close</onclick>
            <include condition="String.IsEqual(Skin.String(BackgroundBrightnessBlur),25)">Item_Selected</include>
        </item>
        <item>
            <label>$NUMBER[30]%</label>
            <onclick>Skin.SetString(BackgroundBrightnessBlur,30)</onclick>
            <onclick>Close</onclick>
            <include condition="String.IsEqual(Skin.String(BackgroundBrightnessBlur),30)">Item_Selected</include>
        </item>
        <item>
            <label>$NUMBER[35]% - $LOCALIZE[571]</label>
            <onclick>Skin.SetString(BackgroundBrightnessBlur,35)</onclick>
            <onclick>Close</onclick>
            <include condition="String.IsEqual(Skin.String(BackgroundBrightnessBlur),35) | String.IsEmpty(Skin.String(BackgroundBrightnessBlur))">Item_Selected</include>
        </item>
        <item>
            <label>$NUMBER[40]%</label>
            <onclick>Skin.SetString(BackgroundBrightnessBlur,40)</onclick>
            <onclick>Close</onclick>
            <include condition="String.IsEqual(Skin.String(BackgroundBrightnessBlur),40)">Item_Selected</include>
        </item>
        <item>
            <label>$NUMBER[45]%</label>
            <onclick>Skin.SetString(BackgroundBrightnessBlur,45)</onclick>
            <onclick>Close</onclick>
            <include condition="String.IsEqual(Skin.String(BackgroundBrightnessBlur),45)">Item_Selected</include>
        </item>
        <item>
            <label>$NUMBER[50]%</label>
            <onclick>Skin.SetString(BackgroundBrightnessBlur,50)</onclick>
            <onclick>Close</onclick>
            <include condition="String.IsEqual(Skin.String(BackgroundBrightnessBlur),50)">Item_Selected</include>
        </item>
        <item>
            <label>$NUMBER[55]%</label>
            <onclick>Skin.SetString(BackgroundBrightnessBlur,55)</onclick>
            <onclick>Close</onclick>
            <include condition="String.IsEqual(Skin.String(BackgroundBrightnessBlur),55)">Item_Selected</include>
        </item>
        <item>
            <label>$NUMBER[60]%</label>
            <onclick>Skin.SetString(BackgroundBrightnessBlur,60)</onclick>
            <onclick>Close</onclick>
            <include condition="String.IsEqual(Skin.String(BackgroundBrightnessBlur),60)">Item_Selected</include>
        </item>
        <item>
            <label>$NUMBER[65]%</label>
            <onclick>Skin.SetString(BackgroundBrightnessBlur,65)</onclick>
            <onclick>Close</onclick>
            <include condition="String.IsEqual(Skin.String(BackgroundBrightnessBlur),65)">Item_Selected</include>
        </item>
        <item>
            <label>$NUMBER[70]%</label>
            <onclick>Skin.SetString(BackgroundBrightnessBlur,70)</onclick>
            <onclick>Close</onclick>
            <include condition="String.IsEqual(Skin.String(BackgroundBrightnessBlur),70)">Item_Selected</include>
        </item>
    </include>

    <include name="CustomSettings_Items.FadeNetflixPreview">
        <item>
            <label>$NUMBER[30]%</label>
            <property name="SettingsName">$LOCALIZE[464]</property>
            <onclick>Skin.SetString(FadeNetflixPreview,30)</onclick>
            <onclick>Close</onclick>
            <include condition="String.IsEqual(Skin.String(FadeNetflixPreview),30)">Item_Selected</include>
        </item>
        <item>
            <label>$NUMBER[40]%</label>
            <property name="SettingsName">$LOCALIZE[464]</property>
            <onclick>Skin.SetString(FadeNetflixPreview,40)</onclick>
            <onclick>Close</onclick>
            <include condition="String.IsEqual(Skin.String(FadeNetflixPreview),40)">Item_Selected</include>
        </item>
        <item>
            <label>$NUMBER[50]%</label>
            <property name="SettingsName">$LOCALIZE[464]</property>
            <onclick>Skin.SetString(FadeNetflixPreview,50)</onclick>
            <onclick>Close</onclick>
            <include condition="String.IsEqual(Skin.String(FadeNetflixPreview),50)">Item_Selected</include>
        </item>
        <item>
            <label>$NUMBER[60]%</label>
            <onclick>Skin.SetString(FadeNetflixPreview,60)</onclick>
            <onclick>Close</onclick>
            <include condition="String.IsEqual(Skin.String(FadeNetflixPreview),60)">Item_Selected</include>
        </item>
        <item>
            <label>$NUMBER[70]%</label>
            <onclick>Skin.SetString(FadeNetflixPreview,70)</onclick>
            <onclick>Close</onclick>
            <include condition="String.IsEqual(Skin.String(FadeNetflixPreview),70)">Item_Selected</include>
        </item>
        <item>
            <label>$NUMBER[80]% - $LOCALIZE[571]</label>
            <onclick>Skin.SetString(FadeNetflixPreview,80)</onclick>
            <onclick>Close</onclick>
            <include condition="String.IsEqual(Skin.String(FadeNetflixPreview),80) | String.IsEmpty(Skin.String(FadeNetflixPreview))">Item_Selected</include>
        </item>
        <item>
            <label>$NUMBER[90]%</label>
            <onclick>Skin.SetString(FadeNetflixPreview,90)</onclick>
            <onclick>Close</onclick>
            <include condition="String.IsEqual(Skin.String(FadeNetflixPreview),90)">Item_Selected</include>
        </item>
        <item>
            <label>$NUMBER[100]%</label>
            <onclick>Skin.SetString(FadeNetflixPreview,100)</onclick>
            <onclick>Close</onclick>
            <include condition="String.IsEqual(Skin.String(FadeNetflixPreview),100)">Item_Selected</include>
        </item>
    </include>
    
    <include name="CustomSettings_Items.ColorSettings">
        <item>
            <property name="SettingsName">$LOCALIZE[31679]</property>
            <label>$LOCALIZE[31961] - $LOCALIZE[571]</label>
            <onclick>Skin.Reset(focuscolor.name)</onclick>
            <onclick>Skin.Reset(gradientcolor.name)</onclick>
            <onclick>Skin.Reset(EnableMonochromeHighlight)</onclick>
            <onclick>Skin.Reset(fanart.fallback)</onclick>
            <onclick>Skin.Reset(indicatorcolorbackgroundnew.name)</onclick>
            <onclick>Skin.SetString(Background.Image,special://skin/extras/backgrounds/blur/classic_blur.jpg)</onclick>
            <onclick condition="Skin.HasSetting(TMDbHelper.EnableBlur)">RunScript(plugin.video.themoviedb.helper,blur_image='"$VAR[Image_SimpleBackground]"')</onclick>
            <onclick>Close</onclick>
            <property name="ItemSelected">$VAR[ColorSchemeDefaultSelected]</property>
        </item>
        <item>
            <label>$LOCALIZE[31962]</label>
            <onclick>Skin.SetString(focuscolor.name,fff4511e)</onclick>
            <onclick>Skin.SetString(gradientcolor.name,ffe91e63)</onclick>
            <onclick>Skin.Reset(EnableMonochromeHighlight)</onclick>
            <onclick>Skin.Reset(fanart.fallback)</onclick>
            <onclick>Skin.Reset(indicatorcolorbackgroundnew.name)</onclick>
            <onclick>Skin.SetString(Background.Image,special://skin/extras/backgrounds/blur/pink_blur.jpg)</onclick>
            <onclick condition="Skin.HasSetting(TMDbHelper.EnableBlur)">RunScript(plugin.video.themoviedb.helper,blur_image='"$VAR[Image_SimpleBackground]"')</onclick>
            <onclick>Close</onclick>
            <property name="ItemSelected">$VAR[ColorSchemeTropicalSelected]</property>
        </item>
        <item>
            <label>$LOCALIZE[31963]</label>
            <onclick>Skin.SetString(focuscolor.name,ffe91e63)</onclick>
            <onclick>Skin.SetString(gradientcolor.name,ffb635e5)</onclick>
            <onclick>Skin.Reset(EnableMonochromeHighlight)</onclick>
            <onclick>Skin.Reset(fanart.fallback)</onclick>
            <onclick>Skin.Reset(indicatorcolorbackgroundnew.name)</onclick>
            <onclick>Skin.SetString(Background.Image,special://skin/extras/backgrounds/blur/purple_blur.jpg)</onclick>
            <onclick condition="Skin.HasSetting(TMDbHelper.EnableBlur)">RunScript(plugin.video.themoviedb.helper,blur_image='"$VAR[Image_SimpleBackground]"')</onclick>
            <onclick>Close</onclick>
            <property name="ItemSelected">$VAR[ColorSchemeMiamiSelected]</property>
        </item>
        <item>
            <label>$LOCALIZE[31970]</label>
            <onclick>Skin.SetString(focuscolor.name,ff0091ea)</onclick>
            <onclick>Skin.SetString(gradientcolor.name,ff0091ea)</onclick>
            <onclick>Skin.SetBool(EnableMonochromeHighlight)</onclick>
            <onclick>Skin.Reset(fanart.fallback)</onclick>
            <onclick>Skin.Reset(indicatorcolorbackgroundnew.name)</onclick>
            <onclick>Skin.SetString(Background.Image,special://skin/extras/backgrounds/blur/slate_blur.jpg)</onclick>
            <onclick condition="Skin.HasSetting(TMDbHelper.EnableBlur)">RunScript(plugin.video.themoviedb.helper,blur_image='"$VAR[Image_SimpleBackground]"')</onclick>
            <onclick>Close</onclick>
            <property name="ItemSelected">$VAR[ColorSchemeBlueSelected]</property>
        </item>
        <item>
            <label>$LOCALIZE[31971]</label>
            <onclick>Skin.SetString(focuscolor.name,ff5528a8)</onclick>
            <onclick>Skin.SetString(gradientcolor.name,ff5528a8)</onclick>
            <onclick>Skin.SetBool(EnableMonochromeHighlight)</onclick>
            <onclick>Skin.Reset(fanart.fallback)</onclick>
            <onclick>Skin.Reset(indicatorcolorbackgroundnew.name)</onclick>
            <onclick>Skin.SetString(Background.Image,special://skin/extras/backgrounds/blur/coal_blur.jpg)</onclick>
            <onclick condition="Skin.HasSetting(TMDbHelper.EnableBlur)">RunScript(plugin.video.themoviedb.helper,blur_image='"$VAR[Image_SimpleBackground]"')</onclick>
            <onclick>Close</onclick>
            <property name="ItemSelected">$VAR[ColorSchemePurpleSelected]</property>
        </item>
        <item>
            <label>$LOCALIZE[31964]</label>
            <onclick>Skin.SetString(focuscolor.name,ff777777)</onclick>
            <onclick>Skin.SetString(gradientcolor.name,ff777777)</onclick>
            <onclick>Skin.SetBool(EnableMonochromeHighlight)</onclick>
            <onclick>Skin.Reset(fanart.fallback)</onclick>
            <onclick>Skin.Reset(indicatorcolorbackgroundnew.name)</onclick>
            <onclick>Skin.SetString(Background.Image,special://skin/extras/backgrounds/blur/slate_blur.jpg)</onclick>
            <onclick condition="Skin.HasSetting(TMDbHelper.EnableBlur)">RunScript(plugin.video.themoviedb.helper,blur_image='"$VAR[Image_SimpleBackground]"')</onclick>
            <onclick>Close</onclick>
            <property name="ItemSelected">$VAR[ColorSchemeGreySelected]</property>
        </item>
    </include>

    <include name="CustomSettings_Items.BackgroundImageSettings">
        <item>
            <label>$LOCALIZE[571]</label>
            <property name="SettingsName">$LOCALIZE[31110]</property>
            <onclick>Skin.SetString(Background.Image,special://skin/extras/backgrounds/blur/classic_blur.jpg)</onclick>
            <onclick>Skin.Reset(fanart.fallback)</onclick>
            <onclick condition="Skin.HasSetting(TMDbHelper.EnableBlur)">RunScript(plugin.video.themoviedb.helper,blur_image='"$VAR[Image_SimpleBackground]"')</onclick>
            <onclick>Close</onclick>
            <property name="ItemSelected">$VAR[BackgroundImageDefaultSelected]</property>
        </item>
        <item>
            <label>$LOCALIZE[31954]</label>
            <onclick>Skin.SetString(Background.Image,special://skin/extras/backgrounds/blur/purple_blur.jpg)</onclick>
            <onclick>Skin.Reset(fanart.fallback)</onclick>
            <onclick condition="Skin.HasSetting(TMDbHelper.EnableBlur)">RunScript(plugin.video.themoviedb.helper,blur_image='"$VAR[Image_SimpleBackground]"')</onclick>
            <onclick>Close</onclick>
            <property name="ItemSelected">$VAR[BackgroundImagePurpleSelected]</property>
        </item>
        <item>
            <label>$LOCALIZE[31955]</label>
            <onclick>Skin.SetString(Background.Image,special://skin/extras/backgrounds/blur/blue_blur.jpg)</onclick>
            <onclick>Skin.Reset(fanart.fallback)</onclick>
            <onclick condition="Skin.HasSetting(TMDbHelper.EnableBlur)">RunScript(plugin.video.themoviedb.helper,blur_image='"$VAR[Image_SimpleBackground]"')</onclick>
            <onclick>Close</onclick>
            <property name="ItemSelected">$VAR[BackgroundImageBlueSelected]</property>
        </item>
        <item>
            <label>$LOCALIZE[31956]</label>
            <onclick>Skin.SetString(Background.Image,special://skin/extras/backgrounds/blur/green_blur.jpg)</onclick>
            <onclick>Skin.Reset(fanart.fallback)</onclick>
            <onclick condition="Skin.HasSetting(TMDbHelper.EnableBlur)">RunScript(plugin.video.themoviedb.helper,blur_image='"$VAR[Image_SimpleBackground]"')</onclick>
            <onclick>Close</onclick>
            <property name="ItemSelected">$VAR[BackgroundImageGreenSelected]</property>
        </item>
        <item>
            <label>$LOCALIZE[31957]</label>
            <onclick>Skin.SetString(Background.Image,special://skin/extras/backgrounds/blur/pink_blur.jpg)</onclick>
            <onclick>Skin.Reset(fanart.fallback)</onclick>
            <onclick condition="Skin.HasSetting(TMDbHelper.EnableBlur)">RunScript(plugin.video.themoviedb.helper,blur_image='"$VAR[Image_SimpleBackground]"')</onclick>
            <onclick>Close</onclick>
            <property name="ItemSelected">$VAR[BackgroundImagePinkSelected]</property>
        </item>
        <item>
            <label>$LOCALIZE[31958]</label>
            <onclick>Skin.SetString(Background.Image,special://skin/extras/backgrounds/blur/orange_blur.jpg)</onclick>
            <onclick>Skin.Reset(fanart.fallback)</onclick>
            <onclick condition="Skin.HasSetting(TMDbHelper.EnableBlur)">RunScript(plugin.video.themoviedb.helper,blur_image='"$VAR[Image_SimpleBackground]"')</onclick>
            <onclick>Close</onclick>
            <property name="ItemSelected">$VAR[BackgroundImageOrangeSelected]</property>
        </item>
        <item>
            <label>$LOCALIZE[31959]</label>
            <onclick>Skin.SetString(Background.Image,special://skin/extras/backgrounds/blur/slate_blur.jpg)</onclick>
            <onclick>Skin.Reset(fanart.fallback)</onclick>
            <onclick condition="Skin.HasSetting(TMDbHelper.EnableBlur)">RunScript(plugin.video.themoviedb.helper,blur_image='"$VAR[Image_SimpleBackground]"')</onclick>
            <onclick>Close</onclick>
            <property name="ItemSelected">$VAR[BackgroundImageSlateSelected]</property>
        </item>
        <item>
            <label>$LOCALIZE[31960]</label>
            <onclick>Skin.SetString(Background.Image,special://skin/extras/backgrounds/blur/coal_blur.jpg)</onclick>
            <onclick>Skin.Reset(fanart.fallback)</onclick>
            <onclick condition="Skin.HasSetting(TMDbHelper.EnableBlur)">RunScript(plugin.video.themoviedb.helper,blur_image='"$VAR[Image_SimpleBackground]"')</onclick>
            <onclick>Close</onclick>
            <property name="ItemSelected">$VAR[BackgroundImageCoalSelected]</property>
        </item>
        <item>
            <label>$LOCALIZE[636]</label>
            <onclick>Skin.SetImage(fanart.fallback)</onclick>
            <onclick condition="Skin.HasSetting(TMDbHelper.EnableBlur)">RunScript(plugin.video.themoviedb.helper,blur_image='"$VAR[Image_SimpleBackground]"')</onclick>
            <onclick>Close</onclick>
            <property name="ItemSelected">$VAR[BackgroundImageCustomSelected]</property>
        </item>
    </include>
            
    <include name="CustomSettings_Items.NetflixTrailerDelay">
        <item>
            <label>$NUMBER[3]</label>
            <property name="SettingsName">$LOCALIZE[303]</property>
            <onclick>Skin.SetString(NetflixTrailerDelay,3)</onclick>
            <onclick>Close</onclick>
            <include condition="String.IsEqual(Skin.String(NetflixTrailerDelay),3)">Item_Selected</include>
        </item>
        <item>
            <label>$NUMBER[5] - $LOCALIZE[571]</label>
            <onclick>Skin.SetString(NetflixTrailerDelay,5)</onclick>
            <onclick>Close</onclick>
            <include condition="String.IsEqual(Skin.String(NetflixTrailerDelay),5) | String.IsEmpty(Skin.String(NetflixTrailerDelay))">Item_Selected</include>
        </item>
        <item>
            <label>$NUMBER[7]</label>
            <onclick>Skin.SetString(NetflixTrailerDelay,7)</onclick>
            <onclick>Close</onclick>
            <include condition="String.IsEqual(Skin.String(NetflixTrailerDelay),7)">Item_Selected</include>
        </item>
        <item>
            <label>$NUMBER[9]</label>
            <onclick>Skin.SetString(NetflixTrailerDelay,9)</onclick>
            <onclick>Close</onclick>
            <include condition="String.IsEqual(Skin.String(NetflixTrailerDelay),9)">Item_Selected</include>
        </item>
        <item>
            <label>$NUMBER[11]</label>
            <onclick>Skin.SetString(NetflixTrailerDelay,11)</onclick>
            <onclick>Close</onclick>
            <include condition="String.IsEqual(Skin.String(NetflixTrailerDelay),11)">Item_Selected</include>
        </item>
        <item>
            <label>$NUMBER[13]</label>
            <onclick>Skin.SetString(NetflixTrailerDelay,13)</onclick>
            <onclick>Close</onclick>
            <include condition="String.IsEqual(Skin.String(NetflixTrailerDelay),13)">Item_Selected</include>
        </item>
        <item>
            <label>$NUMBER[15]</label>
            <onclick>Skin.SetString(NetflixTrailerDelay,15)</onclick>
            <onclick>Close</onclick>
            <include condition="String.IsEqual(Skin.String(NetflixTrailerDelay),15)">Item_Selected</include>
        </item>
    </include>

    <include name="CustomSettings_Items.DefWidgetLimit">
        <item>
            <label>$NUMBER[10]</label>
            <property name="SettingsName">$LOCALIZE[31000]</property>
            <onclick>Skin.SetString(WidgetLimit,10)</onclick>
            <onclick>Close</onclick>
            <include condition="Integer.IsEqual(Skin.String(WidgetLimit),10) | String.IsEmpty(Skin.String(WidgetLimit))">Item_Selected</include>
        </item>
        <item>
            <label>$NUMBER[25] - $LOCALIZE[571]</label>
            <onclick>Skin.SetString(WidgetLimit,25)</onclick>
            <onclick>Close</onclick>
            <include condition="String.IsEqual(Skin.String(WidgetLimit),25)">Item_Selected</include>
        </item>
        <item>
            <label>$NUMBER[50]</label>
            <onclick>Skin.SetString(WidgetLimit,50)</onclick>
            <onclick>Close</onclick>
            <include condition="String.IsEqual(Skin.String(WidgetLimit),50)">Item_Selected</include>
        </item>
        <item>
            <label>$NUMBER[100]</label>
            <onclick>Skin.SetString(WidgetLimit,100)</onclick>
            <onclick>Close</onclick>
            <include condition="String.IsEqual(Skin.String(WidgetLimit),100)">Item_Selected</include>
        </item>
        <item>
            <label>$NUMBER[200]</label>
            <onclick>Skin.SetString(WidgetLimit,200)</onclick>
            <onclick>Close</onclick>
            <include condition="String.IsEqual(Skin.String(WidgetLimit),200)">Item_Selected</include>
        </item>
        <item>
            <label>$LOCALIZE[37030]</label>
            <onclick>Skin.SetString(WidgetLimit,$LOCALIZE[37030])</onclick>
            <onclick>Close</onclick>
            <include condition="String.IsEqual(Skin.String(WidgetLimit),$LOCALIZE[37030])">Item_Selected</include>
        </item>
    </include>

    <include name="CustomSettings_Items.DefHubLimit">
        <item>
            <label>$NUMBER[10]</label>
            <property name="SettingsName">$LOCALIZE[31000]</property>
            <onclick>Skin.SetString(HubLimit,10)</onclick>
            <onclick>Close</onclick>
            <include condition="Integer.IsEqual(Skin.String(HubLimit),10) | String.IsEmpty(Skin.String(HubLimit))">Item_Selected</include>
        </item>
        <item>
            <label>$NUMBER[25] - $LOCALIZE[571]</label>
            <onclick>Skin.SetString(HubLimit,25)</onclick>
            <onclick>Close</onclick>
            <include condition="Integer.IsEqual(Skin.String(HubLimit),25)">Item_Selected</include>
        </item>
        <item>
            <label>$NUMBER[50]</label>
            <onclick>Skin.SetString(HubLimit,50)</onclick>
            <onclick>Close</onclick>
            <include condition="Integer.IsEqual(Skin.String(HubLimit),50)">Item_Selected</include>
        </item>
        <item>
            <label>$LOCALIZE[37030]</label>
            <onclick>Skin.SetString(HubLimit,$LOCALIZE[37030])</onclick>
            <onclick>Close</onclick>
            <include condition="String.IsEqual(Skin.String(HubLimit),$LOCALIZE[37030])">Item_Selected</include>
        </item>
    </include>

    <include name="CustomSettings_Items.TrailerCount">
        <item>
            <label>$LOCALIZE[231] - $LOCALIZE[571]</label>
            <property name="SettingsName">$LOCALIZE[31456]</property>
            <onclick>Skin.Reset(TrailerCount)</onclick>
            <onclick>Close</onclick>
            <include condition="String.IsEmpty(Skin.String(TrailerCount))">Item_Selected</include>
        </item>
        <item>
            <label>$NUMBER[1]</label>
            <onclick>Skin.SetString(TrailerCount,1)</onclick>
            <onclick>Close</onclick>
            <include condition="Integer.IsEqual(Skin.String(TrailerCount),2)">Item_Selected</include>
        </item>
        <item>
            <label>$NUMBER[2]</label>
            <onclick>Skin.SetString(TrailerCount,2)</onclick>
            <onclick>Close</onclick>
            <include condition="Integer.IsEqual(Skin.String(TrailerCount),3)">Item_Selected</include>
        </item>
        <item>
            <label>$NUMBER[3]</label>
            <onclick>Skin.SetString(TrailerCount,3)</onclick>
            <onclick>Close</onclick>
            <include condition="Integer.IsEqual(Skin.String(TrailerCount),3)">Item_Selected</include>
        </item>
        <item>
            <label>$NUMBER[4]</label>
            <onclick>Skin.SetString(TrailerCount,4)</onclick>
            <onclick>Close</onclick>
            <include condition="Integer.IsEqual(Skin.String(TrailerCount),4)">Item_Selected</include>
        </item>
        <item>
            <label>$NUMBER[5]</label>
            <onclick>Skin.SetString(TrailerCount,5)</onclick>
            <onclick>Close</onclick>
            <include condition="Integer.IsEqual(Skin.String(TrailerCount),5)">Item_Selected</include>
        </item>
    </include>

    <include name="CustomSettings_Items.OSD_Timeout">
        <item>
            <label>$LOCALIZE[591] - $LOCALIZE[571]</label>
            <property name="SettingsName">$LOCALIZE[31312]</property>
            <onclick>Skin.Reset(OSD_Timeout)</onclick>
            <onclick>Close</onclick>
            <include condition="String.IsEmpty(Skin.String(OSD_Timeout))">Item_Selected</include>
        </item>
        <item>
            <label>$NUMBER[3]</label>
            <onclick>Skin.SetString(OSD_Timeout,3)</onclick>
            <onclick>Close</onclick>
            <include condition="Integer.IsEqual(Skin.String(OSD_Timeout),3)">Item_Selected</include>
        </item>
        <item>
            <label>$NUMBER[5]</label>
            <onclick>Skin.SetString(OSD_Timeout,5)</onclick>
            <onclick>Close</onclick>
            <include condition="Integer.IsEqual(Skin.String(OSD_Timeout),5)">Item_Selected</include>
        </item>
        <item>
            <label>$NUMBER[10]</label>
            <onclick>Skin.SetString(OSD_Timeout,10)</onclick>
            <onclick>Close</onclick>
            <include condition="Integer.IsEqual(Skin.String(OSD_Timeout),10)">Item_Selected</include>
        </item>
        <item>
            <label>$NUMBER[15]</label>
            <onclick>Skin.SetString(OSD_Timeout,15)</onclick>
            <onclick>Close</onclick>
            <include condition="Integer.IsEqual(Skin.String(OSD_Timeout),15)">Item_Selected</include>
        </item>
        <item>
            <label>$NUMBER[20]</label>
            <onclick>Skin.SetString(OSD_Timeout,20)</onclick>
            <onclick>Close</onclick>
            <include condition="Integer.IsEqual(Skin.String(OSD_Timeout),20)">Item_Selected</include>
        </item>
        <item>
            <label>$NUMBER[25]</label>
            <onclick>Skin.SetString(OSD_Timeout,25)</onclick>
            <onclick>Close</onclick>
            <include condition="Integer.IsEqual(Skin.String(OSD_Timeout),25)">Item_Selected</include>
        </item>
        <item>
            <label>$NUMBER[30]</label>
            <onclick>Skin.SetString(OSD_Timeout,30)</onclick>
            <onclick>Close</onclick>
            <include condition="Integer.IsEqual(Skin.String(OSD_Timeout),30)">Item_Selected</include>
        </item>
    </include>
    
    <include name="CustomSettings_Items.OSD_Info">
        <item>
            <label>$LOCALIZE[591] - $LOCALIZE[571]</label>
            <property name="SettingsName">$LOCALIZE[31677]</property>
            <onclick>Skin.Reset(OSD_Info)</onclick>
            <onclick>Skin.Reset(osd.info.fullscreen)</onclick>
            <onclick>Close</onclick>
            <include condition="String.IsEmpty(Skin.String(OSD_Info))">Item_Selected</include>
        </item>
        <item>
            <label>$NUMBER[3]</label>
            <onclick>Skin.SetBool(osd.info.fullscreen)</onclick>
            <onclick>Skin.SetString(OSD_Info,3)</onclick>
            <onclick>Close</onclick>
            <include condition="Integer.IsEqual(Skin.String(OSD_Info),3)">Item_Selected</include>
        </item>
        <item>
            <label>$NUMBER[5]</label>
            <onclick>Skin.SetBool(osd.info.fullscreen)</onclick>
            <onclick>Skin.SetString(OSD_Info,5)</onclick>
            <onclick>Close</onclick>
            <include condition="Integer.IsEqual(Skin.String(OSD_Info),5)">Item_Selected</include>
        </item>
        <item>
            <label>$NUMBER[7]</label>
            <onclick>Skin.SetBool(osd.info.fullscreen)</onclick>
            <onclick>Skin.SetString(OSD_Info,7)</onclick>
            <onclick>Close</onclick>
            <include condition="Integer.IsEqual(Skin.String(OSD_Info),7)">Item_Selected</include>
        </item>
        <item>
            <label>$NUMBER[10]</label>
            <onclick>Skin.SetBool(osd.info.fullscreen)</onclick>
            <onclick>Skin.SetString(OSD_Info,10)</onclick>
            <onclick>Close</onclick>
            <include condition="Integer.IsEqual(Skin.String(OSD_Info),10)">Item_Selected</include>
        </item>
    </include>

    <include name="CustomSettings_Items.BlurRadius">
        <item>
            <label>$NUMBER[10]</label>
            <property name="SettingsName">$LOCALIZE[31538]</property>
            <include content="DefUpdateBlur"><param name="number" value="10" /></include>
            <include condition="String.IsEqual(Skin.String(TMDbHelper.Blur.Radius),10)">Item_Selected</include>
        </item>
        <item>
            <label>$NUMBER[20]</label>
            <include content="DefUpdateBlur"><param name="number" value="20" /></include>
            <include condition="String.IsEqual(Skin.String(TMDbHelper.Blur.Radius),20)">Item_Selected</include>
        </item>
        <item>
            <label>$NUMBER[30]</label>
            <include content="DefUpdateBlur"><param name="number" value="30" /></include>
            <include condition="String.IsEqual(Skin.String(TMDbHelper.Blur.Radius),30)">Item_Selected</include>
        </item>
        <item>
            <label>$NUMBER[40] - $LOCALIZE[571]</label>
            <include content="DefUpdateBlur"><param name="number" value="40" /></include>
            <include condition="String.IsEqual(Skin.String(TMDbHelper.Blur.Radius),40) | String.IsEmpty(Skin.String(TMDbHelper.Blur.Radius))">Item_Selected</include>
        </item>
        <item>
            <label>$NUMBER[50]</label>
            <include content="DefUpdateBlur"><param name="number" value="50" /></include>
            <include condition="String.IsEqual(Skin.String(TMDbHelper.Blur.Radius),50)">Item_Selected</include>
        </item>
        <item>
            <label>$NUMBER[60]</label>
            <include content="DefUpdateBlur"><param name="number" value="60" /></include>
            <include condition="String.IsEqual(Skin.String(TMDbHelper.Blur.Radius),60)">Item_Selected</include>
        </item>
        <item>
            <label>$NUMBER[70]</label>
            <include content="DefUpdateBlur"><param name="number" value="70" /></include>
            <include condition="String.IsEqual(Skin.String(TMDbHelper.Blur.Radius),70)">Item_Selected</include>
        </item>
        <item>
            <label>$NUMBER[80]</label>
            <include content="DefUpdateBlur"><param name="number" value="80" /></include>
            <include condition="String.IsEqual(Skin.String(TMDbHelper.Blur.Radius),80)">Item_Selected</include>
        </item>
        <item>
            <label>$NUMBER[90]</label>
            <include content="DefUpdateBlur"><param name="number" value="90" /></include>
            <include condition="String.IsEqual(Skin.String(TMDbHelper.Blur.Radius),90)">Item_Selected</include>
        </item>
        <item>
            <label>$NUMBER[100]</label>
            <include content="DefUpdateBlur"><param name="number" value="100" /></include>
            <include condition="String.IsEqual(Skin.String(TMDbHelper.Blur.Radius),100)">Item_Selected</include>
        </item>
    </include>
    	
   	<include name="HomeViewTypes">
		<item>
            <label>$LOCALIZE[31287] $LOCALIZE[31394] $LOCALIZE[31014]</label>
            <include>ResetViewtypes</include>
            <onclick>Skin.SetBool(home.modernwidgets)</onclick>
            <onclick>Skin.SetBool(home.vertical.widgets)</onclick>
            <onclick>Skin.SetBool(homemenu.netflix)</onclick>
            <onclick>Close</onclick>
            <thumb>special://skin/extras/homemenu/2$VAR[ColorTheme,_].jpg</thumb>
            <include condition="Skin.HasSetting(home.modernwidgets) + Skin.HasSetting(home.vertical.widgets) + Skin.HasSetting(homemenu.netflix) + !Skin.HasSetting(homemenu.clean.flix)">Item_Selected</include>		
		</item>
		<item>
            <label>$LOCALIZE[31250] $LOCALIZE[31394] $LOCALIZE[31014]</label>
            <include>ResetViewtypes</include>
            <onclick>Skin.SetBool(home.vertical)</onclick>
            <onclick>Skin.SetBool(home.vertical.widgets)</onclick>
            <onclick>Skin.SetBool(homemenu.netflix)</onclick>
            <onclick>Close</onclick>
            <thumb>special://skin/extras/homemenu/1$VAR[ColorTheme,_].jpg</thumb>
            <include condition="Skin.HasSetting(home.vertical) + Skin.HasSetting(home.vertical.widgets) + Skin.HasSetting(homemenu.netflix)">Item_Selected</include>		
		</item>
		<item>
            <label>$LOCALIZE[31287] $LOCALIZE[31394]</label>
            <include>ResetViewtypes</include>
            <onclick>Skin.SetBool(home.modernwidgets)</onclick>
            <onclick>Skin.SetBool(home.vertical.widgets)</onclick>
            <onclick>Close</onclick>
            <thumb>special://skin/extras/homemenu/4$VAR[ColorTheme,_].jpg</thumb>
            <include condition="Skin.HasSetting(home.modernwidgets) + Skin.HasSetting(home.vertical.widgets) + !Skin.HasSetting(homemenu.netflix)">Item_Selected</include>		
		</item>
		<item>
            <label>$LOCALIZE[31250] $LOCALIZE[31394]</label>
            <include>ResetViewtypes</include>
            <onclick>Skin.SetBool(home.vertical)</onclick>
            <onclick>Skin.SetBool(home.vertical.widgets)</onclick>
            <onclick>Close</onclick>			
            <thumb>special://skin/extras/homemenu/7$VAR[ColorTheme,_].jpg</thumb>
            <include condition="!Skin.HasSetting(home.classicwidgets) + Skin.HasSetting(home.vertical) + Skin.HasSetting(home.vertical.widgets) + !Skin.HasSetting(homemenu.netflix)">Item_Selected</include>			
		</item>
		<item>
            <label>$LOCALIZE[31533]</label>
            <include>ResetViewtypes</include>
            <onclick>Skin.SetBool(home.modernwidgets)</onclick>
            <onclick>Skin.SetBool(home.vertical.widgets)</onclick>
            <onclick>Skin.SetBool(homemenu.netflix)</onclick>
            <onclick>Skin.SetBool(homemenu.clean.flix)</onclick>
            <onclick>Close</onclick>			
            <thumb>special://skin/extras/homemenu/9$VAR[ColorTheme,_].jpg</thumb>
            <include condition="Skin.HasSetting(home.modernwidgets) + Skin.HasSetting(homemenu.netflix) + Skin.HasSetting(home.vertical.widgets) + Skin.HasSetting(homemenu.clean.flix)">Item_Selected</include>		
		</item>
		<item>
            <label>$LOCALIZE[31287]</label>
            <include>ResetViewtypes</include>
            <onclick>Skin.SetBool(home.modernwidgets)</onclick>
            <onclick>Close</onclick>			
            <thumb>special://skin/extras/homemenu/3$VAR[ColorTheme,_].jpg</thumb>
            <include condition="Skin.HasSetting(home.modernwidgets) + !Skin.HasSetting(home.vertical.widgets)">Item_Selected</include>		
		</item>
		<item>
            <label>$LOCALIZE[31248]</label>
            <include>ResetViewtypes</include>
            <onclick>Close</onclick>			
            <thumb>special://skin/extras/homemenu/5$VAR[ColorTheme,_].jpg</thumb>
            <include condition="!Skin.HasSetting(home.classicwidgets) + !Skin.HasSetting(home.vertical) + !Skin.HasSetting(homemenu.netflix) + !Skin.HasSetting(home.modernwidgets)">Item_Selected</include>		
		</item>
		<item>
            <label>$LOCALIZE[31249]</label>
            <include>ResetViewtypes</include>
            <onclick>Skin.SetBool(home.classicwidgets)</onclick>
            <onclick>Close</onclick>			
            <thumb>special://skin/extras/homemenu/8$VAR[ColorTheme,_].jpg</thumb>
            <include condition="Skin.HasSetting(home.classicwidgets)">Item_Selected</include>		
		</item>
		<item>
            <label>$LOCALIZE[31250]</label>
            <include>ResetViewtypes</include>
            <onclick>Skin.SetBool(home.vertical)</onclick>
            <onclick>Close</onclick>			
            <thumb>special://skin/extras/homemenu/6$VAR[ColorTheme,_].jpg</thumb>
            <include condition="!Skin.HasSetting(home.classicwidgets) + Skin.HasSetting(home.vertical) + !Skin.HasSetting(home.vertical.widgets)">Item_Selected</include>		
		</item>
	</include>
	
    <include name="WeatherDailyItems">
		<item>
            <label>[B]$LOCALIZE[19030][/B]</label>
            <label2>$INFO[Weather.Conditions]</label2>
            <property name="FanartCode">na</property>
            <property name="Today">true</property>
            <visible>String.IsEmpty(Window(weather).Property(Current.IsFetched))</visible>
		</item>
        <include content="WeatherCurrent.Item">
		</include>
        <include content="WeatherDaily.Item_Include">
			<param name="item_index" value="1" />
			<param name="item_title" value="$LOCALIZE[33006]" />
		</include>
        <include content="WeatherDaily.Item">
			<param name="item_index" value="2" />
		</include>
       	<include content="WeatherDaily.Item">
			<param name="item_index" value="3" />
		</include>
       	<include content="WeatherDaily.Item">
			<param name="item_index" value="4" />
		</include>
       	<include content="WeatherDaily.Item">
			<param name="item_index" value="5" />
		</include>
       	<include content="WeatherDaily.Item">
			<param name="item_index" value="6" />
		</include>
       	<include content="WeatherDaily.Item">
			<param name="item_index" value="7" />
		</include>
       	<include content="WeatherDaily.Item">
			<param name="item_index" value="8" />
		</include>
       	<include content="WeatherDaily.Item">
			<param name="item_index" value="9" />
		</include>
       	<include content="WeatherDaily.Item">
			<param name="item_index" value="10" />
		</include>
    </include>
    
    <include name="WeatherHourlyItems">
		<item>
            <label>[B]$LOCALIZE[19030][/B]</label>
            <label2>$INFO[Weather.Conditions]</label2>
            <property name="FanartCode">na</property>
            <property name="Today">true</property>
            <visible>String.IsEmpty(Window(weather).Property(Hourly.IsFetched))</visible>
		</item>
      	<include content="WeatherHourly.Item">
			<param name="item_index" value="1" />
            <param name="item_today">true</param>		
        </include>
      	<include content="WeatherHourly.Item">
			<param name="item_index" value="2" />
		</include>
      	<include content="WeatherHourly.Item">
			<param name="item_index" value="3" />
		</include>
      	<include content="WeatherHourly.Item">
			<param name="item_index" value="4" />
		</include>
      	<include content="WeatherHourly.Item">
			<param name="item_index" value="5" />
		</include>
      	<include content="WeatherHourly.Item">
			<param name="item_index" value="6" />
		</include>
      	<include content="WeatherHourly.Item">
			<param name="item_index" value="7" />
		</include>
      	<include content="WeatherHourly.Item">
			<param name="item_index" value="8" />
		</include>
      	<include content="WeatherHourly.Item">
			<param name="item_index" value="9" />
		</include>
      	<include content="WeatherHourly.Item">
			<param name="item_index" value="10" />
		</include>
      	<include content="WeatherHourly.Item">
			<param name="item_index" value="11" />
		</include>
      	<include content="WeatherHourly.Item">
			<param name="item_index" value="12" />
		</include>
      	<include content="WeatherHourly.Item">
			<param name="item_index" value="13" />
		</include>
      	<include content="WeatherHourly.Item">
			<param name="item_index" value="14" />
		</include>
      	<include content="WeatherHourly.Item">
			<param name="item_index" value="15" />
		</include>
      	<include content="WeatherHourly.Item">
			<param name="item_index" value="16" />
		</include>
    </include>

    <include name="WeatherCurrent.Item">
        <item>
            <label>[B]$LOCALIZE[19030][/B]</label>
            <label2>$INFO[Weather.Conditions]</label2>
            <property name="HighTemp">$VAR[Weather_Temperature,[B],[/B]]</property>
            <property name="FanartCode">$INFO[Weather.FanartCode]</property>
            <property name="Today">true</property>
            <thumb>$INFO[Window(weather).Property(Current.OutlookIconWMO)]</thumb>
            <visible>!String.IsEmpty(Window(weather).Property(Current.IsFetched))</visible>
            <onclick>ActivateWindow(Weather)</onclick>
            <onclick condition="!String.IsEmpty(Window(weather).Property(Daily.IsFetched))">SetFocus(9100,0,absolute)</onclick>
        </item>
	</include>

   	<include name="WeatherDaily.Item">
		<include content="WeatherDaily.Item_Include">
			<param name="item_index" value="$PARAM[item_index]"/>
			<param name="item_title" value="$INFO[Window(Weather).Property(Daily.$PARAM[item_index].LongDay)]" />
		</include>
	</include>
	
   	<include name="WeatherDaily.Item_Include">
		<definition>
	        <item>
	            <label>$PARAM[item_title]</label>
	            <label2>$INFO[Window(Weather).Property(Daily.$PARAM[item_index].Outlook)]</label2>
	            <property name="HighTemp">$INFO[Window(Weather).Property(Daily.$PARAM[item_index].HighTemperature),[B],[/B]]</property>
	            <property name="LowTemp">$INFO[Window(Weather).Property(Daily.$PARAM[item_index].LowTemperature)]</property>
	            <property name="FanartCode">$INFO[Window(Weather).Property(Daily.$PARAM[item_index].FanartCode)]</property>
	            <thumb>$INFO[Window(weather).Property(Daily.$PARAM[item_index].OutlookIconWMO)]</thumb>
	            <visible>!String.IsEmpty(Window(weather).Property(Daily.IsFetched)) + !String.IsEmpty(Window(Weather).Property(Daily.$PARAM[item_index].Outlook))</visible>
	            <onclick>ActivateWindow(Weather)</onclick>
	            <onclick>SetFocus(9100,0,absolute)</onclick>
	        </item>
		</definition>
	</include>

	<include name="WeatherHourly.Item">
        <item>
            <label>$INFO[Window(Weather).Property(Hourly.$PARAM[item_index].Time)]</label>
            <label2>$INFO[Window(Weather).Property(Hourly.$PARAM[item_index].Outlook)]</label2>
            <property name="HighTemp">$INFO[Window(Weather).Property(Hourly.$PARAM[item_index].Temperature),[B],[/B]]</property>
            <property name="LowTemp">$INFO[Window(Weather).Property(Hourly.$PARAM[item_index].Precipitation)]</property>
            <property name="Today">$PARAM[item_today]</property>
            <property name="FanartCode">$INFO[Window(Weather).Property(Hourly.$PARAM[item_index].FanartCode)]</property>
            <thumb>$INFO[Window(weather).Property(Hourly.$PARAM[item_index].OutlookIconWMO)]</thumb>
            <visible>!String.IsEmpty(Window(weather).Property(Hourly.IsFetched)) + !String.IsEmpty(Window(Weather).Property(Hourly.$PARAM[item_index].Outlook))</visible>
            <onclick>ActivateWindow(Weather)</onclick>
            <onclick>SetFocus(9100,1,absolute)</onclick>
        </item>		
	</include>
	
    <include name="SystemInfoItems">
        <item>
            <label>$LOCALIZE[705]</label>
            <label2>$INFO[Network.LinkState]</label2>
            <icon>special://skin/extras/icons/networkinfo.png</icon>
            <property name="Label3">$INFO[Network.IPAddress,IP: ]</property>
            <visible>!String.IsEmpty(Network.IPAddress)</visible>
            <onclick>ActivateWindowAndFocus(systeminfo,96,0)</onclick>
        </item>
        <item>
            <label>$LOCALIZE[705]</label>
            <label2>$INFO[Network.LinkState]</label2>
            <icon>special://skin/extras/icons/network.png</icon>
            <property name="Label3">$INFO[Network.IPAddress,IP: ]</property>
            <visible>String.IsEmpty(Network.IPAddress)</visible>
            <onclick>ActivateWindowAndFocus(systeminfo,96,0)</onclick>
        </item>
        <item>
            <label>$LOCALIZE[13280]</label>
            <label2>$INFO[System.ScreenWidth]x$INFO[System.ScreenHeight]</label2>
            <icon>special://skin/extras/icons/graphicinfo.png</icon>
            <property name="Label3">$INFO[System.fps,, FPS]</property>
            <onclick>ActivateWindowAndFocus(systeminfo,97,0)</onclick>
        </item>
        <item>
            <label>$LOCALIZE[31487]</label>
            <label2>$INFO[System.CPUUsage(used.percent)]</label2>
            <icon>special://skin/extras/icons/sysinfo.png</icon>
            <property name="Label3">$INFO[System.CpuFrequency]</property>
            <property name="Label4">cpu</property>
            <onclick>ActivateWindowAndFocus(systeminfo,98,0)</onclick>
        </item>
        <item>
            <label>$LOCALIZE[31398]</label>
            <label2>$INFO[System.Memory(used.percent)] $LOCALIZE[20162]</label2>
            <icon>special://skin/extras/icons/raminfo.png</icon>
            <property name="Label3">$INFO[System.Memory(total)] $LOCALIZE[20161]</property>
            <property name="Label4">ram</property>
            <onclick>ActivateWindowAndFocus(systeminfo,98,0)</onclick>
        </item>
        <item>
            <label>$LOCALIZE[154]</label>
            <label2>$INFO[System.UsedSpacePercent]</label2>
            <icon>special://skin/extras/icons/storageinfo.png</icon>
            <property name="Label3">$INFO[System.TotalSpace]</property>
            <property name="Label4">storage</property>
            <onclick>ActivateWindowAndFocus(systeminfo,94,0)</onclick>
        </item>
        <item>
            <label>$LOCALIZE[14204]</label>
            <label2>$INFO[Pvr.BackendName]</label2>
            <icon>special://skin/extras/icons/pvrinfo.png</icon>
            <property name="Label3">$INFO[Pvr.BackendChannels] $LOCALIZE[19019]</property>
            <visible>PVR.HasTVChannels</visible>
            <onclick>ActivateWindowAndFocus(systeminfo,99,0)</onclick>
        </item>
        <item>
            <label>$LOCALIZE[20342] &amp; $LOCALIZE[20343]</label>
            <label2>$INFO[Window(home).Property(Movies.Count)] $LOCALIZE[20342]</label2>
            <icon>special://skin/extras/icons/tv.png</icon>
            <property name="Label3">$INFO[Window(home).Property(TVShows.Count)] $LOCALIZE[20343]</property>
            <visible>Library.HasContent(Movies) | Library.HasContent(TVShows)</visible>
            <onclick>ActivateWindow(systeminfo)</onclick>
        </item>
        <item>
            <label>$LOCALIZE[132] &amp; $LOCALIZE[134]</label>
            <label2>$INFO[Window(home).Property(Music.AlbumsCount)] $LOCALIZE[132]</label2>
            <icon>special://skin/extras/icons/songs.png</icon>
            <property name="Label3">$INFO[Window(home).Property(Music.SongsCount)] $LOCALIZE[134]</property>
            <visible>Library.HasContent(Music)</visible>
            <onclick>ActivateWindow(systeminfo)</onclick>
        </item>
        <item>
            <label>$LOCALIZE[19114]</label>
            <label2>$INFO[System.BuildVersion]</label2>
            <icon>special://skin/extras/icons/kodi.png</icon>
            <property name="Label3">$INFO[System.BuildDate]</property>
            <onclick>ActivateWindow(systeminfo)</onclick>
        </item>
    </include>
    
    <include name="SettingsInfoItems">
        <item id="1">
            <label>14206</label>
            <label2>31275</label2>
            <icon>special://skin/extras/icons/paintbrush.png</icon>
            <onclick>ActivateWindow(InterfaceSettings)</onclick>
        </item>
        <item id="2">
            <label>14211</label>
            <label2>31276</label2>
            <icon>special://skin/extras/icons/tags.png</icon>
            <onclick>ActivateWindow(MediaSettings)</onclick>
        </item>
        <item id="3">
            <label>14200</label>
            <label2>31277</label2>
            <icon>special://skin/extras/icons/equalizer.png</icon>
            <onclick>ActivateWindow(PlayerSettings)</onclick>
        </item>
        <item id="12">
            <label>20077</label>
            <label2>31166</label2>
            <icon>special://skin/extras/icons/year.png</icon>
            <onclick>ActivateWindow(SkinSettings)</onclick>
        </item>
        <item id="8">
            <label>13000</label>
            <label2>31161</label2>
            <icon>special://skin/extras/icons/configure.png</icon>
            <onclick>ActivateWindow(SystemSettings)</onclick>
        </item>
        <item id="7">
            <label>14036</label>
            <label2>31164</label2>
            <icon>special://skin/extras/icons/network.png</icon>
            <onclick>ActivateWindow(servicesettings)</onclick>
        </item>
        <item id="9">
            <label>13200</label>
            <label2>31165</label2>
            <icon>special://skin/extras/icons/actor.png</icon>
            <onclick>ActivateWindow(Profiles)</onclick>
        </item>
        <item id="4">
            <label>24001</label>
            <label2>31162</label2>
            <icon>special://skin/extras/icons/addons.png</icon>
            <onclick>ActivateWindow(AddonBrowser)</onclick>
        </item>
        <item id="10">
            <label>130</label>
            <label2>31167</label2>
            <icon>special://skin/extras/icons/sysinfo.png</icon>
            <onclick>ActivateWindow(7)</onclick>
        </item>
        <item id="11">
            <label>19191</label>
            <label2>31163</label2>
            <icon>special://skin/extras/icons/livetv.png</icon>
            <onclick>ActivateWindow(pvrsettings)</onclick>
        </item>
        <item id="5">
            <label>LibreELEC $LOCALIZE[5]</label>
            <label2>31373</label2>
            <icon>special://skin/extras/icons/libreelec.png</icon>
            <onclick>RunScript(service.libreelec.settings)</onclick>
            <visible>System.HasAddon(service.libreelec.settings)</visible>
        </item>
        <item id="6">
            <label>CoreELEC $LOCALIZE[5]</label>
            <label2>31374</label2>
            <icon>special://skin/extras/icons/coreelec.png</icon>
            <onclick>RunScript(service.coreelec.settings)</onclick>
            <visible>System.HasAddon(service.coreelec.settings)</visible>
        </item>
        <item id="14">
            <label>$LOCALIZE[7]</label>
            <icon>special://skin/extras/icons/filemanager.png</icon>
            <onclick>ActivateWindow(filemanager)</onclick>
        </item>
    </include>
</includes>