<?xml version="1.0" encoding="UTF-8"?>
<includes>
	<include name="DialogSelectCommonLayout">
        <param name="buttons" default="DialogSelectDefaultButtons"/>

        <definition>
            <include content="scrollbar_dialog">
                <param name="scrollid" value="1723"/>
                <param name="onleft" value="100"/>
                <param name="onright" value="101"/>
            </include>
 
            <!-- Lines -->
            <control type="image">
                <top>115</top>
                <right>375</right>
                <height>687</height>
                <width>1</width>
                <texture colordiffuse="Black12">common/white.png</texture>
                <animation effect="fade" start="0" end="100" time="100" condition="!Control.HasFocus(1723) + !Container.Scrolling">Conditional</animation>
            </control>

             <!-- Buttons -->           
            <control type="grouplist" id="101">
                <top>115</top>              
                <right>42</right>
                <width>300</width>
                <itemgap>DialogButtonsItemgap</itemgap>
                <orientation>vertical</orientation>
                <onleft>1723</onleft>
                <onright>100</onright>
                <include>$PARAM[buttons]</include>  
            </control>                

            <include>DialogSelectlabelInclude</include>
        </definition>    
    </include>

   	<include name="DialogSelectDefaultButtons">
        <control type="button" id="5">
            <description>Manual</description>
            <include>DefDialogButtons</include>
            <visible>Control.IsEnabled(5) + !String.IsEmpty(Control.GetLabel(5))</visible>
        </control>
        <control type="button" id="8">
            <description>Add/Get More...</description>
            <include>DefDialogButtons</include>
            <visible>Control.IsEnabled(8) + !String.IsEmpty(Control.GetLabel(8))</visible>
        </control>      
        <control type="button" id="7">
            <description>Cancel</description>
            <include>DefDialogButtons</include>
            <label>222</label>
            <visible>Control.IsEnabled(7)</visible>
        </control>		
	</include>

    <include name="DialogSelect">
        <include content="DefDialog">
	        <param name="header_id" value="1"/>

			<control type="group" id="100">
	           	<control type="list" id="3">
	                <left>8</left>
	                <width>1064</width>
	                <posy>115</posy>
	                <height>696</height>
	                <onleft>101</onleft>
	                <onright>1723</onright>
	                <pagecontrol>1723</pagecontrol>
	                <include content="Def_SimpleListLayout">
	                    <param name="focused" value="Control.HasFocus(3)" />
	                </include>
	            </control>
	
	            <control type="list" id="6">
	                <posx>8</posx>
	                <posy>115</posy>
	                <width>700</width>
	                <height>690</height>
	                <onleft>101</onleft>
	                <onright>1723</onright>
	                <pagecontrol>1723</pagecontrol>
                    <include content="Def_ThumbnailListLayout">
                        <param name="focused" value="Control.HasFocus(6)" />
                    </include>
	            </control>
			</control>
			
			<include>DialogSelectCommonLayout</include>
            
            <control type="image">
                <description>Large Icon Image</description>
                <posx>738</posx>
                <posy>351</posy>
                <width>300</width>
                <height>450</height>
                <texture fallback="DefaultAddonNone.png">$VAR[DialogSelectImageBig]</texture>
                <aspectratio align="center" aligny="bottom">keep</aspectratio>
                <visible>Control.IsVisible(6)</visible>
            </control>
        </include>
    </include>

	<variable name="DialogSelectGameLabelLeft">
		<value condition="!String.IsEmpty(ListItem.Label2)">$INFO[ListItem.Label2]</value>	
		<value>$INFO[ListItem.Label]</value>	
	</variable>

	<variable name="DialogSelectGameLabelRight">
		<value condition="!String.IsEmpty(ListItem.Label2)">$INFO[ListItem.Label]</value>	
	</variable>
	
    <include name="DialogSelectGameSaves">
        <include content="DefDialog">
			<param name="width" value="1633" />
			<param name="height" value="858" />
            <param name="header_id" value="10820"/>
            <param name="header_label" value="35260" />
            <control type="group" id="100">
                <control type="panel" id="3">
                    <left>35</left>
                    <width>1200</width>
                    <posy>110</posy>
                    <height>650</height>
                    <onleft>101</onleft>
                    <onright>1723</onright>
                    <pagecontrol>1723</pagecontrol>
					<itemlayout width="400" height="325">
						<control type="image">
							<left>10</left>
							<right>10</right>
							<top>10</top>
							<height>254</height>
	                        <texture colordiffuse="ff181818" border="4">common/box.png</texture>
						</control>
						<control type="image">
							<left>10</left>
							<right>10</right>
							<top>10</top>
							<height>254</height>
							<texture>$INFO[ListItem.Art(screenshot)]</texture>
							<aspectratio>keep</aspectratio>
						</control>
	                    <control type="image">
							<left>10</left>
							<right>10</right>
							<top>10</top>
	                        <height>254</height>
	                        <texture colordiffuse="Box2" border="4" background="true" infill="false">common/box21.png</texture>
	                        <visible>!Skin.HasSetting(global.hideborders)</visible>
	                    </control>
	                    <control type="label">
	                        <top>274</top>
	                        <bottom>10</bottom>
	                        <left>10</left>
	                        <align>left</align>
	                        <aligny>top</aligny>
	                        <font>Tiny</font>
	                        <textoffsetx>5</textoffsetx>
	                        <label>$VAR[DialogSelectGameLabelLeft]</label>
	                        <textcolor>Dark2</textcolor>
	                    </control>
	                    <control type="label">
	                        <top>274</top>
	                        <bottom>10</bottom>
	                        <right>10</right>
	                        <align>right</align>
	                        <aligny>top</aligny>
	                        <font>Tiny</font>
	                        <textoffsetx>5</textoffsetx>
	                        <label>$VAR[DialogSelectGameLabelRight]</label>
	                        <textcolor>Dark2</textcolor>
	                    </control>
					</itemlayout>
					<focusedlayout width="400" height="325">
						<control type="image">
							<left>10</left>
							<right>10</right>
							<top>10</top>
							<height>254</height>
	                        <texture colordiffuse="ff181818" border="4">common/box.png</texture>
						</control>
						<control type="image">
							<left>10</left>
							<right>10</right>
							<top>10</top>
							<height>254</height>
							<texture>$INFO[ListItem.Art(screenshot)]</texture>
							<aspectratio>keep</aspectratio>
						</control>
	                    <control type="image">
							<left>10</left>
							<right>10</right>
							<top>10</top>
	                        <height>254</height>
	                        <texture colordiffuse="Box2" border="4" background="true" infill="false">common/box21.png</texture>
	                        <visible>!Skin.HasSetting(global.hideborders)</visible>
	                    </control>
	                    <control type="image">
	                        <include>Animation.SelectBoxHome</include>
	                        <left>5</left>
	                        <right>5</right>
	                        <top>5</top>
	                        <height>264</height>
	                        <texture border="20" colordiffuse="$VAR[ColorHighlight]">common/selectbox.png</texture>
	                    </control>
	                    <control type="image">
	                        <include>Animation.SelectBoxHome</include>
	                        <left>5</left>
	                        <right>5</right>
	                        <top>5</top>
	                        <height>264</height>
	                        <texture border="20" colordiffuse="$VAR[ColorGradient]">common/gradient-selectbox.png</texture>
	                    </control>
	                    <control type="label">
	                        <top>274</top>
	                        <bottom>10</bottom>
	                        <left>10</left>
	                        <align>left</align>
	                        <aligny>top</aligny>
	                        <font>Tiny</font>
	                        <textoffsetx>5</textoffsetx>
	                        <label>$VAR[DialogSelectGameLabelLeft]</label>
	                        <textcolor>Dark2</textcolor>
	                    </control>
	                    <control type="label">
	                        <top>274</top>
	                        <bottom>10</bottom>
	                        <right>10</right>
	                        <align>right</align>
	                        <aligny>top</aligny>
	                        <font>Tiny</font>
	                        <textoffsetx>5</textoffsetx>
	                        <label>$VAR[DialogSelectGameLabelRight]</label>
	                        <textcolor>Dark2</textcolor>
	                    </control>
					</focusedlayout>
                </control>
            </control>
            
            <include content="scrollbar_dialog">
                <param name="scrollid" value="1723"/>
                <param name="height" value="643" />
                <param name="onleft" value="100"/>
                <param name="onright" value="101"/>
            </include>
 
            <!-- Lines -->
            <control type="image">
                <top>115</top>
                <right>375</right>
                <height>645</height>
                <width>1</width>
                <texture colordiffuse="Black12">common/white.png</texture>
                <animation effect="fade" start="0" end="100" time="100" condition="!Control.HasFocus(1723) + !Container.Scrolling">Conditional</animation>
            </control>

             <!-- Buttons -->           
            <control type="grouplist" id="101">
                <top>115</top>              
                <right>42</right>
                <width>300</width>
                <itemgap>DialogButtonsItemgap</itemgap>
                <orientation>vertical</orientation>
                <onleft>1723</onleft>
                <onright>100</onright>
		        <control type="button" id="10825">
		            <include>DefDialogButtons</include>
		            <label>$LOCALIZE[35261]</label>
		        </control>
		        <control type="button" id="10826">
		            <include>DefDialogButtons</include>
		            <label>$LOCALIZE[222]</label>
		        </control>
            </control>                

            <include>DialogSelectlabelInclude</include>

            <control type="grouplist">
                <height>50</height>
                <bottom>30</bottom>
                <left>40</left>
                <right>140</right>
                <itemgap>10</itemgap>
                <orientation>horizontal</orientation>
                <control type="label">
                    <description>Label for Saved with: text</description>
                    <font>Tiny</font>
                    <height>50</height>
                    <width>auto</width>
                    <label>35255</label>
                </control>
                <control type="label" id="10823">
                    <description>Emulator name</description>
                    <font>Tiny</font>
                    <height>50</height>
                    <width>auto</width>
                </control>
            </control>    

			<control type="image" id="10824">
				<description>Emulator icon</description>
				<top>445</top>
				<right>42</right>
				<height>300</height>
				<width>300</width>
				<aspectratio>keep</aspectratio>
			</control>
        </include>
    </include>

	<include name="DialogSelectGameBackground1">
        <control type="image">
            <top>391r</top>
            <width>100%</width>
            <height>1</height>
            <texture colordiffuse="BoxHomerow">common/sch2.png</texture>
            <visible>!Skin.HasSetting(global.hideborders)</visible>
        </control>
        <control type="image">
            <top>390r</top>
            <bottom>0</bottom>
            <width>100%</width>
            <texture>common/white.png</texture>
            <colordiffuse>$VAR[OSDPanel]</colordiffuse>
            <animation effect="fade" start="100" end="90" condition="true">Conditional</animation>
        </control>               
	</include>

	<include name="DialogSelectGameBackground2">
		<control type="group"> 
            <animation effect="fade" start="0" end="100" time="250">WindowOpen</animation>
            <animation effect="fade" end="0" start="100" time="250">WindowClose</animation>                                 
            <control type="image">
                <top>830r</top>
                <width>100%</width>
                <height>870</height>
                <texture>common/fsinfoscreen.png</texture>
            </control>
            <control type="image">
                <top>830r</top>
                <width>100%</width>
                <height>870</height>
                <texture>common/fsinfoscreen.png</texture>
                <animation effect="fade" start="80" end="80" time="0" condition="true">Conditional</animation>
            </control>
        </control>		
	</include>

    <variable name="DialogSelectGameBox">
        <value condition="!Skin.HasSetting(osd.usetheme)">PanelWhite70</value>
        <value>Box2</value>
    </variable>
	
    <include name="DialogSelectGame">
		<include condition="!Skin.HasSetting(osd.usetheme)">DialogSelectGameBackground2</include>
        <control type="group">
            <animation type="WindowOpen" reversible="false">
                <effect type="fade" end="100" start="0" time="200"/>
                <effect type="slide" end="0,0" start="0,390" time="200"/>
            </animation>
            <animation type="WindowClose" reversible="false">
                <effect type="fade" start="100" end="70" time="200"/>
                <effect type="slide" start="0,0" end="0,390" time="200"/>
            </animation>
			<include condition="Skin.HasSetting(osd.usetheme)">DialogSelectGameBackground1</include>
        	<control type="group">
	            <top>390r</top>
	            <control type="fixedlist" id="10811">
	                <top>30</top>
	                <centerleft>50%</centerleft>
	                <width>1776</width>
	                <height>310</height>
	                <movement>3</movement>
	                <preloaditems>2</preloaditems>
	                <orientation>horizontal</orientation>
	                <itemlayout width="444" height="345">
	                    <control type="image">
	                        <top>20</top>
	                        <left>10</left>
	                        <width>424</width>
	                        <height>239</height>
	                        <texture colordiffuse="ff181818" border="4">common/box.png</texture>
	                    </control>
	                    <control type="image">
	                        <top>20</top>
	                        <left>10</left>
	                        <width>424</width>
	                        <height>239</height>
	                        <aspectratio>keep</aspectratio>
							<texture border="4">$INFO[ListItem.Icon]</texture>
	                    </control>
	                    <control type="image">
							<visible>Window.IsActive(ingamesaves)</visible>
	                        <top>20</top>
	                        <left>10</left>
	                        <width>424</width>
	                        <height>239</height>
	                        <aspectratio>keep</aspectratio>
							<texture border="4">$INFO[ListItem.Art(screenshot)]</texture>
	                    </control>
	                    <control type="gamewindow">
							<visible>!Window.IsActive(ingamesaves)</visible>
	                        <top>20</top>
	                        <left>10</left>
	                        <width>424</width>
	                        <height>239</height>
	                        <videofilter>$INFO[ListItem.Property(game.videofilter)]</videofilter>
	                        <stretchmode>$INFO[ListItem.Property(game.stretchmode)]</stretchmode>
	                        <rotation>$INFO[ListItem.Property(game.videorotation)]</rotation>
	                    </control>
	                    <control type="image">
	                        <top>20</top>
	                        <left>10</left>
	                        <width>424</width>
	                        <height>239</height>
	                        <texture colordiffuse="$VAR[DialogSelectGameBox]" border="4" background="true" infill="false">common/box21.png</texture>
	                        <visible>!Skin.HasSetting(global.hideborders)</visible>
	                    </control>
	                    <control type="label">
	                        <top>269</top>
	                        <height>40</height>
	                        <align>left</align>
	                        <left>10</left>
	                        <font>Tiny</font>
	                        <textoffsetx>5</textoffsetx>
	                        <label>$VAR[DialogSelectGameLabelLeft]</label>
	                        <textcolor>$VAR[OSDPanelWhite70]</textcolor>
	                    </control>
	                    <control type="label">
	                        <top>269</top>
	                        <height>40</height>
	                        <align>right</align>
	                        <right>10</right>
	                        <font>Tiny</font>
	                        <textoffsetx>5</textoffsetx>
	                        <label>$VAR[DialogSelectGameLabelRight]</label>
	                        <textcolor>$VAR[OSDPanelWhite70]</textcolor>
	                    </control>
	                </itemlayout>
	                <focusedlayout width="444" height="345">
	                    <control type="image">
	                        <top>20</top>
	                        <left>10</left>
	                        <width>424</width>
	                        <height>239</height>
	                        <texture colordiffuse="ff181818" border="4">common/box.png</texture>
	                    </control>
	                    <control type="image">
	                        <top>20</top>
	                        <left>10</left>
	                        <width>424</width>
	                        <height>239</height>
	                        <aspectratio>keep</aspectratio>
							<texture border="4">$INFO[ListItem.Icon]</texture>
	                    </control>
	                    <control type="image">
							<visible>Window.IsActive(ingamesaves)</visible>
	                        <top>20</top>
	                        <left>10</left>
	                        <width>424</width>
	                        <height>239</height>
	                        <aspectratio>keep</aspectratio>
							<texture border="4">$INFO[ListItem.Art(screenshot)]</texture>
	                    </control>
	                    <control type="gamewindow">
							<visible>!Window.IsActive(ingamesaves)</visible>
	                        <top>20</top>
	                        <left>10</left>
	                        <width>424</width>
	                        <height>239</height>
	                        <videofilter>$INFO[ListItem.Property(game.videofilter)]</videofilter>
	                        <stretchmode>$INFO[ListItem.Property(game.stretchmode)]</stretchmode>
	                        <rotation>$INFO[ListItem.Property(game.videorotation)]</rotation>
	                    </control>
	                    <control type="image">
	                        <top>20</top>
	                        <left>10</left>
	                        <width>424</width>
	                        <height>239</height>
	                        <texture colordiffuse="$VAR[DialogSelectGameBox]" border="4" background="true" infill="false">common/box21.png</texture>
	                        <visible>!Skin.HasSetting(global.hideborders)</visible>
	                    </control>
	                    <control type="image">
	                        <include>Animation.SelectBoxHome</include>
	                        <left>5</left>
	                        <top>15</top>
	                        <width>434</width>
	                        <height>249</height>
	                        <texture border="20" colordiffuse="$VAR[ColorHighlight]">common/selectbox.png</texture>
	                    </control>
	                    <control type="image">
	                        <include>Animation.SelectBoxHome</include>
	                        <left>5</left>
	                        <top>15</top>
	                        <width>434</width>
	                        <height>249</height>
	                        <texture border="20" colordiffuse="$VAR[ColorGradient]">common/gradient-selectbox.png</texture>
	                    </control>
	                    <control type="label">
	                        <top>269</top>
	                        <height>40</height>
	                        <align>left</align>
	                        <left>10</left>
	                        <font>Tiny</font>
	                        <textoffsetx>5</textoffsetx>
	                        <label>$VAR[DialogSelectGameLabelLeft]</label>
	                        <textcolor>$VAR[OSDPanelWhite70]</textcolor>
	                    </control>
	                    <control type="label">
	                        <top>269</top>
	                        <height>40</height>
	                        <align>right</align>
	                        <right>10</right>
	                        <font>Tiny</font>
	                        <textoffsetx>5</textoffsetx>
	                        <label>$VAR[DialogSelectGameLabelRight]</label>
	                        <textcolor>$VAR[OSDPanelWhite70]</textcolor>
	                    </control>
	                </focusedlayout>
	            </control>
	            <!-- Currently unused -->
	            <control type="textbox" id="10812">
	                <description>Description Area</description>
	                <left>85</left>
	                <right>85</right>
	                <top>360</top>
	                <height>40</height>
	                <font>Tiny</font>
	                <textcolor>$VAR[OSDPanelWhite30]</textcolor>
	            </control>
	        </control>      
		</control>
    </include>
    
    <include name="DialogSelectUserRating">
        <include content="DefDialog">
            <param name="header_id" value="1"/> 
            <param name="width" value="468"/>
            <param name="height" value="310"/>

            <control id="3" type="list">
                <onleft>noop</onleft>
                <onright>noop</onright>
                <onup>noop</onup>
                <include>HiddenListControl</include>
                <include>ClearOnFocusOnClick</include>
            </control>
            <control id="21" type="button">
                <onleft condition="!String.IsEmpty(Container(3).ListItemNoWrap(-1).Label)">Control.Move(3,-1)</onleft>
                <onright condition="!String.IsEmpty(Container(3).ListItemNoWrap(1).Label)">Control.Move(3,1)</onright>
                <ondown condition="!String.IsEmpty(Container(3).ListItemNoWrap(-1).Label)">Control.Move(3,-1)</ondown>
                <onup condition="!String.IsEmpty(Container(3).ListItemNoWrap(1).Label)">Control.Move(3,1)</onup>
                <onclick>SetFocus(3)</onclick>
                <onclick>Select</onclick>
                <include>HiddenButton</include>
            </control>
            <control type="group">
                <centerleft>50%</centerleft>
                <centertop>50%</centertop>
                <control type="textbox">
                    <top>110</top>
                    <left>38</left>
                    <right>30</right>
                    <height>86</height>
                    <font>Tiny</font>
                    <align>left</align>
                    <label>31296</label>
                </control>
                <control type="group">
                    <control type="grouplist">
                        <centerleft>50%</centerleft>
                        <top>210</top>
                        <width>340</width>
                        <height>45</height>
                        <orientation>horizontal</orientation>
                        <align>center</align>
                        <itemgap>12</itemgap>
                        <usecontrolcoords>true</usecontrolcoords>
                        <include content="Def_Flag">
                            <param name="Star" value="FlagstarSelect1" />
                            <param name="width" value="45" />
                            <param name="color" value="$VAR[ColorStarsSelect]" />
                        </include>
                        <include content="Def_Flag">
                            <param name="Star" value="FlagstarSelect2" />
                            <param name="width" value="45" />
                            <param name="color" value="$VAR[ColorStarsSelect]" />
                        </include>
                        <include content="Def_Flag">
                            <param name="Star" value="FlagstarSelect3" />
                            <param name="width" value="45" />
                            <param name="color" value="$VAR[ColorStarsSelect]" />
                        </include>
                        <include content="Def_Flag">
                            <param name="Star" value="FlagstarSelect4" />
                            <param name="width" value="45" />
                            <param name="color" value="$VAR[ColorStarsSelect]" />
                        </include>
                        <include content="Def_Flag">
                            <param name="Star" value="FlagstarSelect5" />
                            <param name="width" value="45" />
                            <param name="color" value="$VAR[ColorStarsSelect]" />
                        </include>
                    </control>
                    <control type="group">
                        <centerleft>50%</centerleft>
                        <top>225</top>
                        <width>330</width>
                        <height>45</height>
                        <align>center</align>
                        <include>Animation.DelayFadeIn</include>
                        <control type="image">
                            <include>arrowdimensions</include>
                            <left>0</left>
                            <texture colordiffuse="Black70" flipx="true">common/arrow-small-right.png</texture>
                        </control>
                        <control type="image">
                            <include>arrowdimensions</include>
                            <right>0</right>
                            <texture colordiffuse="Black70">common/arrow-small-right.png</texture>
                        </control>
                    </control>
                </control>
            </control>
        </include>
    </include>
   	
    <variable name="VideoVersionPosterVar">
        <value condition="Window.isActive(DialogVideoManager.xml) + !String.IsEmpty(Container(50).ListItem.Art(poster))">$INFO[Container(50).ListItem.Art(poster)]</value>
        <value condition="Window.isActive(DialogVideoManager.xml)">$INFO[Container(50).ListItem.Art(thumb)]</value>
        <value condition="!String.IsEmpty(Container(3).ListItem.Art(poster))">$INFO[Container(3).ListItem.Art(poster)]</value>
        <value>$INFO[Container(3).ListItem.Art(thumb)]</value>
    </variable>

    <variable name="VideoVersionFileVar">
        <value condition="Control.HasFocus(50)">$INFO[Container(50).ListItem.FileNameAndPath]</value>
        <value condition="Control.HasFocus(3)">$INFO[Container(3).ListItem.FileNameAndPath]</value>
        <value>$INFO[ListItem.FileNameAndPath]</value>
    </variable>
   	
	<include name="DialogSelectVideoVersion">
        <param name="header_id" default="1"/>
        <param name="list_id" default="3"/>
        <param name="buttons" default="DialogSelectDefaultButtons"/>

		<definition>
	        <include content="DefDialog">
	            <param name="header_id" value="$PARAM[header_id]"/>
	            <param name="width" value="1500"/>
	
	            <!-- Start of dialog specific (nested) content -->
	            <control type="group">
	                <top>115</top>
                    <left>40</left>
	                <control type="image">
	                    <width>301</width>
	                    <description>Large Icon Image</description>
	                    <texture fallback="DefaultAddonNone.png">$VAR[VideoVersionPosterVar]</texture>
	                    <aspectratio align="center" aligny="top">keep</aspectratio>
	                </control>
                    <control type="image">
	                    <left>337</left>
	                    <height>687</height>
	                    <width>1</width>
	                    <texture colordiffuse="Black12">common/white.png</texture>
	                </control>	
                    <control type="label">
                        <visible>!Window.IsVisible(DialogSelect.xml)</visible>
                        <visible>Control.HasFocus($PARAM[list_id])</visible>
                        <height>50</height>
                        <bottom>30</bottom>
                        <left>0</left>
                        <right>140</right>
                        <font>Tiny</font>
                        <align>left</align>
                        <scroll>true</scroll>
                        <scrollspeed>40</scrollspeed>
                        <textcolor>Black70</textcolor>
                        <label>$VAR[VideoVersionFileVar]</label>
                        <include>Animation.FadeIn</include>
                        <include>Animation.FadeOut</include>
                    </control>    
	            </control>
	 	 
	            <!-- Standard select dialog content -->
	            <control type="group" id="100">
                    <top>115</top>              
                    <right>376</right>
                    <width>746</width>
                    <height>690</height>
                    <control type="list" id="$PARAM[list_id]">
                        <right>0</right>
                        <width>100%</width>
                        <height>100%</height>
                        <onleft>101</onleft>
                        <onright>1723</onright>
                        <pagecontrol>1723</pagecontrol>
                        <include content="Def_MediaInfoListLayout">
                            <param name="focused" value="Control.HasFocus($PARAM[list_id])"/>
                            <param name="width" value="746"/>
                            <param name="indicators" value="!Window.IsVisible(DialogSelect.xml)" />
                        </include>
                    </control>
                </control>                
				
				<include content="DialogSelectCommonLayout">
					<param name="buttons" value="$PARAM[buttons]"/>
				</include>
			</include>
		</definition>            
	</include>
	
</includes>