<?xml version="1.0" encoding="UTF-8"?>
<includes>

    <include name="DialogAddonInfoWIP">
        <control type="group">
            <animation type="Conditional" reversible="true" condition="Window.IsVisible(FileBrowser.xml) | Window.IsVisible(DialogConfirm.xml) | Window.IsVisible(DialogSelect.xml) | Window.IsVisible(DialogContextMenu.xml) | Window.IsVisible(DialogButtonMenu.xml)">
                <effect type="zoom" end="95" start="100" time="200" center="auto" tween="quadratic" easing="in"/>
            </animation>

            <!-- Poster-->
            <control type="group">
                <include>Animation.SidePoster</include>
                <include>View_50_SidePoster_Square</include>
                <include>Animation.AddonFadeOut</include>
            </control>

            <!-- Main -->
            <control type="group">
                <include>Animation.RightSide</include>

                <!-- Control Buttons -->
                <control type="group">
                    <bottom>-80</bottom>
                    <include>Animation.AddonFadeOut</include>
                    <include>DialogAddonInfoNavigation</include>
                </control>

                <!-- Info -->
                <control type="group">
                    <include>Animation.AddonFadeOut</include>
                    <top>86</top>
                    <left>ListSquareX</left>
                    <width>1070</width>
                    <control type="label">
                        <left>30</left>
                        <font>LargeNew</font>
                        <description>Header Label</description>
                        <textcolor>Dark1</textcolor>
                        <label>$INFO[ListItem.AddonName]</label>
                    </control>
                    <control type="label">
                        <left>30</left>
                        <top>64</top>
                        <height>36</height>
                        <font>Tiny</font>
                        <textcolor>Dark1</textcolor>
                        <label fallback="19055">$INFO[ListItem.AddonSummary]</label>
                        <aligny>center</aligny>
                    </control>
                </control>
                <control type="group">
                    <left>ListSquareX</left>
                    <right>SidePad</right>
                    <bottom>224</bottom>
                    <top>DialogInfoTop</top>
                    <control type="grouplist">
                        <include>Animation.AddonFadeOut</include>
                        <left>30</left>
                        <itemgap>0</itemgap>
                        <usecontrolcoords>true</usecontrolcoords>
                        <include content="Def_DialogSquareInfo_Line">
                            <param name="label" value="$LOCALIZE[467]" />
                            <param name="value" value="$INFO[ListItem.AddonType]" />
                        </include>
                        <include content="Def_DialogSquareInfo_Line">
                            <param name="label" value="$LOCALIZE[19114]" />
                            <param name="value" value="$INFO[ListItem.AddonVersion]" />
                        </include>
                        <include content="Def_DialogSquareInfo_Line">
                            <param name="label" value="$LOCALIZE[21863]" />
                            <param name="value" value="$INFO[ListItem.AddonCreator]" />
                        </include>
                        <include content="Def_DialogSquareInfo_Line">
                            <param name="label" value="$LOCALIZE[560]" />
                            <param name="value" value="$INFO[ListItem.Property(Addon.ID)]" />
                        </include>
                        <include content="Def_DialogSquareInfo_Line">
                            <param name="label" value="$LOCALIZE[12014]" />
                            <param name="value" value="$VAR[Label_AddonLastUpdate]" />
                        </include>
                        <include content="Def_DialogSquareInfo_Line">
                            <param name="label" value="$LOCALIZE[31485]" />
                            <param name="value" value="$INFO[ListItem.AddonOrigin]" />
                        </include>
                        <control type="textbox">
                        	<top>15</top>
                            <height>103</height>
                            <font>Tiny</font>
                            <textcolor>Dark2</textcolor>
                            <align>justify</align>
                            <label>$INFO[ListItem.AddonDescription]$INFO[ListItem.AddonNews,[CR][CR][B]$LOCALIZE[24036][/B][CR]]</label>
                            <visible>!String.IsEqual(Container(50).NumItems,0)</visible>
                        </control>
                        <control type="textbox">
                        	<top>25</top>
                            <height>396</height>
                            <font>Tiny</font>
                            <textcolor>Dark2</textcolor>
                            <align>justify</align>
                            <label>$INFO[ListItem.AddonDescription]$INFO[ListItem.AddonNews,[CR][CR][B]$LOCALIZE[24036][/B][CR]]</label>
                            <visible>String.IsEqual(Container(50).NumItems,0)</visible>
                        </control>
                    </control>
                    <control type="group">
                        <top>865</top>
                        <left>33</left>
                        <include content="AddonImageList">
                            <param name="arrowleft" value="-12"/>
                            <param name="arrowtop" value="342"/>
                            <param name="arrowright" value="87"/>
                            <param name="visi" value="true"/>
                            <param name="animation" value="Animation.addoninfo"/>
                            <param name="fallbackpicture" value="DefaultAddonImages.png"/>
                            <param name="controlid" value="50"/>
                            <param name="focusposition" value="1"/>
                            <param name="listbottom" value="30"/>
                            <param name="listleft" value="-800"/>
                            <param name="height" value="349"/>
                            <param name="width" value="370"/>
                            <param name="headerbottom" value="710"/>
                            <param name="headerleft" value="-10"/>
                            <param name="zoom" value="130"/>
                            <param name="labelbottom" value="-90"/>
                            <param name="labelleft" value="-20"/>
                            <param name="labeltwovisible" value="false"/>
                            <param name="labeltwobottom" value="-90"/>
                            <param name="labeltwoleft" value="-30"/>
                        </include>
                    </control>
                </control>
                <control type="label">
                    <right>83</right>
                    <bottom>100</bottom>
                    <height>50</height>
                    <font>Mini</font>
                    <scroll>false</scroll>
                    <textcolor>Dark3</textcolor>
                    <label>$VAR[DialogInfoLabel]</label>
                    <aligny>center</aligny>
                    <align>right</align>
                    <visible>ControlGroup(9000).HasFocus()</visible>
                    <include>Animation.FadeIn</include>
                    <include>Animation.FadeOut</include>
                </control>
            </control>
        </control>
    </include>
</includes>
