<?xml version="1.0" encoding="UTF-8"?>
<includes>

    <include name="DialogVideoInfoWIP">
        <control type="group">
            <animation type="Conditional" reversible="true" condition="Window.IsVisible(FileBrowser.xml) | Window.IsVisible(DialogProgress.xml) | Window.IsVisible(DialogYesNo.xml) | Window.IsVisible(DialogOK.xml) | Window.IsVisible(DialogSelect.xml) | Window.IsVisible(DialogContextMenu.xml) | Window.IsVisible(DialogButtonMenu.xml)">
                <effect type="zoom" end="95" start="100" time="200" center="auto" tween="quadratic" easing="in"/>
            </animation>

            <!--     Poster     -->
            <control type="group">
                <include>Animation.VideoFadeOut</include>
                <visible>!Window.IsVisible(DialogBusy.xml) | [Window.IsVisible(DialogBusy.xml) + !String.IsEmpty(Window(home).Property(dontslide)) + !Skin.HasSetting(hidebutton.video.wiki) + System.AddonIsEnabled(script.wikipedia)]</visible>
                <include>Animation.SidePoster</include>
                <control type="group">
                    <include>Animation.DelayFadeIn</include>
                    <visible>Control.HasFocus(11100) + !String.IsEqual(Window.Property(ShowDisc),1) + !String.IsEmpty(ListItem.Art(discart))</visible>
                    <centerbottom>1006</centerbottom>
                    <height>16</height>
                    <control type="image">
                        <centerleft>290</centerleft>
                        <top>8</top>
                        <include>arrowdimensions</include>
                        <texture colordiffuse="Dark1" flipy="true">common/arrow-small.png</texture>
                    </control>
                </control>
                <control type="image">
                    <animation type="Visible">
                        <effect type="slide" start="0,0" end="0,-100" delay="0" time="400" tween="quadratic" easing="out"/>
                    </animation>
                    <animation type="Hidden">
                        <effect type="slide" start="0,0" end="0,100" delay="0" time="200" tween="quadratic" easing="out"/>
                    </animation>
                    <animation type="Conditional" condition="String.IsEqual(Window.Property(ShowDisc),1)">
                        <effect type="slide" start="0,0" end="0,-220" delay="0" time="200" tween="quadratic" easing="out"/>
                    </animation>
                    <visible>Control.HasFocus(11100) + !String.IsEmpty(ListItem.Art(discart))</visible>
                    <top>200</top>
                    <left>90</left>
                    <width>405</width>
                    <height>405</height>
                    <texture>$INFO[ListItem.Art(discart)]</texture>
                </control>
                <control type="group">
                    <include>View_50_SidePoster</include>
                </control>
            </control>

            <!--     Rechte Seite     -->
            <control type="group">
                <include>HiddenUpNextEpisode</include>
                <visible>!Window.IsVisible(DialogBusy.xml) | [Window.IsVisible(DialogBusy.xml) + !String.IsEmpty(Window(home).Property(dontslide)) + !Skin.HasSetting(hidebutton.video.wiki) + System.AddonIsEnabled(script.wikipedia)]</visible>
                <include>Animation.RightSide</include>
                <control type="button" id="7011">
                    <include>HiddenButton</include>
                    <onback>9000</onback>
                    <onup>9000</onup>
                    <ondown>9000</ondown>
                    <onleft>9000</onleft>
                    <onright>9000</onright>
	                <include>DialogVideoInfo_Trailer_Click_Action</include>
                </control>

                <!-- Control Buttons -->
                <control type="group">
                    <bottom>-80</bottom>
                    <include>Animation.VideoFadeOut</include>
                    <include>DialogVideoInfoNavigation</include>
                    <include content="ArrowsNavigation">
                        <param name="visible" value="Integer.IsGreater(Container(9000).NumItems,8) + ControlGroup(9000).HasFocus()" />
                    </include>
                </control>
                <control type="group">
                    <top>930</top>
                    <right>SidePad</right>
                    <width>1400</width>
                    <control type="label">
                        <left>140</left>
                        <height>50</height>
                        <font>Mini</font>
                        <scroll>true</scroll>
                        <scrollspeed>40</scrollspeed>
                        <textcolor>Dark3</textcolor>
                        <label>$INFO[ListItem.FileNameAndPath]</label>
                        <aligny>center</aligny>
                        <align>right</align>
                        <visible>ControlGroup(9000).HasFocus() + !Skin.HasSetting(HideFileNameAndPath)</visible>
                        <include>Animation.FileNameAndPath</include>
                    </control>
                    <control type="label">
                        <left>0</left>
                        <height>50</height>
                        <font>Mini</font>
                        <scroll>false</scroll>
                        <textcolor>Dark3</textcolor>
                        <label>$VAR[DialogInfoLabel]</label>
                        <aligny>center</aligny>
                        <align>right</align>
                        <visible>ControlGroup(9000).HasFocus()</visible>
                        <include condition="!Skin.HasSetting(HideFileNameAndPath)">Animation.ButtonLabel</include>
                    </control>
                </control>

                <!-- HEADER -->
                <control type="group">
                    <include>Animation.VideoFadeOut</include>
                    <include>Animation.WikiFadeOut</include>
                    <top>86</top>
                    <left>570</left>
                    <include content="def_right" condition="!String.IsEmpty(Skin.String(studio.logos.path))">
                    	<param name="right" value="230" />
                    </include>
                    <right>SidePad</right>
			        <control type="label">
			            <font>LargeNew</font>
			            <description>Header Label</description>
			            <textcolor>Dark1</textcolor>
			            <label>$VAR[LabelWIPDialogVideoInfoHeader]</label>
			        </control>
			        <control type="label">
			            <top>64</top>
			            <height>36</height>
			            <font>Tiny</font>
			            <textcolor>Dark1</textcolor>
			            <label>$VAR[LabelWIPDialogVideoInfoTagline]</label>
			            <aligny>center</aligny>
			        </control>
                </control>

                <!-- Studio Icon -->
                <control type="image">
                    <include>Animation.VideoFadeOut</include>
                    <include>Animation.WikiFadeOut</include>
                    <centertop>135</centertop>
                    <right>SidePad</right>
                    <height>80</height>
                    <aspectratio align="right" aligny="top">keep</aspectratio>
                    <texture colordiffuse="Dark1">$VAR[ThumbImageStudiosDialogInfo]</texture>
                </control>

                <!-- Arrows -->
                <include content="ArrowsNavigation">
                    <param name="visible" value="Control.HasFocus(10055) + Integer.IsGreater(Container(55).NumItems,1)" />
                    <param name="centerbottom" value="560" />
                </include>

                <!-- FANART -->
                <control type="group">
                    <visible>String.IsEqual(Window.Property(moviecontent),5)</visible>
                    <include>Animation.FadeInDialogInfo</include>
                    <include>Animation.FadeOutDialogInfo</include>
                    <left>570</left>
                    <right>SidePad</right>
                    <bottom>184</bottom>
                    <top>335</top>
                    <control type="image">
                        <left>0</left>
                        <top>-119</top>
                        <right>0</right>
                        <bottom>71</bottom>
                        <texture colordiffuse="Box2" border="4" background="true" infill="false">common/box21.png</texture>
                    </control>
                    <control type="group">
                        <left>-7</left>
                        <top>-126</top>
                        <right>-7</right>
                        <bottom>64</bottom>
                        <control type="image">
                            <texture border="5" colordiffuse="$VAR[ColorHighlight]">common/box.png</texture>
                            <animation condition="Control.HasFocus(10055)" effect="fade" end="100" start="0" time="150">Conditional</animation>
                            <animation condition="!Control.HasFocus(10055)" effect="fade" end="0" start="100" time="100">Conditional</animation>
                        </control>
                        <control type="image">
                            <texture border="5" colordiffuse="$VAR[ColorGradient]">common/gradient-box-wide.png</texture>
                            <animation condition="Control.HasFocus(10055)" effect="fade" end="100" start="0" time="150">Conditional</animation>
                            <animation condition="!Control.HasFocus(10055)" effect="fade" end="0" start="100" time="100">Conditional</animation>
                        </control>
                    </control>
                    <control type="image">
                        <height>607</height>
                        <width>1268</width>
                        <left>1</left>
                        <top>-118</top>
                        <texture colordiffuse="Background" border="4">common/box.png</texture>
                    </control>
                    <include content="ListInfoUpdating">
                        <param name="visi" value="String.IsEqual(Window.Property(moviecontent),5)"/>
                        <param name="controlid" value="55"/>
                        <param name="top" value="-118"/>
                        <param name="left" value="1"/>
                        <param name="width" value="1268"/>
                        <param name="height" value="607"/>
                    </include>
                    <control type="fixedlist" id="55">
                        <top>-118</top>
                        <left>1</left>
                        <ondown>9000</ondown>
                        <onback>9000</onback>
                        <onup>9000</onup>
                        <width>1268</width>
                        <preloaditems>2</preloaditems>
                        <autoscroll time="5000">ControlGroup(9000).HasFocus()</autoscroll>
                        <viewtype>fixedlist</viewtype>
                        <orientation>horizontal</orientation>
                        <include>ScrolltimeDetailsList</include>
                        <visible allowhiddenfocus="true">!Skin.HasSetting(showartwork.video.tmdbhelper) | [!Container(55).IsUpdating + Skin.HasSetting(showartwork.video.tmdbhelper)]</visible>
                        <itemlayout width="1268" height="607">
                            <control type="image">
                                <aspectratio align="center" aligny="center" scalediffuse="false">scale</aspectratio>
                                <texture diffuse="diffuse/bigwiderolodex.png" fallback="DefaultAddonPicture.png">$VAR[Image_Thumb_Label]</texture>
                            </control>
                        </itemlayout>
                        <focusedlayout width="1268" height="607">
                            <control type="image">
                                <aspectratio align="center" aligny="center" scalediffuse="false">scale</aspectratio>
                                <texture diffuse="diffuse/bigwiderolodex.png" fallback="DefaultAddonPicture.png">$VAR[Image_Thumb_Label]</texture>
                            </control>
                        </focusedlayout>
                        <content>
                            <item id="0">
                                <label>$INFO[ListItem.Art(fanart)]</label>
                                <visible>!String.IsEmpty(ListItem.Art(fanart)) + !Skin.HasSetting(hideartwork.video.fanart)</visible>
                            </item>
                            <item id="1">
                                <label>$INFO[ListItem.Art(fanart1)]</label>
                                <visible>!String.IsEmpty(ListItem.Art(fanart1)) + !Skin.HasSetting(hideartwork.video.fanart)</visible>
                            </item>
                            <item id="2">
                                <label>$INFO[ListItem.Art(fanart2)]</label>
                                <visible>!String.IsEmpty(ListItem.Art(fanart2)) + !Skin.HasSetting(hideartwork.video.fanart)</visible>
                            </item>
                            <item id="3">
                                <label>$INFO[ListItem.Art(fanart3)]</label>
                                <visible>!String.IsEmpty(ListItem.Art(fanart3)) + !Skin.HasSetting(hideartwork.video.fanart)</visible>
                            </item>
                            <item id="4">
                                <label>$INFO[ListItem.Art(fanart4)]</label>
                                <visible>!String.IsEmpty(ListItem.Art(fanart4)) + !Skin.HasSetting(hideartwork.video.fanart)</visible>
                            </item>
                            <item id="5">
                                <label>$INFO[ListItem.Art(fanart5)]</label>
                                <visible>!String.IsEmpty(ListItem.Art(fanart5)) + !Skin.HasSetting(hideartwork.video.fanart)</visible>
                            </item>
                            <item id="6">
                                <label>$INFO[ListItem.Art(fanart6)]</label>
                                <visible>!String.IsEmpty(ListItem.Art(fanart6)) + !Skin.HasSetting(hideartwork.video.fanart)</visible>
                            </item>
                            <item id="7">
                                <label>$INFO[ListItem.Art(fanart7)]</label>
                                <visible>!String.IsEmpty(ListItem.Art(fanart7)) + !Skin.HasSetting(hideartwork.video.fanart)</visible>
                            </item>
                            <item id="8">
                                <label>$INFO[ListItem.Art(fanart18)]</label>
                                <visible>!String.IsEmpty(ListItem.Art(fanart8)) + !Skin.HasSetting(hideartwork.video.fanart)</visible>
                            </item>
                            <item id="9">
                                <label>$INFO[ListItem.Art(fanart9)]</label>
                                <visible>!String.IsEmpty(ListItem.Art(fanart9)) + !Skin.HasSetting(hideartwork.video.fanart)</visible>
                            </item>
                            <item id="10">
                                <label>$INFO[ListItem.Art(fanart10)]</label>
                                <visible>!String.IsEmpty(ListItem.Art(fanart10)) + !Skin.HasSetting(hideartwork.video.fanart)</visible>
                            </item>
                            <item id="11">
                                <label>$INFO[ListItem.Art(fanart11)]</label>
                                <visible>!String.IsEmpty(ListItem.Art(fanart11)) + !Skin.HasSetting(hideartwork.video.fanart)</visible>
                            </item>
                            <item id="12">
                                <label>$INFO[ListItem.Art(tvshow.fanart)]</label>
                                <visible>!String.IsEmpty(ListItem.Art(tvshow.fanart)) + !Skin.HasSetting(hideartwork.video.fanart)</visible>
                            </item>
                            <item id="13">
                                <label>$INFO[ListItem.Art(tvshow.fanart1)]</label>
                                <visible>!String.IsEmpty(ListItem.Art(tvshow.fanart1)) + !Skin.HasSetting(hideartwork.video.fanart)</visible>
                            </item>
                            <item id="14">
                                <label>$INFO[ListItem.Art(tvshow.fanart2)]</label>
                                <visible>!String.IsEmpty(ListItem.Art(tvshow.fanart2)) + !Skin.HasSetting(hideartwork.video.fanart)</visible>
                            </item>
                            <item id="15">
                                <label>$INFO[ListItem.Art(tvshow.fanart3)]</label>
                                <visible>!String.IsEmpty(ListItem.Art(tvshow.fanart3)) + !Skin.HasSetting(hideartwork.video.fanart)</visible>
                            </item>
                            <item id="16">
                                <label>$INFO[ListItem.Art(tvshow.fanart4)]</label>
                                <visible>!String.IsEmpty(ListItem.Art(tvshow.fanart4)) + !Skin.HasSetting(hideartwork.video.fanart)</visible>
                            </item>
                            <item id="17">
                                <label>$INFO[ListItem.Art(tvshow.fanart5)]</label>
                                <visible>!String.IsEmpty(ListItem.Art(tvshow.fanart5)) + !Skin.HasSetting(hideartwork.video.fanart)</visible>
                            </item>
                            <item id="18">
                                <label>$INFO[ListItem.Art(tvshow.fanart6)]</label>
                                <visible>!String.IsEmpty(ListItem.Art(tvshow.fanart6)) + !Skin.HasSetting(hideartwork.video.fanart)</visible>
                            </item>
                            <item id="19">
                                <label>$INFO[ListItem.Art(tvshow.fanart7)]</label>
                                <visible>!String.IsEmpty(ListItem.Art(tvshow.fanart7)) + !Skin.HasSetting(hideartwork.video.fanart)</visible>
                            </item>
                            <item id="20">
                                <label>$INFO[ListItem.Art(tvshow.fanart8)]</label>
                                <visible>!String.IsEmpty(ListItem.Art(tvshow.fanart8)) + !Skin.HasSetting(hideartwork.video.fanart)</visible>
                            </item>
                            <item id="21">
                                <label>$INFO[ListItem.Art(tvshow.fanart9)]</label>
                                <visible>!String.IsEmpty(ListItem.Art(tvshow.fanart9)) + !Skin.HasSetting(hideartwork.video.fanart)</visible>
                            </item>
                            <item id="22">
                                <label>$INFO[ListItem.Art(tvshow.fanart10)]</label>
                                <visible>!String.IsEmpty(ListItem.Art(tvshow.fanart10)) + !Skin.HasSetting(hideartwork.video.fanart)</visible>
                            </item>
                            <item id="23">
                                <label>$INFO[ListItem.Art(landscape)]</label>
                                <visible>!String.IsEmpty(ListItem.Art(landscape)) + !Skin.HasSetting(hideartwork.video.landscape)</visible>
                            </item>
                        </content>
                        <include condition="Skin.HasSetting(showartwork.video.tmdbhelper) + !Skin.HasSetting(hidebutton.video.fanart)">Image_Content_Additional_Fanart</include>
                    </control>
                    <control type="image">
                        <right>40</right>
                        <bottom>100</bottom>
                        <width>50</width>
                        <height>50</height>
                        <aspectratio>keep</aspectratio>
                        <texture colordiffuse="88ffffff">common/lupe.png</texture>
                        <visible>Control.HasFocus(10055)</visible>
                        <include>Animation.DelayFadeIn</include>
                    </control>
                </control>

                <!-- TRAILER SEITE -->
                <control type="group">
                    <visible>String.IsEqual(Window.Property(moviecontent),6)</visible>
                    <include>Animation.FadeInDialogInfo</include>
                    <include>Animation.FadeOutDialogInfo</include>
                    <left>570</left>
                    <right>SidePad</right>
                    <bottom>184</bottom>
                    <top>217</top>
                    <control type="image">
                        <top>-1</top>
                        <bottom>71</bottom>
                        <texture colordiffuse="Box2" border="4" background="true" infill="false">common/box21.png</texture>
                    </control>
                    <control type="group">
                        <left>-7</left>
                        <top>-8</top>
                        <right>-7</right>
                        <bottom>64</bottom>
                        <control type="image">
                            <texture border="5" colordiffuse="$VAR[ColorHighlight]">common/box.png</texture>
                            <animation condition="Control.HasFocus(7011)" effect="fade" end="100" start="0" time="150">Conditional</animation>
                            <animation condition="!Control.HasFocus(7011)" effect="fade" end="0" start="100" time="100">Conditional</animation>
                        </control>
                        <control type="image">
                            <texture border="5" colordiffuse="$VAR[ColorGradient]">common/gradient-box-wide.png</texture>
                            <animation condition="Control.HasFocus(7011)" effect="fade" end="100" start="0" time="150">Conditional</animation>
                            <animation condition="!Control.HasFocus(7011)" effect="fade" end="0" start="100" time="100">Conditional</animation>
                        </control>
                    </control>
                    <control type="image">
                        <height>607</height>
                        <width>1268</width>
                        <left>1</left>
                        <texture colordiffuse="Background" border="4">common/box.png</texture>
                    </control>
                    <control type="group">
                        <height>607</height>
                        <width>1267</width>
                        <left>1</left>
                        <control type="videowindow">
                            <visible>String.IsEqual(Window.Property(moviecontent),6)</visible>
                            <animation type="Hidden" reversible="false">
                                <effect type="fade" start="100" end="0" time="150" />
                                <effect type="zoom" center="auto" start="100" end="0" time="1" />
                            </animation>
                            <aspectratio align="center" aligny="center" scalediffuse="false">scale</aspectratio>
                        </control>
                    </control>
                    <control type="group">
                        <left>50</left>
                        <top>-120</top>
                        <visible>!Player.HasVideo</visible>
                        <control type="group">
                            <left>560</left>
                            <control type="image" description="Back">
                                <left>0</left>
                                <centertop>55%</centertop>
                                <width>60</width>
                                <height>60</height>
                                <aspectratio align="center" aligny="center">keep</aspectratio>
                                <texture colordiffuse="$VAR[ColorHighlight]">osd/play2.png</texture>
                                <visible>Control.HasFocus(7011)</visible>
                            </control>
                            <control type="image" description="Back">
                                <left>0</left>
                                <centertop>55%</centertop>
                                <width>60</width>
                                <height>60</height>
                                <aspectratio align="center" aligny="center">keep</aspectratio>
                                <texture colordiffuse="Dark2">osd/play2.png</texture>
                                <visible>!Control.HasFocus(7011)</visible>
                            </control>
                        </control>
                    </control>
                </control>

                <!-- INFOSEITE -->
                <control type="group">
                    <visible>!String.IsEqual(Window.Property(moviecontent),5) + !String.IsEqual(Window.Property(moviecontent),6) + ![Window.IsVisible(script-wikipedia.xml) + !Skin.HasSetting(hidebutton.video.wiki)]</visible>
                    <include>Animation.VideoFadeOut</include>
                    <include>Animation.FadeInDialogInfo</include>
                    <include>Animation.FadeOutDialogInfo</include>
                    <left>570</left>
	                <right>SidePad</right>
                    <top>205</top>
					<control type="group">
						<visible>!String.IsEmpty(ListItem.DBID)</visible>
						<include>Furniture_Flags_DialogInfo</include>
					</control>
                    <control type="group">
                        <control type="grouplist">
                            <visible>String.IsEqual(ListItem.DBType,set)</visible>
                            <orientation>horizontal</orientation>
                            <itemgap>15</itemgap>
                            <top>5</top>
                            <control type="grouplist">
                                <orientation>vertical</orientation>
                                <itemgap>0</itemgap>
                                <width>265</width>
                                <control type="label">
                                    <font>Tiny</font>
                                    <height>36</height>
                                    <textcolor>Dark1</textcolor>
                                    <label>[B]$LOCALIZE[345][/B]</label>
                                    <aligny>center</aligny>
                                </control>
                                <control type="label">
                                    <font>Tiny</font>
                                    <height>36</height>
                                    <textcolor>Dark1</textcolor>
                                    <label>[B]$LOCALIZE[2050][/B]</label>
                                    <aligny>center</aligny>
                                </control>
                            </control>
                            <control type="grouplist">
                                <orientation>vertical</orientation>
                                <itemgap>0</itemgap>
                                <width>235</width>
                                <control type="label">
                                    <height>36</height>
                                    <font>Tiny</font>
                                    <textcolor>Dark2</textcolor>
                                    <label fallback="19055">$INFO[Window(Home).Property(TMDbHelper.ListItem.Set.Years)]</label>
                                    <aligny>center</aligny>
                                </control>
                                <control type="label">
                                    <height>36</height>
                                    <font>Tiny</font>
                                    <textcolor>Dark2</textcolor>
                                    <label fallback="19055">$VAR[LabelDurationTimeCheck]</label>
                                    <aligny>center</aligny>
                                </control>
                            </control>
                            <control type="grouplist">
                                <orientation>vertical</orientation>
                                <itemgap>0</itemgap>
                                <width>265</width>
                                <control type="label">
                                    <font>Tiny</font>
                                    <height>36</height>
                                    <textcolor>Dark1</textcolor>
                                    <label>[B]$LOCALIZE[515][/B]</label>
                                    <aligny>center</aligny>
                                </control>
                                <control type="label">
                                    <font>Tiny</font>
                                    <height>36</height>
                                    <textcolor>Dark1</textcolor>
                                    <label>[B]$LOCALIZE[563][/B]</label>
                                    <aligny>center</aligny>
                                </control>
                            </control>
                            <control type="grouplist">
                                <orientation>vertical</orientation>
                                <itemgap>0</itemgap>
                                <width>470</width>
                                <control type="label">
                                    <height>36</height>
                                    <font>Tiny</font>
                                    <textcolor>Dark2</textcolor>
                                    <label fallback="19055">$INFO[Window(Home).Property(TMDbHelper.ListItem.Set.Genres)]</label>
                                    <aligny>center</aligny>
                                </control>
                                <control type="label">
                                    <height>36</height>
                                    <font>Tiny</font>
                                    <textcolor>Dark2</textcolor>
                                    <label fallback="19055">$VAR[RatingInfo]</label>
                                    <aligny>center</aligny>
                                </control>
                            </control>
                        </control>
                        <control type="grouplist">
                            <visible>!String.IsEqual(ListItem.DBType,set)</visible>
                            <orientation>horizontal</orientation>
                            <itemgap>15</itemgap>
                            <top>5</top>
                            <control type="grouplist">
                                <orientation>vertical</orientation>
                                <itemgap>0</itemgap>
                                <width>265</width>
                                <control type="label">
                                    <font>Tiny</font>
                                    <height>36</height>
                                    <textcolor>Dark1</textcolor>
                                    <label>[B]$LOCALIZE[345][/B]</label>
                                    <aligny>center</aligny>
                                </control>
                                <control type="label">
                                    <font>Tiny</font>
                                    <height>36</height>
                                    <textcolor>Dark1</textcolor>
                                    <label>[B]$LOCALIZE[2050][/B]</label>
                                    <aligny>center</aligny>
                                </control>
                            </control>
                            <control type="grouplist">
                                <orientation>vertical</orientation>
                                <itemgap>0</itemgap>
                                <width>235</width>
                                <control type="label">
                                    <height>36</height>
                                    <font>Tiny</font>
                                    <textcolor>Dark2</textcolor>
                                    <label fallback="19055">$INFO[ListItem.Year]</label>
                                    <aligny>center</aligny>
                                </control>
                                <control type="label">
                                    <height>36</height>
                                    <font>Tiny</font>
                                    <textcolor>Dark2</textcolor>
                                    <label fallback="19055">$VAR[LabelDurationTimeCheck]</label>
                                    <aligny>center</aligny>
                                </control>
                            </control>
                            <control type="grouplist">
                                <orientation>vertical</orientation>
                                <itemgap>0</itemgap>
                                <width>265</width>
                                <control type="label">
                                    <font>Tiny</font>
                                    <height>36</height>
                                    <textcolor>Dark1</textcolor>
                                    <label>[B]$LOCALIZE[515][/B]</label>
                                    <aligny>center</aligny>
                                </control>
                                <control type="label">
                                    <font>Tiny</font>
                                    <height>36</height>
                                    <textcolor>Dark1</textcolor>
                                    <label>[B]$LOCALIZE[563][/B]</label>
                                    <aligny>center</aligny>
                                </control>
                            </control>
                            <control type="grouplist">
                                <orientation>vertical</orientation>
                                <itemgap>0</itemgap>
                                <width>470</width>
                                <control type="label">
                                    <height>36</height>
                                    <font>Tiny</font>
                                    <textcolor>Dark2</textcolor>
                                    <label fallback="19055">$INFO[ListItem.Genre]</label>
                                    <aligny>center</aligny>
                                </control>
                                <control type="label">
                                    <height>36</height>
                                    <font>Tiny</font>
                                    <textcolor>Dark2</textcolor>
                                    <label fallback="19055">$VAR[RatingInfo]</label>
                                    <aligny>center</aligny>
                                </control>
                            </control>
                        </control>
                        <control type="textbox">
                            <include content="def_top" condition="String.IsEmpty(ListItem.DBID)">
								<param name="top" value="106" />
							</include>
                            <top>180</top>
                            <include content="def_height" condition="String.IsEmpty(ListItem.DBID)">
								<param name="height" value="182" />
							</include>
                            <height>112</height>
                            <left>0</left>
                            <right>0</right>
                            <font>TinyPlot</font>
                            <textcolor>Dark2</textcolor>
                            <align>left</align>
                            <label fallback="19055">$INFO[ListItem.Plot]</label>
                        </control>
                    </control>
                    <!-- DETAILS -->
	                <control type="group">
						<width>100%</width>
	                    <top>300</top>
	                    <control type="grouplist">
	                        <orientation>vertical</orientation>
	                        <itemgap>-30</itemgap>
	                        <height>400</height>
	                        <width>265</width>
	                        <control type="label">
	                            <font>Tiny</font>
	                            <textcolor>Dark1</textcolor>
	                            <label>[B]$LOCALIZE[40003][/B]</label>
	                            <aligny>center</aligny>
	                            <align>left</align>
	                            <visible>!String.IsEmpty(ListItem.VideoVersionName)</visible>
	                        </control>
	                        <control type="label">
	                            <font>Tiny</font>
	                            <textcolor>Dark1</textcolor>
	                            <label>[B]$LOCALIZE[20339][/B]</label>
	                            <aligny>center</aligny>
	                            <align>left</align>
	                            <visible>!String.IsEmpty(ListItem.Director) | !String.IsEmpty(Window(Home).Property(TMDbHelper.ListItem.Director))</visible>
	                        </control>
	                        <control type="label">
	                            <font>Tiny</font>
	                            <textcolor>Dark1</textcolor>
	                            <label>[B]$LOCALIZE[20417][/B]</label>
	                            <aligny>center</aligny>
	                            <align>left</align>
	                            <visible>!String.IsEmpty(ListItem.Writer) | !String.IsEmpty(Window(Home).Property(TMDbHelper.ListItem.Writer))</visible>
	                        </control>
	                        <control type="label">
	                            <font>Tiny</font>
	                            <textcolor>Dark1</textcolor>
	                            <label>[B]$LOCALIZE[31952][/B]</label>
	                            <aligny>center</aligny>
	                            <align>left</align>
	                            <visible>!String.IsEmpty(Window(Home).Property(TMDbHelper.ListItem.Creator))</visible>
	                        </control>
	                        <control type="label">
	                            <font>Tiny</font>
	                            <textcolor>Dark1</textcolor>
	                            <label>[B]$LOCALIZE[572][/B]</label>
	                            <aligny>center</aligny>
	                            <align>left</align>
	                            <visible>!String.IsEmpty(ListItem.Studio) | !String.IsEmpty(Window(Home).Property(TMDbHelper.ListItem.Studio))</visible>
	                        </control>
	                        <control type="label">
	                            <font>Tiny</font>
	                            <textcolor>Dark1</textcolor>
	                            <label>[B]$LOCALIZE[31023][/B]</label>
	                            <aligny>center</aligny>
	                            <align>left</align>
	                            <visible>!String.IsEmpty(Window(Home).Property(TMDbHelper.ListItem.Awards))</visible>
	                        </control>
	                        <control type="label">
	                            <font>Tiny</font>
	                            <textcolor>Dark1</textcolor>
	                            <label>[B]IMDb 250[/B]</label>
	                            <aligny>center</aligny>
	                            <align>left</align>
	                            <visible>!String.IsEmpty(ListItem.Top250) | !String.IsEmpty(Window(Home).Property(TMDbHelper.ListItem.Top250))</visible>
	                        </control>
	                        <control type="label">
	                            <font>Tiny</font>
	                            <textcolor>Dark1</textcolor>
	                            <label>[B]$LOCALIZE[31814] / $LOCALIZE[31813][/B]</label>
	                            <aligny>center</aligny>
	                            <align>left</align>
	                            <visible>![!String.IsEmpty(ListItem.Top250) | !String.IsEmpty(Window(Home).Property(TMDbHelper.ListItem.Top250))] + !String.IsEmpty(Window(Home).Property(TMDbHelper.ListItem.Revenue)) + !String.IsEmpty(Window(Home).Property(TMDbHelper.ListItem.Revenue))</visible>
	                        </control>
	                        <control type="label">
	                            <font>Tiny</font>
	                            <textcolor>Dark1</textcolor>
	                            <label>[B]$LOCALIZE[574][/B]</label>
	                            <aligny>center</aligny>
	                            <align>left</align>
	                            <visible>!String.IsEmpty(Window(Home).Property(TMDbHelper.ListItem.Country))</visible>
	                        </control>
	                        <control type="label">
	                            <visible>[String.IsEqual(ListItem.DBType,movie) | String.IsEqual(ListItem.DBType,episode)] + [!String.IsEmpty(ListItem.Property(AudioLanguage.1)) | !String.IsEmpty(ListItem.Property(SubtitleLanguage.1))]</visible>
	                            <font>Tiny</font>
	                            <textcolor>Dark1</textcolor>
	                            <label>[B]$LOCALIZE[445][/B]</label>
	                            <aligny>center</aligny>
	                            <align>left</align>
	                        </control>
	                        <control type="label">
	                            <visible>String.IsEqual(ListItem.DBType,tvshow) + !String.IsEmpty(Window(Home).Property(TMDbHelper.ListItem.Provider.1.Icon))</visible>
	                            <font>Tiny</font>
	                            <textcolor>Dark1</textcolor>
	                            <label>[B]$LOCALIZE[19101][/B]</label>
	                            <aligny>center</aligny>
	                            <align>left</align>
	                        </control>
	                    </control>
	                    <control type="grouplist">
	                        <orientation>vertical</orientation>
	                        <itemgap>-30</itemgap>
	                        <height>400</height>
	                        <width>600</width>
	                        <left>280</left>
	                        <control type="label">
	                            <font>Tiny</font>
	                            <textcolor>Dark2</textcolor>
	                            <label fallback="19055">$INFO[ListItem.VideoVersionName]</label>
	                            <aligny>center</aligny>
	                            <visible>!String.IsEmpty(ListItem.VideoVersionName)</visible>
	                        </control>
	                        <control type="label">
	                            <font>Tiny</font>
	                            <textcolor>Dark2</textcolor>
	                            <label fallback="19055">$VAR[Label_Director]</label>
	                            <aligny>center</aligny>
	                            <visible>!String.IsEmpty(ListItem.Director) | !String.IsEmpty(Window(Home).Property(TMDbHelper.ListItem.Director))</visible>
	                        </control>
	                        <control type="label">
	                            <font>Tiny</font>
	                            <textcolor>Dark2</textcolor>
	                            <label fallback="19055">$VAR[Label_Writer]</label>
	                            <aligny>center</aligny>
	                            <visible>!String.IsEmpty(ListItem.Writer) | !String.IsEmpty(Window(Home).Property(TMDbHelper.ListItem.Writer))</visible>
	                        </control>
	                        <control type="label">
	                            <font>Tiny</font>
	                            <textcolor>Dark2</textcolor>
	                            <label fallback="19055">$INFO[Window(Home).Property(TMDbHelper.ListItem.Creator)]</label>
	                            <aligny>center</aligny>
	                            <visible>!String.IsEmpty(Window(Home).Property(TMDbHelper.ListItem.Creator))</visible>
	                        </control>
	                        <control type="label">
	                            <font>Tiny</font>
	                            <textcolor>Dark2</textcolor>
	                            <label fallback="19055">$VAR[Label_Studio]</label>
	                            <aligny>center</aligny>
	                            <visible>!String.IsEmpty(ListItem.Studio) | !String.IsEmpty(Window(Home).Property(TMDbHelper.ListItem.Studio))</visible>
	                        </control>
	                        <control type="label">
	                            <font>Tiny</font>
	                            <scroll>true</scroll>
	                            <textcolor>Dark2</textcolor>
	                            <label fallback="19055">$INFO[Window(Home).Property(TMDbHelper.ListItem.Awards)]</label>
	                            <aligny>center</aligny>
	                            <visible>!String.IsEmpty(Window(Home).Property(TMDbHelper.ListItem.Awards))</visible>
	                        </control>
	                        <control type="label">
	                            <font>Tiny</font>
	                            <textcolor>Dark2</textcolor>
	                            <label fallback="19055">$VAR[Label_Top250]</label>
	                            <aligny>center</aligny>
	                            <visible>!String.IsEmpty(ListItem.Top250) | !String.IsEmpty(Window(Home).Property(TMDbHelper.ListItem.Top250))</visible>
	                        </control>
	                        <control type="label">
	                            <font>Tiny</font>
	                            <textcolor>Dark2</textcolor>
	                            <label fallback="19055">$INFO[Window(Home).Property(TMDbHelper.ListItem.Revenue)] / $INFO[Window(Home).Property(TMDbHelper.ListItem.Budget)]</label>
	                            <aligny>center</aligny>
	                            <visible>![!String.IsEmpty(ListItem.Top250) | !String.IsEmpty(Window(Home).Property(TMDbHelper.ListItem.Top250))] + !String.IsEmpty(Window(Home).Property(TMDbHelper.ListItem.Budget)) + !String.IsEmpty(Window(Home).Property(TMDbHelper.ListItem.Revenue))</visible>
	                        </control>
	                        <control type="label">
	                            <font>Tiny</font>
	                            <textcolor>Dark2</textcolor>
	                            <label fallback="19055">$INFO[Window(Home).Property(TMDbHelper.ListItem.Country)]</label>
	                            <aligny>center</aligny>
	                            <visible>!String.IsEmpty(Window(Home).Property(TMDbHelper.ListItem.Country))</visible>
	                        </control>
	                        <control type="grouplist">
	                            <visible>String.IsEqual(ListItem.DBType,movie) | String.IsEqual(ListItem.DBType,episode)</visible>
	                            <orientation>horizontal</orientation>
	                            <usecontrolcoords>true</usecontrolcoords>
	                            <control type="image">
	                                <top>20</top>
	                                <width>28</width>
	                                <aligny>center</aligny>
	                                <height>28</height>
	                                <texture>$INFO[ListItem.Property(AudioLanguage.1),flags/color/lang/,.png]</texture>
	                                <visible>!String.IsEmpty(ListItem.Property(AudioLanguage.1))</visible>
	                            </control>
	                            <control type="image">
	                                <top>20</top>
	                                <width>28</width>
	                                <height>28</height>
	                                <texture>$INFO[ListItem.Property(AudioLanguage.2),flags/color/lang/,.png]</texture>
	                                <visible>!String.IsEmpty(ListItem.Property(AudioLanguage.2))</visible>
	                            </control>
	                            <control type="image">
	                                <top>20</top>
	                                <width>28</width>
	                                <height>28</height>
	                                <texture>$INFO[ListItem.Property(AudioLanguage.3),flags/color/lang/,.png]</texture>
	                                <visible>!String.IsEmpty(ListItem.Property(AudioLanguage.3))</visible>
	                            </control>
	                            <control type="image">
	                                <top>20</top>
	                                <width>28</width>
	                                <height>28</height>
	                                <texture>$INFO[ListItem.Property(AudioLanguage.4),flags/color/lang/,.png]</texture>
	                                <visible>!String.IsEmpty(ListItem.Property(AudioLanguage.4))</visible>
	                            </control>
	                            <control type="image">
	                                <top>20</top>
	                                <width>28</width>
	                                <height>28</height>
	                                <texture>$INFO[ListItem.Property(AudioLanguage.5),flags/color/lang/,.png]</texture>
	                                <visible>!String.IsEmpty(ListItem.Property(AudioLanguage.5))</visible>
	                            </control>
	                            <control type="image">
	                                <top>20</top>
	                                <width>28</width>
	                                <height>28</height>
	                                <texture>$INFO[ListItem.Property(SubtitleLanguage.1),flags/color/lang/,.png]</texture>
	                                <visible>!String.IsEmpty(ListItem.Property(SubtitleLanguage.1))</visible>
	                                <colordiffuse>ff777777</colordiffuse>
	                            </control>
	                            <control type="image">
	                                <top>20</top>
	                                <width>28</width>
	                                <height>28</height>
	                                <texture>$INFO[ListItem.Property(SubtitleLanguage.2),flags/color/lang/,.png]</texture>
	                                <visible>!String.IsEmpty(ListItem.Property(SubtitleLanguage.2))</visible>
	                                <colordiffuse>ff777777</colordiffuse>
	                            </control>
	                            <control type="image">
	                                <top>20</top>
	                                <width>28</width>
	                                <height>28</height>
	                                <texture>$INFO[ListItem.Property(SubtitleLanguage.3),flags/color/lang/,.png]</texture>
	                                <visible>!String.IsEmpty(ListItem.Property(SubtitleLanguage.3))</visible>
	                                <colordiffuse>ff777777</colordiffuse>
	                            </control>
	                            <control type="image">
	                                <top>20</top>
	                                <width>28</width>
	                                <height>28</height>
	                                <texture>$INFO[ListItem.Property(SubtitleLanguage.4),flags/color/lang/,.png]</texture>
	                                <visible>!String.IsEmpty(ListItem.Property(SubtitleLanguage.4))</visible>
	                                <colordiffuse>ff777777</colordiffuse>
	                            </control>
	                            <control type="image">
	                                <top>20</top>
	                                <width>28</width>
	                                <height>28</height>
	                                <texture>$INFO[ListItem.Property(SubtitleLanguage.5),flags/color/lang/,.png]</texture>
	                                <visible>!String.IsEmpty(ListItem.Property(SubtitleLanguage.5))</visible>
	                                <colordiffuse>ff777777</colordiffuse>
	                            </control>
	                        </control>
	                        <control type="grouplist">
	                            <usecontrolcoords>true</usecontrolcoords>
	                            <visible>String.IsEqual(ListItem.DBType,tvshow) + !String.IsEmpty(Window(Home).Property(TMDbHelper.ListItem.Provider.1.Icon))</visible>
	                            <orientation>horizontal</orientation>
	                            <height>50</height>
	                            <include content="TvShowProviderIcon"><param name="icon" value="1" /></include>
	                            <include content="TvShowProviderIcon"><param name="icon" value="2" /></include>
	                            <include content="TvShowProviderIcon"><param name="icon" value="3" /></include>
	                            <include content="TvShowProviderIcon"><param name="icon" value="4" /></include>
	                            <include content="TvShowProviderIcon"><param name="icon" value="5" /></include>
	                            <include content="TvShowProviderIcon"><param name="icon" value="6" /></include>
	                            <include content="TvShowProviderIcon"><param name="icon" value="7" /></include>
	                            <include content="TvShowProviderIcon"><param name="icon" value="8" /></include>
	                            <include content="TvShowProviderIcon"><param name="icon" value="9" /></include>
	                            <control type="image">
	                                <top>20</top>
	                                <width>128</width>
	                                <height>30</height>
	                                <texture>misc/just_watch_icon.png</texture>
	                            </control>
	                        </control>
	                    </control>
	                    <control type="image" description="clearart">
	                        <fadetime>ClearArtFadetime</fadetime>
	                        <bottom>240</bottom>
	                        <right>0</right>
	                        <width>350</width>
	                        <aspectratio scalediffuse="true" align="right" aligny="bottom">keep</aspectratio>
	                        <texture background="true">$INFO[ListItem.Art(clearart)]</texture>
	                        <visible>!Skin.HasSetting(hide.clearart)</visible>
	                    </control>
	                </control>
                </control>

                <control type="group">
                    <top>200</top>
                    <left>788</left>

                   	<!-- Cast / Sets -->
                    <include content="VideoListCast">
                        <param name="fallbackpicture" value="$VAR[VideoListCastFallbackPicture]"/>
                        <param name="visi" value="String.IsEqual(Window.Property(moviecontent),1)"/>
                        <param name="controlid" value="50"/>
                        <param name="issets" value="String.IsEqual(ListItem.DBType,set)"/>
                        <param name="labeltwovisible" value="!String.IsEqual(ListItem.DBType,set)"/>
                        <param name="includecontent" value="false" />
                    </include>

                    <!-- Cast -->
                    <include content="VideoListCast">
                        <param name="fallbackpicture" value="DefaultActor.png"/>
                        <param name="visi" value="String.IsEqual(Window.Property(moviecontent),1)"/>
                        <param name="controlid" value="52"/>
                        <param name="onclick1" value="$VAR[Def_CastList_Item]"/>
                        <param name="onclick2" value="SetProperty(TMDbHelper.HideView,1,Home)"/>
                        <param name="onclick3" value="SetProperty(Background.HideArtwork,1,Home)"/>
                        <param name="ContentToLoad" value="$VAR[Def_Cast_List]" />
                    </include>

                    <!-- By Director -->
                    <include content="VideoListCast">
                        <param name="fallbackpicture" value="DefaultMovieTitle.png"/>
                        <param name="visi" value="String.IsEqual(Window.Property(moviecontent),7)"/>
                        <param name="controlid" value="62"/>
                        <param name="onclick1" value="$VAR[Def_VideoList_Item]"/>
                        <param name="onclick2" value="SetProperty(TMDbHelper.HideView,1,Home)"/>
                        <param name="onclick3" value="SetProperty(Background.HideArtwork,1,Home)"/>
                        <param name="labeltwovisible" value="false"/>
                        <param name="ContentToLoad" value="$VAR[Def_Director_List]" />
                    </include>

                    <!-- By Sets -->
                    <include content="VideoListCast">
                        <param name="fallbackpicture" value="DefaultMovieTitle.png"/>
                        <param name="visi" value="String.IsEqual(Window.Property(moviecontent),8)"/>
                        <param name="controlid" value="57"/>
                        <param name="onclick1" value="$VAR[Def_VideoList_Item]"/>
                        <param name="onclick2" value="SetProperty(TMDbHelper.HideView,1,Home)"/>
                        <param name="onclick3" value="SetProperty(Background.HideArtwork,1,Home)"/>
                        <param name="ContentToLoad" value="$VAR[Def_Set_List]" />
                    </include>

                    <!-- Crew -->
                    <include content="VideoListCast">
                        <param name="fallbackpicture" value="DefaultActor.png"/>
                        <param name="visi" value="String.IsEqual(Window.Property(moviecontent),9)"/>
                        <param name="controlid" value="56"/>
                        <param name="onclick1" value="$VAR[Def_CastList_Item]"/>
                        <param name="onclick2" value="SetProperty(TMDbHelper.HideView,1,Home)"/>
                        <param name="onclick3" value="SetProperty(Background.HideArtwork,1,Home)"/>
                        <param name="ContentToLoad" value="$VAR[Def_Crew_List]" />
                    </include>

                    <!-- Similar -->
                    <include content="VideoListCast">
                        <param name="fallbackpicture" value="$VAR[VideoListSimilarFallbackPicture]"/>
                        <param name="visi" value="String.IsEqual(Window.Property(moviecontent),2)"/>
                        <param name="controlid" value="53"/>
                        <param name="onclick1" value="$VAR[Def_VideoList_Item]"/>
                        <param name="onclick2" value="SetProperty(TMDbHelper.HideView,1,Home)"/>
                        <param name="onclick3" value="SetProperty(Background.HideArtwork,1,Home)"/>
                        <param name="ContentToLoad" value="$VAR[Def_Similar_List]" />
                    </include>

                    <!-- Studio -->
                    <include content="VideoListCast">
                        <param name="fallbackpicture" value="$VAR[VideoListSimilarFallbackPicture]"/>
                        <param name="visi" value="String.IsEqual(Window.Property(moviecontent),3)"/>
                        <param name="controlid" value="60"/>
                        <param name="onclick1" value="$VAR[Def_VideoList_Item]"/>
                        <param name="onclick2" value="SetProperty(TMDbHelper.HideView,1,Home)"/>
                        <param name="onclick3" value="SetProperty(Background.HideArtwork,1,Home)"/>
                        <param name="ContentToLoad" value="$VAR[Def_Studio_List]" />
                    </include>

                    <!-- Youtube -->
                    <include content="VideoListSquare">
                        <param name="alignleft" value="450"/>
                        <param name="arrowleft" value="-748"/>
                        <param name="arrowright" value="384"/>
                        <param name="fallbackpicture" value="DefaultVideo.png"/>
                        <param name="visi" value="String.IsEqual(Window.Property(moviecontent),4)"/>
                        <param name="controlid" value="54"/>
                        <param name="onclick1" value="Dialog.Close(all,force)"/>
                        <param name="onclick2" value="PlayMedia($ESCINFO[Container($PARAM[controlid]).ListItem.FileNameAndPath()])"/>
                        <param name="ContentToLoad" value="$VAR[ContentVideoYoutube]" />
                        <param name="target" value="videos" />
                        <param name="limit" value="25" />
                        <param name="sortby" value="file" />
                    </include>
                </control>
            </control>
        </control>
        <control type="button" id="11100">
            <include>HiddenButton</include>
            <onleft>SetFocus($VAR[VideoInfoNavigation_onleft_control_id])</onleft>
            <onright>SetFocus($VAR[VideoInfoNavigation_onright_control_id])</onright>
            <onup condition="!String.IsEmpty(ListItem.Art(discart)) + String.IsEmpty(Window.Property(ShowDisc))">SetProperty(ShowDisc,1)</onup>
            <onup condition="!String.IsEmpty(ListItem.Art(discart)) + !String.IsEmpty(Window.Property(ShowDisc))">ClearProperty(ShowDisc)</onup>
            <ondown condition="!String.IsEmpty(ListItem.Art(discart)) + String.IsEmpty(Window.Property(ShowDisc))">SetProperty(ShowDisc,1)</ondown>
            <ondown condition="!String.IsEmpty(ListItem.Art(discart)) + !String.IsEmpty(Window.Property(ShowDisc))">ClearProperty(ShowDisc)</ondown>
            <onunfocus>ClearProperty(ShowDisc)</onunfocus>
        </control>
        <control type="button" id="10055">
            <include>HiddenButton</include>
            <onback>9000</onback>
            <ondown>SetFocus(9000)</ondown>
            <onback>SetFocus(9000)</onback>
            <onclick>SetFocus(160)</onclick>
            <onleft>SetFocus(55)</onleft>
            <onleft>LEFT</onleft>
            <onleft>SetFocus(10055)</onleft>
            <onright>SetFocus(55)</onright>
            <onright>RIGHT</onright>
            <onright>SetFocus(10055)</onright>
        </control>
        <control type="button" id="160">
            <include>HiddenButton</include>
            <ondown>9000</ondown>
            <onback>10055</onback>
            <onleft>SetFocus(55)</onleft>
            <onleft>LEFT</onleft>
            <onleft>SetFocus(160)</onleft>
            <onright>SetFocus(55)</onright>
            <onright>RIGHT</onright>
            <onright>SetFocus(160)</onright>
        </control>
        <control type="group">
            <visible>Control.HasFocus(160)</visible>
            <animation effect="fade" end="100" start="20" time="200" tween="sine" easing="in" condition="Control.HasFocus(160)">Conditional</animation>
            <animation effect="fade" end="0" start="100" time="200" tween="sine" easing="in" condition="!Control.HasFocus(160)">Hidden</animation>
            <control type="image">
                <left>0</left>
                <top>0</top>
                <width>1920</width>
                <height>1080</height>
                <texture>common/black.png</texture>
            </control>
            <control type="image">
                <height>1080</height>
                <fadetime>ImageViewerFadetime</fadetime>
                <aspectratio align="center">keep</aspectratio>
                <texture fallback="DefaultBrokenImage.png" background="true">$VAR[Image_55_Thumb_Label]</texture>
            </control>
        </control>
        <include content="Container_NumItems">
            <param name="id" value="55" />
            <param name="visible" value="Control.HasFocus(160)" />
        </include>
         <include content="DialogInfoOverlay">
            <param name="headerinfo" value="$INFO[ListItem.Title]" />
            <param name="plotinfo" value="$INFO[ListItem.Tagline,[B],[/B][CR][CR]]$INFO[ListItem.Plot]" />
        </include>
       <include>DialogCustomSettings</include>
    </include>
    
    <include name="DialogPersonInfo">
        <control type="group">
            <animation type="Conditional" reversible="true" condition="Window.IsVisible(FileBrowser.xml) | Window.IsVisible(DialogConfirm.xml) | Window.IsVisible(DialogSelect.xml) | Window.IsVisible(DialogContextMenu.xml) | Window.IsVisible(DialogButtonMenu.xml)">
                <effect type="zoom" end="95" start="100" time="200" center="auto" tween="quadratic" easing="in"/>
            </animation>

            <!-- Side Poster -->
            <control type="group">
                <include>Animation.VideoFadeOut</include>
                <visible>!Window.IsVisible(DialogBusy.xml) | [Window.IsVisible(DialogBusy.xml) + !String.IsEmpty(Window(home).Property(dontslide))]</visible>
                <include>Animation.SidePoster</include>
                <control type="group">
                    <include>View_50_SidePoster</include>
                </control>
            </control>

            <!-- Right Side Info -->
            <control type="group">
                <include>Animation.RightSide</include>
                <!-- Control Buttons -->
                <control type="group">
                    <bottom>-80</bottom>
                    <include>Animation.VideoFadeOut</include>
                    <include>DialogPersonInfoNavigation</include>
                </control>
                <control type="group">
                    <include>Animation.VideoFadeOut</include>
                    <include>Animation.WikiFadeOut</include>
                    <include>Animation.FadeInDialogInfo</include>
                    <include>Animation.FadeOutDialogInfo</include>
	                <control type="group">
	                    <top>206</top>
	                    <left>570</left>
	                    <control type="label">
	                        <top>-120</top>
	                        <left>0</left>
	                        <font>LargeNew</font>
	                        <description>Header Label</description>
	                        <textcolor>Dark1</textcolor>
	                        <include>DefDialogInfoHeader</include>
	                        <label>$VAR[LabelWIPDialogVideoInfoHeader]</label>
	                    </control>
	                    <control type="grouplist">
	                        <top>-71</top>
	                        <itemgap>10</itemgap>
	                        <right>SidePad</right>
	                        <orientation>horizontal</orientation>
	                        <control type="label">
	                            <label>$INFO[ListItem.Property(numitems.tmdb.movies.cast)] $LOCALIZE[342]</label>
	                            <width>auto</width>
	                            <font>Tiny</font>
	                            <textcolor>Dark1</textcolor>
	                            <visible>Integer.IsGreater(ListItem.Property(numitems.tmdb.movies.cast),0)</visible>
	                        </control>
	                        <control type="label">
	                            <label> / </label>
	                            <width>auto</width>
	                            <font>Tiny</font>
	                            <textcolor>Dark1</textcolor>
	                            <visible>Integer.IsGreater(ListItem.Property(numitems.tmdb.movies.cast),0) + Integer.IsGreater(ListItem.Property(numitems.tmdb.tvshows.cast),0)</visible>
	                        </control>
	                        <control type="label">
	                            <label>$INFO[ListItem.Property(numitems.tmdb.tvshows.cast)] $LOCALIZE[20343]</label>
	                            <width>auto</width>
	                            <font>Tiny</font>
	                            <textcolor>Dark1</textcolor>
	                            <visible>Integer.IsGreater(ListItem.Property(numitems.tmdb.tvshows.cast),0)</visible>
	                        </control>
	                        <control type="label">
	                            <label>$VAR[LabelKnownFor]</label>
	                            <width>auto</width>
	                            <font>Tiny</font>
	                            <textcolor>Dark1</textcolor>
	                        </control>
	                    </control>
	                </control>
	                <control type="group">
	                    <left>540</left>
	                    <right>SidePad</right>
	                    <top>212</top>
	                    <include>Animation.FadeIn</include>
	                    <control type="grouplist">
	                        <itemgap>0</itemgap>
	                        <left>30</left>
	                        <orentation>vertical</orentation>
	                        <control type="group">
	                            <height>36</height>
	                            <control type="label">
	                                <width>190</width>
	                                <height>36</height>
	                                <font>Tiny</font>
	                                <textcolor>Dark1</textcolor>
	                                <label>[B]$LOCALIZE[21893][/B]</label>
	                                <aligny>center</aligny>
	                            </control>
	                            <control type="label">
	                                <left>210</left>
	                                <width>100%</width>
	                                <height>36</height>
	                                <font>Tiny</font>
	                                <textcolor>Dark2</textcolor>
	                                <label fallback="19055">$INFO[ListItem.Property(Birthday)]</label>
	                                <aligny>center</aligny>
	                            </control>
	                        </control>
	                        <control type="group">
	                            <height>36</height>
	                            <control type="label">
	                                <width>190</width>
	                                <height>36</height>
	                                <font>Tiny</font>
	                                <textcolor>Dark1</textcolor>
	                                <label>[B]$LOCALIZE[31807][/B]</label>
	                                <aligny>center</aligny>
	                            </control>
	                            <control type="label">
	                                <left>210</left>
	                                <width>100%</width>
	                                <height>36</height>
	                                <font>Tiny</font>
	                                <textcolor>Dark2</textcolor>
	                                <label fallback="19055">$INFO[ListItem.Property(Born)]</label>
	                                <aligny>center</aligny>
	                            </control>
	                        </control>
	                        <control type="group">
	                            <height>36</height>
	                            <control type="label">
	                                <width>190</width>
	                                <height>36</height>
	                                <font>Tiny</font>
	                                <textcolor>Dark1</textcolor>
	                                <label>[B]$LOCALIZE[31806][/B]</label>
	                                <aligny>center</aligny>
	                            </control>
	                            <control type="label">
	                                <left>210</left>
	                                <width>100%</width>
	                                <height>36</height>
	                                <font>Tiny</font>
	                                <textcolor>Dark2</textcolor>
	                                <label fallback="19055">$INFO[ListItem.Property(Age),, ]$INFO[ListItem.Property(Deathday), ($LOCALIZE[31233] ,)]</label>
	                                <aligny>center</aligny>
	                            </control>
	                        </control>
	                        <control type="group">
	                            <visible>!String.IsEmpty(ListItem.Property(Homepage))</visible>
	                            <height>36</height>
	                            <control type="label">
	                                <width>190</width>
	                                <height>36</height>
	                                <font>Tiny</font>
	                                <textcolor>Dark1</textcolor>
	                                <label>[B]$LOCALIZE[31256][/B]</label>
	                                <aligny>center</aligny>
	                            </control>
	                            <control type="label">
	                                <left>210</left>
	                                <width>100%</width>
	                                <height>36</height>
	                                <font>Tiny</font>
	                                <textcolor>Dark2</textcolor>
	                                <label fallback="19055">$INFO[ListItem.Property(Homepage)]</label>
	                                <aligny>center</aligny>
	                            </control>
	                        </control>
	                        <control type="group">
	                            <height>32</height>
	                        </control>
	                        <control type="textbox">
	                            <width>100%</width>
	                            <height>468</height>
	                            <font>TinyPlot</font>
	                            <textcolor>Dark2</textcolor>
	                            <label>$INFO[ListItem.Property(Biography)]</label>
	                        </control>
	                    </control>
	                </control>
        		</control>
                <control type="group">
                    <top>200</top>
                    <left>788</left>

                    <!-- Movies -->
                    <include content="VideoListCast">
                        <param name="fallbackpicture" value="DefaultMovieTitle.png"/>
                        <param name="visi" value="String.IsEqual(Window.Property(actinfo),1)"/>
                        <param name="controlid" value="70"/>
                        <param name="onclick1" value="$VAR[Def_VideoList_Item]"/>
                        <param name="onclick2" value="SetProperty(TMDbHelper.HideView,1,Home)"/>
                        <param name="onclick3" value="SetProperty(Background.HideArtwork,1,Home)"/>
                        <param name="ContentToLoad" value="$VAR[Def_Actor_in_Movies_List]" />
                    </include>

	                <!-- TV Shows -->
                    <include content="VideoListCast">
                        <param name="fallbackpicture" value="DefaultTVShowTitle.png"/>
                        <param name="visi" value="String.IsEqual(Window.Property(actinfo),2)"/>
                        <param name="controlid" value="71"/>
                        <param name="onclick1" value="$VAR[Def_VideoList_Item]"/>
                        <param name="onclick2" value="SetProperty(TMDbHelper.HideView,1,Home)"/>
                        <param name="onclick3" value="SetProperty(Background.HideArtwork,1,Home)"/>
                        <param name="ContentToLoad" value="$VAR[Def_Actor_in_TVShows_List]" />
                    </include>

	                <!-- Crew -->
                    <include content="VideoListCast">
                        <param name="fallbackpicture" value="DefaultMovieTitle.png"/>
                        <param name="visi" value="String.IsEqual(Window.Property(actinfo),3)"/>
                        <param name="controlid" value="72"/>
                        <param name="onclick1" value="$VAR[Def_VideoList_Item]"/>
                        <param name="onclick2" value="SetProperty(TMDbHelper.HideView,1,Home)"/>
                        <param name="onclick3" value="SetProperty(Background.HideArtwork,1,Home)"/>
                        <param name="ContentToLoad" value="$VAR[Def_Crew_In_Both_List]" />
                    </include>
 
                    <!-- Images -->
                    <include content="VideoListCast">
                        <param name="fallbackpicture" value="DefaultActor.png"/>
                        <param name="visi" value="String.IsEqual(Window.Property(actinfo),4)"/>
                        <param name="controlid" value="73"/>
                        <param name="onclick1" value="SetFocus(160)" />
                        <param name="ContentToLoad" value="$VAR[Def_Actor_Image_List]" />
                        <param name="labeltwovisible" value="false"/>
                    </include>
               </control>
            </control>
        </control>
        <control type="label">
            <right>83</right>
            <bottom>105</bottom>
            <height>50</height>
            <font>Mini</font>
            <scroll>false</scroll>
            <textcolor>Dark3</textcolor>
            <label>$VAR[DialogInfoLabel]</label>
            <aligny>center</aligny>
            <align>right</align>
            <visible>ControlGroup(9000).HasFocus()</visible>
            <include>Animation.FadeIn</include>
            <include>Animation.FadeOut</include>
        </control>
        <include content="ExtendedImage">
            <param name="buttonid" value="160"/>
            <param name="containerid" value="73"/>
        </include>
        <include content="Container_NumItems">
            <param name="id" value="73" />
            <param name="visible" value="Control.HasFocus(160)" />
        </include>
        <include content="DialogInfoOverlay">
            <param name="headerinfo" value="$INFO[ListItem.Label]" />
            <param name="plotinfo" value="$VAR[LabelExtendedInfoPlot]" />
        </include>		
	</include>
</includes>
