<?xml version="1.0" encoding="UTF-8"?>
<!-- Foundation -->
<window id="2006">
    <onunload>ClearProperty(osdshowinfo,home)</onunload>
    <onunload>ClearProperty(SetUserRating,home)</onunload>
    <controls>        
        <control type="visualisation" id="2">
            <visible>Visualisation.Enabled</visible>
            <description>visualisation</description>
            <include>Dimensions_Fullscreen</include>
        </control>
        
        <!-- Fanart -->
        <control type="group">
            <animation effect="fade" end="0" start="100" time="300" tween="sine" easing="out">WindowClose</animation>
            <animation effect="fade" start="0" end="100" time="450" delay="0" tween="sine" easing="in">WindowOpen</animation>            
            <control type="multiimage">
                <aspectratio>scale</aspectratio>
                <include>Dimensions_Fullscreen</include>
                <include>BackgroundFanartFadetime</include>
                <imagepath background="true">$VAR[Visualisation_Image]</imagepath>
                <animation effect="fade" start="100" end="65" time="0" condition="Visualisation.Enabled">Conditional</animation>
                <animation effect="fade" start="100" end="0" time="500" condition="String.Contains(Window(Visualisation).Property(ArtistSlideshow.Image),black-hd.png)">Conditional</animation>
                <include>Animation.Animate.Slideshow</include>
            </control>
        </control>
        
        <control type="image">
            <height>100%</height>
            <width>100%</width>
            <texture>common/white.png</texture>
            <colordiffuse>$VAR[OSDPanel]</colordiffuse>
            <animation effect="fade" start="100" end="90" condition="Skin.HasSetting(osd.usetheme)">Conditional</animation>
            <animation effect="fade" start="100" end="75" condition="!Skin.HasSetting(osd.usetheme)">Conditional</animation>
            <visible>Window.IsVisible(script-cu-lrclyrics-main.xml) + !Skin.HasSetting(musicosd.showvideolyrics)</visible>
        </control>
        
        <!-- Scrolling Text -->
        <control type="group">
            <top>350</top>
            <visible>Skin.HasSetting(EnableMusicScrollingText)</visible>
            <visible>!Window.IsVisible(script-cu-lrclyrics-main.xml)</visible>
            <animation effect="fade" start="0" end="100" time="600" delay="600" tween="cubic" easing="inout">Visible</animation>
            <animation effect="fade" start="0" end="100" time="600" tween="cubic" easing="inout">WindowOpen</animation>
            <animation effect="fade" end="0" start="100" time="600">Hidden</animation>
            <animation effect="fade" end="0" start="100" time="150">WindowClose</animation>
            <control type="label">
                <description>Now Playing</description>
                <left>0</left>
                <top>100</top>
                <right>0</right>
                <label>$INFO[MusicPlayer.Title,  ,]$INFO[MusicPlayer.Title,  ,]$INFO[MusicPlayer.Title,  ,]$INFO[MusicPlayer.Title,  ,]$INFO[MusicPlayer.Title,  ,]$INFO[MusicPlayer.Title,  ,]$INFO[MusicPlayer.Title,  ,]$INFO[MusicPlayer.Title,  ,]$INFO[MusicPlayer.Title,  ,]$INFO[MusicPlayer.Title,  ,]$INFO[MusicPlayer.Title,  ,]$INFO[MusicPlayer.Title,  ,]$INFO[MusicPlayer.Title,  ,]$INFO[MusicPlayer.Title,  ,]$INFO[MusicPlayer.Title,  ,]$INFO[MusicPlayer.Title,  ,]$INFO[MusicPlayer.Title,  ,]$INFO[MusicPlayer.Title,  ,]$INFO[MusicPlayer.Title,  ,]$INFO[MusicPlayer.Title,  ,]$INFO[MusicPlayer.Title,  ,]$INFO[MusicPlayer.Title,  ,]$INFO[MusicPlayer.Title,  ,]$INFO[MusicPlayer.Title,  ,]$INFO[MusicPlayer.Title,  ,]</label>
                <scroll>true</scroll>
                <font>Music_Biggest</font>
                <textcolor>77ffffff</textcolor>
                <align>left</align>
                <scrollspeed>55</scrollspeed>
                <visible>Integer.IsGreater(MusicPlayer.Time,0) + !String.IsEqual(Player.TimeRemaining(hh:mm:ss),00:00:01)</visible>
                <animation effect="fade" start="0" end="100" time="950" delay="500" tween="cubic" easing="inout">Visible</animation>
                <animation effect="fade" end="0" start="100" time="350">Hidden</animation>
            </control>
            <control type="label">
                <description>Now Playing</description>
                <left>0</left>
                <top>130</top>
                <right>0</right>
                <label>$INFO[MusicPlayer.Album,  ,]$INFO[MusicPlayer.Album,  ,]$INFO[MusicPlayer.Album,  ,]$INFO[MusicPlayer.Album,  ,]$INFO[MusicPlayer.Album, ,]$INFO[MusicPlayer.Album,  ,]$INFO[MusicPlayer.Album,  ,]$INFO[MusicPlayer.Album,  ,]$INFO[MusicPlayer.Album,  ,]$INFO[MusicPlayer.Album,  ,]$INFO[MusicPlayer.Album,  ,]$INFO[MusicPlayer.Album,  ,]$INFO[MusicPlayer.Album,  ,]$INFO[MusicPlayer.Album,  ,]$INFO[MusicPlayer.Album,  ,]$INFO[MusicPlayer.Album,  ,]$INFO[MusicPlayer.Album,  ,]$INFO[MusicPlayer.Album,  ,]$INFO[MusicPlayer.Album,  ,]$INFO[MusicPlayer.Album,  ,]$INFO[MusicPlayer.Album,  ,]$INFO[MusicPlayer.Album,  ,]$INFO[MusicPlayer.Album,  ,]$INFO[MusicPlayer.Album,  ,]$INFO[MusicPlayer.Album,  ,]</label>
                <scroll>true</scroll>
                <font>Music_Bigger</font>
                <textcolor>44cccccc</textcolor>
                <align>left</align>
                <scrollspeed>100</scrollspeed>
                <visible>Integer.IsGreater(MusicPlayer.Time,0) + !String.IsEqual(Player.TimeRemaining(hh:mm:ss),00:00:01)</visible>                
                <animation effect="fade" start="0" end="100" time="950" delay="500" tween="cubic" easing="inout">Visible</animation>
                <animation effect="fade" end="0" start="100" time="350">Hidden</animation>
            </control>
            <control type="label">
                <description>Now Playing</description>
                <left>0</left>
                <top>210</top>
                <right>0</right>
                <label>$INFO[MusicPlayer.Artist,  ,]$INFO[MusicPlayer.Artist,  ,]$INFO[MusicPlayer.Artist,  ,]$INFO[MusicPlayer.Artist,  ,]$INFO[MusicPlayer.Artist,  ,]$INFO[MusicPlayer.Artist,  ,]$INFO[MusicPlayer.Artist,  ,]$INFO[MusicPlayer.Artist,  ,]$INFO[MusicPlayer.Artist,  ,]$INFO[MusicPlayer.Artist,  ,]$INFO[MusicPlayer.Artist,  ,]$INFO[MusicPlayer.Artist,  ,]$INFO[MusicPlayer.Artist,  ,]$INFO[MusicPlayer.Artist,  ,]$INFO[MusicPlayer.Artist,  ,]$INFO[MusicPlayer.Artist,  ,]$INFO[MusicPlayer.Artist,  ,]$INFO[MusicPlayer.Artist,  ,]$INFO[MusicPlayer.Artist,  ,]$INFO[MusicPlayer.Artist,  ,]$INFO[MusicPlayer.Artist,  ,]$INFO[MusicPlayer.Artist,  ,]$INFO[MusicPlayer.Artist,  ,]$INFO[MusicPlayer.Artist,  ,]$INFO[MusicPlayer.Artist,  ,]</label>
                <scroll>true</scroll>
                <font>Music_Big</font>
                <textcolor>99cccccc</textcolor>
                <align>left</align>
                <scrollspeed>80</scrollspeed>
                <visible>!Pvr.IsPlayingRadio</visible>
                <visible>Integer.IsGreater(MusicPlayer.Time,0) + !String.IsEqual(Player.TimeRemaining(hh:mm:ss),00:00:01)</visible>                
                <animation effect="fade" start="0" end="100" time="950" delay="500" tween="cubic" easing="inout">Visible</animation>
                <animation effect="fade" end="0" start="100" time="350">Hidden</animation>
            </control>
        </control>

        <!-- Normal -->
        <control type="group">
            <visible>Skin.HasSetting(osd.usetheme)</visible>
            <visible>$EXP[MusicSeekbarIsVisible]</visible>
            <animation effect="slide" start="0" end="0,-74" time="150" condition="Window.IsVisible(musicosd) + !Skin.HasSetting(musicosd.side)">Conditional</animation>
            <animation type="Visible" condition="!Window.Next(musicplaylist)">
                <effect type="fade" start="70" end="100" time="200"/>
                <effect type="slide" start="0,110" end="0" time="200"/>
            </animation>
            <animation type="WindowOpen">
                <effect type="fade" start="70" end="100" time="200"/>
                <effect type="slide" start="0,110" end="0" time="200"/>
            </animation>
            <animation type="Hidden">
                <effect type="fade" start="100" end="70" time="200"/>
                <effect type="slide" end="0,110" start="0" time="200"/>
            </animation>
            <animation type="WindowClose">
                <effect type="fade" start="100" end="70" time="200"/>
                <effect type="slide" end="0,110" start="0" time="200"/>
            </animation>
            <animation type="Conditional" condition="Window.Next(musicplaylist)">
                <effect type="fade" start="100" end="0" time="0"/>
            </animation>
            <control type="group">
                <visible>$EXP[MusicSeekbarIsVisible]</visible>
                <animation effect="slide" start="0" end="0,-60" time="150" condition="Player.ShowInfo | Window.IsVisible(script-cu-lrclyrics-main.xml) | !String.IsEmpty(Window(home).Property(osdshowinfo))">Conditional</animation>

                <animation effect="fade" start="100" end="0" time="200">WindowClose</animation>
                <animation effect="fade" start="0" end="100" time="200">WindowOpen</animation>
                <animation effect="fade" start="100" end="0" time="200">Hidden</animation>
                <animation effect="fade" start="0" end="100" time="200">Visible</animation>
                <control type="image">
                    <visible>Skin.HasSetting(ShowClearArtMusicOSD)</visible>
                    <animation effect="slide" start="0,0" end="0,-303" time="150" condition="[Player.ShowInfo | Window.IsVisible(script-cu-lrclyrics-main.xml) | !String.IsEmpty(Window(home).Property(osdshowinfo))] + Skin.HasSetting(osd.artistinfos) + !Window.IsVisible(script-cu-lrclyrics-main.xml)">Conditional</animation>
                    <right>SidePad</right>
                    <bottom>110</bottom>
                    <width>400</width>
                    <height>225</height>
                    <fadetime>ClearArtFadetime</fadetime>
                    <texture>$VAR[MusicPlayerArt]</texture>
                    <aspectratio align="right" aligny="bottom">keep</aspectratio>
                </control>
	            <control type="image">
	                <top>111r</top>
	                <width>100%</width>
	                <height>1</height>
	                <texture colordiffuse="BoxHomerow">common/sch2.png</texture>
	                <include>Animation.FadeOut</include>
	                <visible>!Skin.HasSetting(global.hideborders)</visible>            
	            </control>
	            <control type="image">
	                <top>110r</top>
	                <width>100%</width>
	                <height>374</height>
	                <texture>common/white.png</texture>
	                <colordiffuse>Background</colordiffuse>
	                <animation effect="fade" start="100" end="90" condition="true">Conditional</animation>
	            </control>
            </control>            
            <control type="group">
            	<visible>Player.ShowInfo | Window.IsVisible(script-cu-lrclyrics-main.xml) | !String.IsEmpty(Window(home).Property(osdshowinfo))</visible>
                <animation type="WindowClose">
                    <effect type="fade" start="100" end="0" time="200"/>
                    <effect type="slide" start="0,0" end="0,110" time="200"/>
                </animation>                
                <animation type="WindowOpen">
                    <effect type="fade" start="0" end="100" time="200"/>
                    <effect type="slide" start="0,110" end="0" time="200"/>
                </animation>
                <animation effect="fade" end="0" start="100" time="100">Hidden</animation>
                <animation effect="fade" start="0" end="100" time="200" delay="200">Visible</animation>
                <top>180r</top>
                <height>200</height>
                <control type="group">
                    <left>SidePad</left>
                    <right>SidePad</right>
                    <top>0</top>
                    <bottom>40</bottom>
		            <include>OSDMusicInfoContent</include>
               </control>     
	        </control>
	        <control type="grouplist">
                <right>SidePad</right>
                <bottom>40</bottom>
                <width>1400</width>
                <height>64</height>
                <orientation>horizontal</orientation>
                <align>right</align>
                <itemgap>0</itemgap>
                <usecontrolcoords>true</usecontrolcoords>
                <control type="label" description="Lyrics">
		            <include>Animation.FadeIn</include>
					<animation effect="fade" end="100" start="0" time="150" condition="Window.IsVisible(script-cu-lrclyrics-main.xml)">Conditional</animation>
					<animation effect="fade" end="0" start="100" time="200" condition="!Window.IsVisible(script-cu-lrclyrics-main.xml)">Conditional</animation>
                    <align>right</align>
                    <width>auto</width>
                    <bottom>10</bottom>
                    <height>40</height>
                    <font>Tiny</font>
                    <textcolor>$VAR[OSDPanelWhite70]</textcolor>
                    <label>$LOCALIZE[24013]  •  </label>
                </control>
                <control type="label" description="Duration Total Time">
                    <align>right</align>
                    <width>auto</width>
                    <bottom>10</bottom>
                    <height>40</height>
                    <font>Tiny</font>
                    <textcolor>$VAR[OSDPanelWhite70]</textcolor>
                    <label>$INFO[Player.Time]$INFO[Player.Duration,  /  ,]</label>
                </control>
	        </control>    
            <control type="group">
                <top>130r</top>
                <bottom>20</bottom>
                <left>SidePad</left>
                <right>SidePad</right>
                <control type="label" description="Finishes Time">
                    <left>0</left>
                    <right>250</right>
                    <bottom>30</bottom>
                    <height>40</height>
                    <font>Tiny</font>
                    <textcolor>$VAR[OSDPanelWhite70]</textcolor>
                    <label>$VAR[PlayerStatus]</label>
                </control>
                <control type="progress" description="cache">
                    <description>Progress Bar</description>
                    <width>100%</width>
                    <bottom>10</bottom>
                    <height>8</height>
                    <info>Player.ProgressCache</info>
                    <visible>true</visible>
                    <texturebg colordiffuse="OSDProgressBarColor">osd/progress-bg.png</texturebg>
                    <lefttexture colordiffuse="Highlight2">osd/progress-end.png</lefttexture>
                    <midtexture colordiffuse="Highlight2">osd/progress-end.png</midtexture>
                    <righttexture colordiffuse="Highlight2">osd/progress-end.png</righttexture>
                </control>
                <control type="progress" id="23">
                    <description>Progress Bar</description>
                    <width>100%</width>
                    <bottom>10</bottom>
                    <height>8</height>
                    <info>Player.Progress</info>
                </control>
            </control>
        </control>    

        <!-- Reloaded -->
        <control type="group">
            <visible>!Skin.HasSetting(osd.usetheme)</visible>            
            <animation effect="slide" start="0,0" end="0,-40" time="0" condition="true">Conditional</animation>
            <animation type="Conditional" condition="Window.Next(musicplaylist)">
                <effect type="fade" start="100" end="0" time="0"/>
            </animation>
            <control type="group">
                <visible>$EXP[MusicSeekbarIsVisible]</visible>
                <animation effect="fade" start="0" end="100" time="250">Visible</animation>
                <animation effect="fade" end="0" start="100" time="250">Hidden</animation>
                <control type="image">
                    <top>830r</top>
                    <width>100%</width>
                    <height>870</height>
                    <texture>common/fsinfoscreen.png</texture>
                    <animation effect="fade" start="0" end="100" time="250">Visible</animation>
                    <animation effect="fade" end="0" start="100" time="250">Hidden</animation>
                </control>
                <control type="image">
                    <top>830r</top>
                    <width>100%</width>
                    <height>870</height>
                    <texture>common/fsinfoscreen.png</texture>
                    <animation effect="fade" start="80" end="80" condition="true">Conditional</animation>
                    <animation effect="fade" start="0" end="100" time="250">Visible</animation>
                    <animation effect="fade" end="0" start="100" time="250">Hidden</animation>
                </control>
            </control>
            <control type="group">
                <visible>$EXP[MusicSeekbarIsVisible]</visible>
	            <animation effect="slide" start="0" end="0,-74" time="150" condition="Window.IsVisible(musicosd) + !Skin.HasSetting(musicosd.side)">Conditional</animation>
                <animation type="Visible">
                    <effect type="fade" start="0" end="100" time="250"/>
                </animation>
                <animation type="WindowOpen" reversible="false">
                    <effect type="fade" start="0" end="100" time="250"/>
                </animation>
                <animation type="Hidden">
                    <effect type="fade" start="100" end="0" time="200"/>
                </animation>
                <animation type="WindowClose" reversible="false">
                    <effect type="fade" start="100" end="0" time="200"/>
                </animation>          
                <control type="image">
                	<visible>Player.ShowInfo | Window.IsVisible(script-cu-lrclyrics-main.xml) | !String.IsEmpty(Window(home).Property(osdshowinfo))</visible>
                    <visible>Skin.HasSetting(ShowClearArtMusicOSD)</visible>
	    	        <animation effect="fade" start="0" end="100" time="250">Visible</animation>
	                <animation effect="fade" start="0" end="100" time="250">WindowOpen</animation>
	                <animation effect="fade" end="0" start="100" time="200">Hidden</animation>
	                <animation effect="fade" end="0" start="100" time="200">WindowClose</animation>
                    <animation effect="slide" start="0,0" end="0,-80" time="0" condition="Skin.HasSetting(osd.artistinfos)">Conditional</animation>
                    <right>SidePadNewOSD</right>
                    <bottom>220</bottom>
                    <width>400</width>
                    <fadetime>ClearArtFadetime</fadetime>
                    <texture>$VAR[MusicPlayerArt]</texture>
                    <aspectratio align="right" aligny="bottom">keep</aspectratio>
                </control>
                <control type="image">
                	<visible>![Player.ShowInfo | Window.IsVisible(script-cu-lrclyrics-main.xml) | !String.IsEmpty(Window(home).Property(osdshowinfo))]</visible>
                    <visible>Skin.HasSetting(ShowClearArtMusicOSD)</visible>
	    	        <animation effect="fade" start="0" end="100" time="250">Visible</animation>
	                <animation effect="fade" start="0" end="100" time="250">WindowOpen</animation>
	                <animation effect="fade" end="0" start="100" time="200">Hidden</animation>
	                <animation effect="fade" end="0" start="100" time="200">WindowClose</animation>
                    <right>SidePadNewOSD</right>
                    <bottom>160</bottom>
                    <width>400</width>
                    <fadetime>ClearArtFadetime</fadetime>
                    <texture>$VAR[MusicPlayerArt]</texture>
                    <aspectratio align="right" aligny="bottom">keep</aspectratio>
                </control>
                <control type="label" description="Duration Total Time">
                    <right>SidePadNewOSD</right>
                    <bottom>88</bottom>
                    <width>300</width>
                    <height>64</height>
                    <align>right</align>
                    <font>Tiny</font>
                    <textcolor>$VAR[OSDPanelWhite70]</textcolor>
                    <label>$INFO[Player.Time]$INFO[Player.Duration,  /  ,]</label>
                </control>
                <control type="group">
                    <top>110r</top>
                    <bottom>0</bottom>
			        <control type="group">
			            <include content="def_left" condition="Skin.HasSetting(ShowMusicCd)">
			                <param name="left" value="560" />
			            </include>
			            <left>SidePadNewOSD</left>
			            <right>SidePadNewOSD</right>
			            <top>20</top>
			            <animation effect="slide" start="0,0" end="0,-50" time="150" condition="true">Conditional</animation>
			            <bottom>20</bottom>
			            <control type="group">
			                <visible>Player.ShowInfo | Window.IsVisible(script-cu-lrclyrics-main.xml) | !String.IsEmpty(Window(home).Property(osdshowinfo))</visible>
			                <animation effect="fade" start="0" end="100" time="250">Visible</animation>
			                <animation effect="fade" end="0" start="100" time="200">Hidden</animation>
			                <control type="group">
			                    <top>255</top>
			                    <visible>Skin.HasSetting(osd.artistinfos)</visible>
			                    <control type="textbox">
			                        <description>RSS feed</description>
			                        <bottom>260</bottom>
			                        <height>73</height>
			                        <font>Tiny</font>
			                        <align>justify</align>
			                        <textcolor>$VAR[OSDPanelWhite70]</textcolor>
			                        <label fallback="19055">$INFO[Window(Visualisation).Property(ArtistSlideshow.ArtistBiography),]</label>
			                    </control>
			                </control>
			                <control type="group">
			                    <animation effect="slide" start="0,0" end="0,-80" time="150" condition="Skin.HasSetting(osd.artistinfos)">Conditional</animation>
			                    <top>160r</top>
			                    <left>0</left>
			                    <right>0</right>
			                    <height>200</height>
			                    <align>right</align>
			                    <include>OSDMusicInfoContent</include>
			                </control>
			            </control>
			            <control type="group">
			                <left>0</left>
			                <right>150</right>
			                <height>64</height>
			                <align>left</align>
			                <bottom>7</bottom>
			                <control type="label">
			                    <width>auto</width>
			                    <align>left</align>
			                    <height>40</height>
			                    <font>Tiny</font>
			                    <textcolor>$VAR[OSDPanelWhite70]</textcolor>
			                    <label>$VAR[PlayerStatus]</label>
			                </control>
			            </control>
			            <control type="progress" description="cache">
			                <description>Progress Bar</description>
			                <width>100%</width>
			                <bottom>10</bottom>
			                <height>8</height>
			                <info>Player.ProgressCache</info>
			                <visible>true</visible>
			                <texturebg colordiffuse="OSDProgressBarColor">osd/progress-bg.png</texturebg>
			                <lefttexture colordiffuse="Highlight2">osd/progress-end.png</lefttexture>
			                <midtexture colordiffuse="Highlight2">osd/progress-end.png</midtexture>
			                <righttexture colordiffuse="Highlight2">osd/progress-end.png</righttexture>
			            </control>
			            <control type="progress">
			                <description>Progress Bar</description>
			                <width>100%</width>
			                <bottom>10</bottom>
			                <height>8</height>
			                <info>Player.Progress</info>
			            </control>
			            <control type="label" description="Lyrics">
			                <include>Animation.FadeIn</include>
			                <animation effect="fade" end="100" start="0" time="150" condition="Window.IsVisible(script-cu-lrclyrics-main.xml)">Conditional</animation>
			                <animation effect="fade" end="0" start="100" time="200" condition="!Window.IsVisible(script-cu-lrclyrics-main.xml)">Conditional</animation>
			                <align>left</align>
			                <width>auto</width>
			                <bottom>-40</bottom>
			                <height>40</height>
			                <font>Tiny</font>
			                <textcolor>$VAR[OSDPanelWhite70]</textcolor>
			                <label>$LOCALIZE[24013]</label>
			            </control>
			        </control>
                </control>
            </control>
        </control>    

        <!-- Disc -->
        <control type="group">
            <visible>Skin.HasSetting(ShowMusicCd)</visible>
            <visible>$EXP[MusicSeekbarIsVisible]</visible>
            <animation effect="slide" start="0" end="0,-74" time="150" condition="Window.IsVisible(musicosd) + !Skin.HasSetting(musicosd.side) + Skin.HasSetting(osd.usetheme)">Conditional</animation>
            <animation effect="slide" start="0" end="0,-44" time="150" condition="Window.IsVisible(musicosd) + !Skin.HasSetting(musicosd.side) + !Skin.HasSetting(osd.usetheme)">Conditional</animation>
            <animation effect="slide" start="0" end="0,-60" time="150" condition="[Player.ShowInfo | Window.IsVisible(script-cu-lrclyrics-main.xml) | !String.IsEmpty(Window(home).Property(osdshowinfo))] + Skin.HasSetting(osd.usetheme)">Conditional</animation>
            <animation effect="slide" start="0,0" end="-50,-75" time="0" condition="Skin.HasSetting(osd.usetheme)">Conditional</animation>
            <animation type="Hidden">
                <effect type="slide" start="0,0" end="-520,0" tween="sine" easing="out" time="300" delay="0"/>
            </animation>
            <animation type="Visible">
                <effect type="slide" start="-520,0" end="0,0" tween="sine" easing="out" time="300" delay="0"/>
            </animation>
            <top>105</top>
            <left>50</left>            
            <control type="group">
                <animation type="WindowClose" reversible="false">
                    <effect type="slide" start="115,0" end="0,0" tween="sine" easing="out" time="400" delay="0"/>
                    <effect type="fade" start="100" end="0" time="5" delay="0"/>
                </animation>
                <animation type="WindowOpen" reversible="false">
                    <effect type="slide" start="0,0" end="115,0" tween="sine" easing="out" time="600" delay="500"/>
                </animation>
                <animation type="Visible" reversible="false">
                    <effect type="slide" start="-115,0" end="0,0" tween="sine" easing="out" time="600" delay="500"/>
                </animation>
                <animation type="Hidden" reversible="false">
                    <effect type="slide" start="0,0" end="-115,0" tween="sine" easing="out" time="400" delay="0"/>
                </animation>
                <include>DefDiscArt</include>
            </control>
            <control type="group">
                <animation type="WindowClose" reversible="false">
                    <effect type="slide" start="0,0" end="-495,0" tween="sine" easing="out" time="300" delay="0"/>
                </animation>
                <animation type="Hidden" reversible="false">
                    <effect type="slide" start="0,0" end="-480,0" tween="sine" easing="out" time="300" delay="0"/>
                </animation>
                <animation type="Visible" reversible="false">
                    <effect type="slide" start="-480,0" end="0,0" tween="sine" easing="out" time="400" delay="0"/>
                </animation>
                <animation type="WindowOpen" reversible="false">
                    <effect type="slide" start="-495,0" end="0,0" tween="sine" easing="out" time="400" delay="0"/>
                </animation>
                <control type="image">
                    <top>637</top>
                    <left>SidePad</left>
                    <height>260</height>
                    <width>260</width>
                    <texture colordiffuse="Fallback" diffuse="diffuse/wall.png">common/white.png</texture>
                </control>
                <control type="image">
                    <top>637</top>
                    <left>SidePad</left>
                    <height>260</height>
                    <width>260</width>
                    <aspectratio scalediffuse="false">keep</aspectratio>
                    <texture diffuse="diffuse/widgetsquare_new.png" fallback="DefaultAlbumCover.png">$INFO[Player.Art(thumb)]</texture>
                </control>
                <control type="image">
                    <top>636</top>
                    <left>79</left>
                    <height>262</height>
                    <width>262</width>
                    <texture colordiffuse="$VAR[MusicOSDBox]" border="4" infill="false">common/box21.png</texture>
	                <visible>!Skin.HasSetting(global.hideborders)</visible>            
                </control>
            </control>
        </control>

        <!-- Artist Information -->
        <control type="group">
            <visible>Skin.HasSetting(osd.artistinfos) + Skin.HasSetting(ShowMusicCd) + Skin.HasSetting(osd.usetheme)</visible>
            <visible>Player.ShowInfo | Window.IsVisible(script-cu-lrclyrics-main.xml) | !String.IsEmpty(Window(home).Property(osdshowinfo))</visible>
            <visible>!Window.IsVisible(musicosd) | !Skin.HasSetting(musicosd.side)</visible>
            <visible>!Window.IsVisible(script-cu-lrclyrics-main.xml)</visible>
            <animation type="Hidden" reversible="false">
                <effect type="slide" start="0,0" end="1400,0" tween="sine" easing="out" time="300" delay="0"/>
                <effect type="fade" start="100" end="0" time="200"/>
            </animation>
            <animation type="Visible" reversible="false">
                <effect type="slide" start="1400,0" end="0,0" tween="sine" easing="out" time="300" delay="0"/>
                <effect type="fade" start="50" end="100" time="300"/>
            </animation>
            <animation type="WindowClose" reversible="false">
                <effect type="slide" start="0,0" end="1400,0" tween="sine" easing="out" time="300" delay="0"/>
                <effect type="fade" start="100" end="0" time="200"/>
            </animation>
            <animation type="WindowOpen" reversible="false">
                <effect type="slide" start="1400,0" end="0,0" tween="sine" easing="out" time="300" delay="0"/>
                <effect type="fade" start="50" end="100" time="300"/>
            </animation>
            <animation type="Conditional" condition="Window.Next(musicplaylist)">
                <effect type="fade" start="100" end="0" time="0"/>
            </animation>
            <animation effect="slide" start="0" end="0,-60" time="0" condition="true">Conditional</animation>
            <animation effect="slide" start="0" end="0,-74" time="150" condition="Window.IsVisible(musicosd) + !Skin.HasSetting(musicosd.side)">Conditional</animation>
            <control type="group">            
                <left>539</left>
                <top>666</top>
                <control type="image">
                    <top>-8</top>
                    <height>276</height>
                    <width>1316</width>
                    <left>-8</left>
	              	<texture border="16" colordiffuse="$VAR[OSDPanel]">common/rounded-shadow8.png</texture>
                    <animation effect="fade" start="100" end="80" condition="true">Conditional</animation>
                </control>
                <control type="image">
                	<top>-1</top>
                	<left>-1</left>
                    <height>262</height>
                    <width>1302</width>
                    <texture colordiffuse="BoxWidget" border="4" infill="false">common/box21.png</texture>
	                <visible>!Skin.HasSetting(global.hideborders)</visible>            
                </control>
                <control type="label">
                    <left>35</left>
                    <top>30</top>
                    <height>40</height>
                    <font>MediumBold</font>
                    <textcolor>$VAR[OSDPanelWhite70]</textcolor>
                    <label>$LOCALIZE[21891]</label>
                </control>
                <control type="textbox">
                    <left>35</left>
                    <top>85</top>
                    <height>138</height>
                    <right>120</right>
                    <font>Tiny</font>
                    <textcolor>$VAR[OSDPanelWhite70]</textcolor>
                    <label fallback="19055">$INFO[Window(Visualisation).Property(ArtistSlideshow.ArtistBiography),]</label>
                </control>
            </control>
        </control>
        <control type="group">
            <visible>Skin.HasSetting(osd.artistinfos) + !Skin.HasSetting(ShowMusicCd) + Skin.HasSetting(osd.usetheme)</visible>
            <visible>Player.ShowInfo | Window.IsVisible(script-cu-lrclyrics-main.xml) | !String.IsEmpty(Window(home).Property(osdshowinfo))</visible>
            <visible>!Window.IsVisible(musicosd) | !Skin.HasSetting(musicosd.side)</visible>
            <visible>!Window.IsVisible(script-cu-lrclyrics-main.xml)</visible>
            <animation type="Hidden" reversible="false">
                <effect type="slide" start="0,0" end="1850,0" tween="sine" easing="out" time="300"/>
                <effect type="fade" start="100" end="0" time="200"/>
            </animation>
            <animation type="Visible" reversible="false">
                <effect type="slide" start="1480,0" end="0,0" tween="sine" easing="out" time="300"/>
                <effect type="fade" start="50" end="100" time="300"/>
            </animation>
            <animation type="WindowClose" reversible="false">
                <effect type="slide" start="0,0" end="1850,0" tween="sine" easing="out" time="300" delay="0"/>
                <effect type="fade" start="100" end="0" time="200"/>
            </animation>
            <animation type="WindowOpen" reversible="false">
                <effect type="slide" start="1480,0" end="0,0" tween="sine" easing="out" time="300" delay="0"/>
                <effect type="fade" start="50" end="100" time="300"/>
            </animation>
            <animation type="Conditional" condition="Window.Next(musicplaylist)">
                <effect type="fade" start="100" end="0" time="0"/>
            </animation>
            <animation effect="slide" start="0" end="0,-60" time="0" condition="true">Conditional</animation>
            <animation effect="slide" start="0" end="0,-74" time="150" condition="Window.IsVisible(musicosd) + !Skin.HasSetting(musicosd.side)">Conditional</animation>
            <control type="group">
                <left>SidePad</left>
                <top>666</top>
                <control type="image">
                    <top>-8</top>
                    <height>276</height>
                    <width>1776</width>
                    <left>-8</left>
	              	<texture border="16" colordiffuse="$VAR[OSDPanel]">common/rounded-shadow8.png</texture>
                    <animation effect="fade" start="100" end="80" condition="true">Conditional</animation>
                </control>
                <control type="image">
                	<top>-1</top>
                	<left>-1</left>
                    <height>262</height>
                    <width>1762</width>
                    <texture colordiffuse="BoxWidget" border="4" infill="false">common/box21.png</texture>
	                <visible>!Skin.HasSetting(global.hideborders)</visible>            
                </control>
                <control type="label">
                    <left>35</left>
                    <top>30</top>
                    <height>40</height>
                    <font>MediumBold</font>
                    <textcolor>$VAR[OSDPanelWhite70]</textcolor>
                    <label>$LOCALIZE[21891]</label>
                </control>
                <control type="textbox">
                    <left>35</left>
                    <top>85</top>
                    <height>138</height>
                    <right>120</right>
                    <font>Tiny</font>
                    <textcolor>$VAR[OSDPanelWhite70]</textcolor>
                    <label fallback="19055">$INFO[Window(Visualisation).Property(ArtistSlideshow.ArtistBiography),]</label>
                </control>
            </control>
        </control>
    </controls>
</window>
