<?xml version="1.0" encoding="UTF-8"?>
<window>
	<defaultcontrol always="true">50</defaultcontrol>
    <backgroundcolor>0</backgroundcolor>
    <menucontrol>9000</menucontrol>
    <views>50,550,55,500,517</views>
    <include>Blur_OnLoad_Action</include>
    <onunload condition="Skin.HasSetting(home.netflix.autoplay.trailer) + $EXP[TrailerIsPlaying] + !Skin.HasSetting(trailer.dont.stop.on.unfocus) + !Window.Next(FullScreenVideo)">ClearProperty(TrailerPath,home)</onunload>
    <onunload condition="Skin.HasSetting(home.netflix.autoplay.trailer) + $EXP[TrailerIsPlaying] + !Skin.HasSetting(trailer.dont.stop.on.unfocus) + !Window.Next(FullScreenVideo)">Stop</onunload>
    <onunload condition="Skin.HasSetting(home.netflix.autoplay.trailer)">ClearProperty(listitem.trailer,home)</onunload>
    <controls>
        <include>GlobalBackground</include>
        <include>View_550_List</include>
        <include condition="!Skin.HasSetting(50list.low)">View_50_List</include>
        <include condition="Skin.HasSetting(55wall.showinfo)">View_55_Wall_Info</include>
        <include condition="Skin.HasSetting(55wall.showposter)">View_55_Wall_Poster</include>
        <include condition="!Skin.HasSetting(55wall.showinfo) + !Skin.HasSetting(55wall.showposter)">View_55_Wall</include>
        <include>View_500_Thumbnails</include>
        <include>View_517_WallSmall</include>
        <include>JumpBarHorizontal2</include>
        <include>Furniture_Header</include>
        <include>Furniture_NowPlaying</include>
        <include>Furniture_Clock</include>
        <include>Furniture_Flags</include>
        <include>Furniture_Weather</include>
        <include>AlbumAndSetsCount</include>
        <control type="group">
            <include>Animation.FadeIn</include>
            <include>Animation.FadeOut</include>
            <visible>ControlGroup(9000).HasFocus()</visible>
            <include>GlobalOverlay</include>
        </control>
        <control type="group">
            <animation effect="slide" start="0" end="-655" time="200" condition="Window.IsVisible(1109)">Conditional</animation>
            <height>690</height>
            <include>Def9000Background</include>
            <include>Def9000Arrows</include>
            <control type="group">
                <left>22</left>
                <top>22</top>
                <control type="label">
                    <description>Header Label</description>
                    <left>70</left>
                    <width>1000</width>
                    <posy>0</posy>
                    <include>FontTop</include>
                    <textcolor>Black70</textcolor>
                    <label>14018</label>
                </control>
                <include>Kodi_Logo</include>

                <!-- Lines -->
                <control type="image">
                    <top>70</top>
                    <left>17</left>
                    <width>388</width>
                    <height>1</height>
                    <bottom>10</bottom>
                    <colordiffuse>Black12</colordiffuse>
                    <texture>common/white.png</texture>
                </control>
            </control>
            <include content="Def_Gradient_Settings_Image">
                <param name="controlid" value="9000"/>
                <param name="left" value="8"/>
                <param name="top" value="112"/>
                <param name="width" value="450"/>
                <param name="overlayfix" value="true"/>
                <param name="delay" value="20"/>
                <param name="visible" value="!ControlGroup(6150).HasFocus()"/>
            </include>
            <control type="grouplist" id="9000">
                <top>112</top>
                <usecontrolcoords>true</usecontrolcoords>
                <include content="Def9000GroupList"><param name="height" value="560" /></include>
                <scrolltime>0</scrolltime>

                <!-- Sort Options -->
                <control type="button" id="9305">
                    <include>DefContextButtonGradient</include>
                    <label>$LOCALIZE[582]: $INFO[Container.Viewmode]</label>
                    <align>left</align>
                    <onclick>ActivateWindow(1109)</onclick>
                </control>
                <control type="radiobutton" id="1111">
                    <selected>[Container.Content() + !String.IsEmpty(Skin.String(Skin.ForcedView.))] | [Container.Content(tags) + !String.IsEmpty(Skin.String(Skin.ForcedView.tags))] | [Container.Content(years) + !String.IsEmpty(Skin.String(Skin.ForcedView.years))] | [Container.Content(genres) + !String.IsEmpty(Skin.String(Skin.ForcedView.genres))] | [Container.Content(countries) + !String.IsEmpty(Skin.String(Skin.ForcedView.countries))] | [Container.Content(studios) + !String.IsEmpty(Skin.String(Skin.ForcedView.studios))] | [Container.Content(playlists) + !String.IsEmpty(Skin.String(Skin.ForcedView.playlists))] | [Container.Content(movies) + !String.IsEmpty(Skin.String(Skin.ForcedView.movies))] | [Container.Content(sets) + !String.IsEmpty(Skin.String(Skin.ForcedView.sets))] | [Container.Content(tvshows) + !String.IsEmpty(Skin.String(Skin.ForcedView.tvshows))] | [Container.Content(seasons) + !String.IsEmpty(Skin.String(Skin.ForcedView.seasons))] | [Container.Content(episodes) + !String.IsEmpty(Skin.String(Skin.ForcedView.episodes))] | [Container.Content(artists) + !String.IsEmpty(Skin.String(Skin.ForcedView.artists))] | [Container.Content(albums) + !String.IsEmpty(Skin.String(Skin.ForcedView.albums))] | [Container.Content(songs) + !String.IsEmpty(Skin.String(Skin.ForcedView.songs))] | [Container.Content(musicvideos) + !String.IsEmpty(Skin.String(Skin.ForcedView.musicvideos))] | [Container.Content(addons) + !String.IsEmpty(Skin.String(Skin.ForcedView.addons))] | [Container.Content(actors) + !String.IsEmpty(Skin.String(Skin.ForcedView.actors))] | [Container.Content(directors) + !String.IsEmpty(Skin.String(Skin.ForcedView.directors))] | [Container.Content(files) + !String.IsEmpty(Skin.String(Skin.ForcedView.files))] | [Container.Content(mixed) + !String.IsEmpty(Skin.String(Skin.ForcedView.mixed))] | [Container.Content(images) + !String.IsEmpty(Skin.String(Skin.ForcedView.images))] | [Container.Content(games) + !String.IsEmpty(Skin.String(Skin.ForcedView.games))] | [Container.Content(unknown) + !String.IsEmpty(Skin.String(Skin.ForcedView.unknown))] | [Container.Content(videos) + !String.IsEmpty(Skin.String(Skin.ForcedView.videos))]</selected>
                    <include>DefContextButtonGradient</include>
                    <align>left</align>
                    <label>$LOCALIZE[31420] $VAR[label_container]</label>
                    <include>unlock_views</include>
                    <include>lock_views</include>
                    <visible>!String.IsEmpty(Container.Content) + Skin.HasSetting(enable.forcedviews)</visible>
                </control>
                <control type="button" id="3">
                    <description>Sort</description>
                    <include>DefContextButtonGradient</include>
                    <align>left</align>
                </control>
                <control type="togglebutton" id="4">
                    <description>Ascending</description>
                    <include>DefContextButtonGradient</include>
                    <align>left</align>
                    <label>584</label>
                    <altlabel>585</altlabel>
                </control>
                <control type="button" id="55551">
                    <include>DefContextMenuLabel</include>
                    <label>31076</label>
                    <visible>!Control.IsVisible(519) + !Control.IsVisible(500) + !Control.IsVisible(550) + !Control.IsVisible(555) + !Control.IsVisible(59) + !Control.IsVisible(58) + !Control.IsVisible(52) + !Control.IsVisible(515) + !Control.IsVisible(513)</visible>
                </control>
                <control type="radiobutton" id="9028">
                    <include>DefContextButtonGradient</include>
                    <align>left</align>
                    <label>31264</label>
                    <selected>Skin.HasSetting(511ListInfo)</selected>
                    <onclick>Skin.ToggleSetting(511ListInfo)</onclick>
                    <visible>[Control.IsVisible(511) + Skin.HasSetting(ListView511)] | [Control.IsVisible(512) + Skin.HasSetting(ListView511)] | Control.IsVisible(56) | Control.IsVisible(50) | Control.IsVisible(516) | Control.IsVisible(57)</visible>
                </control>
                <control type="radiobutton" id="9030">
                    <include>DefContextButtonGradient</include>
                    <align>left</align>
                    <label>31262</label>
                    <selected>!Skin.HasSetting(disable.poster)</selected>
                    <onclick>Skin.ToggleSetting(disable.poster)</onclick>
                    <onclick>ReloadSkin()</onclick>
                    <visible>Control.IsVisible(50) + !Skin.HasSetting(50list.low)</visible>
                </control>
                <control type="radiobutton" id="9032" description="Low List (50)">
                    <include>DefContextButtonGradient</include>
                    <align>left</align>
                    <label>31564</label>
                    <selected>Skin.HasSetting(50list.low)</selected>
                    <onclick>Skin.ToggleSetting(50list.low)</onclick>
                    <onclick>ReloadSkin()</onclick>
                    <visible>Control.IsVisible(50)</visible>
                </control>
                <control type="radiobutton" id="9031">
                    <include>DefContextButtonGradient</include>
                    <align>left</align>
                    <label>31676</label>
                    <selected>!Skin.HasSetting(hide.ratings)</selected>
                    <onclick>Skin.ToggleSetting(hide.ratings)</onclick>
                    <visible>Control.IsVisible(50) | Control.IsVisible(57) | Control.IsVisible(56)</visible>
                </control>
                <control type="radiobutton" id="9034" description="Info Wall (55)">
                    <include>DefContextButtonGradient</include>
                    <align>left</align>
                    <label>31147</label>
                    <selected>Skin.HasSetting(55wall.showinfo)</selected>
                    <onclick>Skin.Reset(55wall.showposter)</onclick>
                    <onclick>Skin.ToggleSetting(55wall.showinfo)</onclick>
                    <onclick>ReloadSkin()</onclick>
                    <visible>Control.IsVisible(55)</visible>
                </control>
                <control type="radiobutton" id="9035" description="Poster Wall (55)">
                    <include>DefContextButtonGradient</include>
                    <align>left</align>
                    <label>31185</label>
                    <selected>Skin.HasSetting(55wall.showposter)</selected>
                    <onclick>Skin.Reset(55wall.showinfo)</onclick>
                    <onclick>Skin.ToggleSetting(55wall.showposter)</onclick>
                    <onclick>ReloadSkin()</onclick>
                    <visible>Control.IsVisible(55)</visible>
                </control>
                <control type="radiobutton" id="9029" description="list.show.filename">
                    <include>DefContextButtonGradient</include>
                    <align>left</align>
                    <label>31565</label>
                    <selected>Skin.HasSetting(list.show.filename)</selected>
                    <onclick>Skin.ToggleSetting(list.show.filename)</onclick>
                    <visible>Skin.HasSetting(511ListInfo)</visible>
                    <visible>Control.IsVisible(50) | Control.IsVisible(57) | Control.IsVisible(56)</visible>
                </control>
                <control type="radiobutton" id="90871">
                    <include>DefContextButtonGradient</include>
                    <align>left</align>
                    <label>31007</label>
                    <selected>Skin.HasSetting(view.title.overlay)</selected>
                    <onclick>Skin.ToggleSetting(view.title.overlay)</onclick>
                    <visible>Control.IsVisible(55)</visible>
                    <onclick>ReloadSkin()</onclick>
                </control>
                <control type="radiobutton" id="9059" description="Slider Info">
                    <include>DefContextButtonGradient</include>
                    <align>left</align>
                    <label>31537</label>
                    <selected>Skin.HasSetting(55wall.slideinfo)</selected>
                    <onclick>Skin.ToggleSetting(55wall.slideinfo)</onclick>
                    <visible>Control.IsVisible(55) + !Skin.HasSetting(55wall.showinfo) + !Skin.HasSetting(55wall.showposter)</visible>
                </control>
                <control type="radiobutton" id="9060" description="Show progress">
                    <include>DefContextButtonGradient</include>
                    <align>left</align>
                    <label>31577</label>
                    <selected>Skin.HasSetting(furniture.overlayinfobalken)</selected>
                    <onclick>Skin.ToggleSetting(furniture.overlayinfobalken)</onclick>
                    <onclick>ReloadSkin()</onclick>
                    <visible>Control.IsVisible(55) | Control.IsVisible(57) | Control.IsVisible(56) | Control.IsVisible(501) | Control.IsVisible(507)</visible>
                </control>

                <!-- Other Options -->
                <control type="button" id="55553">
                    <include>DefContextMenuLabel</include>
                    <label>587</label>
                </control>
                <control type="radiobutton" id="11">
                    <description>Unlock Shares</description>
                    <include>DefContextButtonGradient</include>
                    <align>left</align>
                    <label>20336</label>
                    <onclick>mastermode</onclick>
                    <selected>system.ismaster</selected>
                    <visible>system.haslocks</visible>
                </control>
                <control type="radiobutton" id="16">
                    <description>PartyMode</description>
                    <include>DefContextButtonGradient</include>
                    <align>left</align>
                    <label>589</label>
                    <visible>Container.Content(MusicVideos)</visible>
                </control>
                <control type="edit" id="19">
                    <label>587</label>
                    <description>Filter (hidden)</description>
                    <include>DefContextButtonGradient</include>
                    <visible>!Container.CanFilterAdvanced</visible>
                </control>
                <control type="radiobutton" id="98">
                    <visible>Container.CanFilterAdvanced</visible>
                    <description>Filter</description>
                    <include>DefContextButtonGradient</include>
                    <label>587</label>
                    <align>left</align>
                    <onclick>SetFocus(50)</onclick>
                    <onclick>Filter</onclick>
                    <selected>Container.Filtered</selected>
                </control>
                <control type="button" id="55554">
                    <include>DefContextMenuLabel</include>
                    <label>31077</label>
                </control>
                <control type="button" id="9091">
                    <description>Global Search</description>
                    <include>DefContextButtonGradient</include>
                    <align>left</align>
                    <label>137</label>
                    <onclick>SetFocus(50)</onclick>
                    <include content="Def_GlobalSearch_Actions">
                        <param name="query" value="tvshows=true&amp;movies=true&amp;episodes=true&amp;actors=true" />
                    </include>
                </control>
                <control type="button" id="9099">
                    <include>DefContextButtonGradient</include>
                    <align>left</align>
                    <label>14247</label>
                    <onclick>CleanLibrary(video)</onclick>
                </control>
                <control type="togglebutton" id="20">
                    <description>Update</description>
                    <align>left</align>
                    <label>653</label>
                    <altlabel>13353</altlabel>
                    <include>DefContextButtonGradient</include>
                    <usealttexture>Library.IsScanningVideo</usealttexture>
                </control>
                <include>ButtonPlaylist</include>
                <control type="button" id="5555">
                    <include>DefContextButtonGradient</include>
                    <align>left</align>
                    <label>31195</label>
                    <onclick>ReloadSkin()</onclick>
                    <visible>Skin.HasSetting(DebugInfo)</visible>
                </control>
                <include>ControlButtons</include>
            </control>
        </control>
    </controls>
</window>
