<?xml version="1.0" encoding="UTF-8"?>
<!-- Foundation -->
<window id="502">
    <defaultcontrol always="true">50</defaultcontrol>
    <backgroundcolor>0</backgroundcolor>
    <menucontrol>9000</menucontrol>
    <views>50,505,506,507,508,514,500,503,54,57,51,523</views>
    <include>Blur_OnLoad_Action</include>
    <controls>
        <include>GlobalBackground</include>
        <include>Furniture_Header</include>
        <include>Furniture_Clock</include>
        <include>Furniture_Weather</include>
        <include>Furniture_NowPlaying</include>
        <include>Furniture_Flags_Audio</include>
        <include>View_50_List_Square_Music</include>
        <include condition="Skin.HasSetting(51bigwide.showinfo)">View_51_BigWide_Info</include>
        <include condition="Skin.HasSetting(51bigwide.showinfo.alternative)">View_51_BigWide</include>
        <include condition="!Skin.HasSetting(51bigwide.showinfo) + !Skin.HasSetting(51bigwide.showinfo.alternative)">View_51_BigWide_Classic</include>
        <include>View_500_Thumbnails</include>
        <include>View_503_Poster_Square</include>
        <include>View_505_506_Wall</include>
        <include>View_54_Banner</include>
        <include>View_514_Albums</include>
        <include>View_523_Minimal_V2_Music</include>
        <include>JumpBarHorizontal2</include>
        <include condition="!Skin.HasSetting(57list.low)">View_57_ExtraInfo</include>
        <include condition="Skin.HasSetting(57list.low)">View_57_ExtraInfo_LowList</include>
        <control type="group">
            <include>Animation.FadeIn</include>
            <include>Animation.FadeOut</include>
            <visible>ControlGroup(9000).HasFocus()</visible>
            <include>GlobalOverlay</include>
        </control>
        <control type="group">
            <animation effect="slide" start="0" end="-655" time="200" condition="Window.IsVisible(1108)">Conditional</animation>
            <height>690</height>
            <include>Def9000Background</include>
            <control type="group">
                <left>22</left>
                <top>22</top>
                <control type="label">
                    <description>Header Label</description>
                    <left>70</left>
                    <width>1000</width>
                    <posy>0</posy>
                    <include>FontTop</include>
                    <textcolor>Black70</textcolor>
                    <label>14018</label>
                </control>
                <include>Kodi_Logo</include>

                <!-- Lines -->
                <control type="image">
                    <top>70</top>
                    <left>17</left>
                    <width>385</width>
                    <height>1</height>
                    <bottom>10</bottom>
                    <colordiffuse>Black12</colordiffuse>
                    <texture>common/white.png</texture>
                </control>
            </control>
            <include>Def9000Arrows</include>
            <include content="Def_Gradient_Settings_Image">
                <param name="controlid" value="9000"/>
                <param name="left" value="8"/>
                <param name="top" value="112"/>
                <param name="width" value="450"/>
                <param name="overlayfix" value="true"/>
                <param name="delay" value="20"/>
                <param name="visible" value="!ControlGroup(6150).HasFocus()"/>
            </include>
            <control type="grouplist" id="9000">
                <top>112</top>
                <usecontrolcoords>true</usecontrolcoords>
                <include content="Def9000GroupList"><param name="height" value="560" /></include>
                <scrolltime>0</scrolltime>
                <include>Def9000MusicSide</include>
                <control type="button" id="55551">
                    <include>DefContextMenuLabel</include>
                    <label>31076</label>
                    <visible>Control.IsVisible(57) | Control.IsVisible(514) | Control.IsVisible(50) | Container.Content(songs) | Control.IsVisible(51) | Control.IsVisible(523)</visible>
                </control>
                <control type="radiobutton" id="9051" description="Low List (57)">
                    <include>DefContextButtonGradient</include>
                    <align>left</align>
                    <label>31564</label>
                    <selected>Skin.HasSetting(57list.low)</selected>
                    <onclick>Skin.ToggleSetting(57list.low)</onclick>
                    <onclick>ReloadSkin()</onclick>
                    <visible>Control.IsVisible(57)</visible>
                </control>
                <control type="button" id="9025">
                    <include>DefContextButtonGradient</include>
                    <align>left</align>
                    <label>31380</label>
                    <label2>$VAR[514Align]</label2>
                    <selected>Skin.HasSetting(514NoCenter)</selected>
                    <onclick>Skin.ToggleSetting(514NoCenter)</onclick>
                    <visible>Control.IsVisible(514)</visible>
                    <onclick>ReloadSkin()</onclick>
                </control>
                <control type="radiobutton" id="9027">
                    <include>DefContextButtonGradient</include>
                    <align>left</align>
                    <label>31264</label>
                    <selected>!Skin.HasSetting(No50ListInfo)</selected>
                    <onclick>Skin.ToggleSetting(No50ListInfo)</onclick>
                    <visible>Control.IsVisible(50)</visible>
                </control>
                <control type="radiobutton" id="9052" description="Erweiterte Informationen">
                    <include>DefContextButtonGradient</include>
                    <align>left</align>
                    <label>31257</label>
                    <selected>Skin.HasSetting(thumbnails.moreinfos)</selected>
                    <onclick>Skin.ToggleSetting(thumbnails.moreinfos)</onclick>
                    <visible>Container.Content(songs)</visible>
                </control>
                <control type="radiobutton" id="9053">
                    <include>DefContextButtonGradient</include>
                    <align>left</align>
                    <label>31569</label>
                    <selected>!Skin.HasSetting(NotShowClearart514)</selected>
                    <onclick>Skin.ToggleSetting(NotShowClearart514)</onclick>
                    <visible>Control.IsVisible(514)</visible>
                </control>
                <control type="radiobutton" id="9054" description="Big Wide Info (51)">
                    <include>DefContextButtonGradient</include>
                    <align>left</align>
                    <label>31147</label>
                    <selected>Skin.HasSetting(51bigwide.showinfo)</selected>
                    <onclick>Skin.ToggleSetting(51bigwide.showinfo)</onclick>
                    <onclick>Skin.Reset(51bigwide.showclassic)</onclick>
                    <onclick>Skin.Reset(51bigwide.showinfo.alternative)</onclick>
                    <onclick>ReloadSkin()</onclick>
                    <visible>Control.IsVisible(51)</visible>
                </control>
                <control type="radiobutton" id="9055" description="Big Wide Info (51)">
                    <include>DefContextButtonGradient</include>
                    <align>left</align>
                    <label>31432</label>
                    <selected>Skin.HasSetting(51bigwide.showinfo.alternative)</selected>
                    <onclick>Skin.ToggleSetting(51bigwide.showinfo.alternative)</onclick>
                    <onclick>Skin.Reset(51bigwide.showclassic)</onclick>
                    <onclick>Skin.Reset(51bigwide.showinfo)</onclick>
                    <onclick>ReloadSkin()</onclick>
                    <visible>Control.IsVisible(51)</visible>
                </control>
                <control type="radiobutton" id="9033" description="No Wrap (523)">
                    <include>DefContextButtonGradient</include>
                    <align>left</align>
                    <label>31148</label>
                    <selected>!Skin.HasSetting(523poster.nowrap)</selected>
                    <onclick>Skin.ToggleSetting(523poster.nowrap)</onclick>
                    <onclick>ReloadSkin()</onclick>
                    <visible>Control.IsVisible(523)</visible>
                </control>
                <control type="radiobutton" id="9057">
                    <include>DefContextButtonGradient</include>
                    <align>left</align>
                    <label>31264</label>
                    <selected>Skin.HasSetting(511ListInfo)</selected>
                    <onclick>Skin.ToggleSetting(511ListInfo)</onclick>
                    <visible>Control.IsVisible(57)</visible>
                </control>
                <control type="button" id="55553">
                    <include>DefContextMenuLabel</include>
                    <label>587</label>
                </control>
                <control type="radiobutton" id="16">
                    <description>PartyMode</description>
                    <include>DefContextButtonGradient</include>
                    <align>left</align>
                    <label>589</label>
                </control>
                <control type="radiobutton" id="98">
                    <visible>Container.CanFilterAdvanced</visible>
                    <description>Filter</description>
                    <include>DefContextButtonGradient</include>
                    <label>587</label>
                    <align>left</align>
                    <onclick>SetFocus(50)</onclick>
                    <onclick>Filter</onclick>
                    <selected>Container.Filtered</selected>
                </control>
                <control type="button" id="55554">
                    <include>DefContextMenuLabel</include>
                    <label>31077</label>
                </control>
                <control type="button" id="9091">
                    <description>Global Search</description>
                    <include>DefContextButtonGradient</include>
                    <align>left</align>
                    <label>137</label>
                    <include content="Def_GlobalSearch_Actions">
                        <param name="query" value="artists=true&amp;albums=true&amp;songs=true" />
                    </include>
                </control>
                <control type="button" id="9099">
                    <include>DefContextButtonGradient</include>
                    <align>left</align>
                    <label>14247</label>
                    <onclick>CleanLibrary(music)</onclick>
                </control>
                <control type="togglebutton" id="20">
                    <description>Update</description>
                    <align>left</align>
                    <label>653</label>
                    <altlabel>13353</altlabel>
                    <include>DefContextButtonGradient</include>
                    <usealttexture>Library.IsScanningMusic</usealttexture>
                </control>
                <include>ButtonPlaylist</include>
                <control type="button" id="5555">
                    <include>DefContextButtonGradient</include>
                    <align>left</align>
                    <label>31195</label>
                    <onclick>ReloadSkin()</onclick>
                    <visible>Skin.HasSetting(DebugInfo)</visible>
                </control>
                <include>ControlButtons</include>
            </control>
        </control>
    </controls>
</window>
