<?xml version="1.0" encoding="UTF-8"?>
<!-- Foundation -->
<window id="1">
    <defaultcontrol always="true">50</defaultcontrol>
    <backgroundcolor>0</backgroundcolor>
    <menucontrol>9000</menucontrol>
    <views>50,500</views>
    <include>Blur_OnLoad_Action</include>
    <controls>
        <include>GlobalBackground</include>
        <include>View_50_List_Square</include>
        <include>View_500_Thumbnails</include>
        <include>Furniture_Header</include>
        <include>Furniture_NowPlaying</include>
        <include>Furniture_Clock</include>
        <include>Furniture_Weather</include>
        <control type="group">
            <include>Animation.FadeIn</include>
            <include>Animation.FadeOut</include>
            <visible>ControlGroup(9000).HasFocus()</visible>
            <include>GlobalOverlay</include>
        </control>
        <control type="group">
            <height>340</height>
            <include>Def9000Background</include>
            <include content="Def9000Arrows"><param name="arrow_bottom" value="340" /></include>
            <control type="group">
                <left>22</left>
                <top>22</top>
                <control type="label">
                    <description>Header Label</description>
                    <left>70</left>
                    <width>1000</width>
                    <posy>0</posy>
                    <include>FontTop</include>
                    <textcolor>Black70</textcolor>
                    <label>14018</label>
                </control>
                <include>Kodi_Logo</include>

                <!-- Lines -->
                <control type="image">
                    <top>70</top>
                    <left>17</left>
                    <width>385</width>
                    <height>1</height>
                    <bottom>10</bottom>
                    <colordiffuse>Black12</colordiffuse>
                    <texture>common/white.png</texture>
                </control>
            </control>
            <include content="Def_Gradient_Settings_Image">
                <param name="controlid" value="9000"/>
                <param name="left" value="8"/>
                <param name="top" value="110"/>
                <param name="width" value="450"/>
            </include>
            <control type="grouplist" id="9000">
                <height>210</height>
                <scrolltime>0</scrolltime>
                <include>Def9000GroupList</include>
                <top>110</top>
                <control type="button" id="2">
                    <description>View</description>
                    <include condition="Skin.HasSetting(enable.forcedviews)">unlock_views</include>
                    <include>DefContextButtonGradient</include>
                    <align>left</align>
                </control>
                <control type="radiobutton" id="1111">
                    <selected>[Container.Content() + !String.IsEmpty(Skin.String(Skin.ForcedView.))] | [Container.Content(tags) + !String.IsEmpty(Skin.String(Skin.ForcedView.tags))] | [Container.Content(years) + !String.IsEmpty(Skin.String(Skin.ForcedView.years))] | [Container.Content(genres) + !String.IsEmpty(Skin.String(Skin.ForcedView.genres))] | [Container.Content(countries) + !String.IsEmpty(Skin.String(Skin.ForcedView.countries))] | [Container.Content(studios) + !String.IsEmpty(Skin.String(Skin.ForcedView.studios))] | [Container.Content(playlists) + !String.IsEmpty(Skin.String(Skin.ForcedView.playlists))] | [Container.Content(movies) + !String.IsEmpty(Skin.String(Skin.ForcedView.movies))] | [Container.Content(sets) + !String.IsEmpty(Skin.String(Skin.ForcedView.sets))] | [Container.Content(tvshows) + !String.IsEmpty(Skin.String(Skin.ForcedView.tvshows))] | [Container.Content(seasons) + !String.IsEmpty(Skin.String(Skin.ForcedView.seasons))] | [Container.Content(episodes) + !String.IsEmpty(Skin.String(Skin.ForcedView.episodes))] | [Container.Content(artists) + !String.IsEmpty(Skin.String(Skin.ForcedView.artists))] | [Container.Content(albums) + !String.IsEmpty(Skin.String(Skin.ForcedView.albums))] | [Container.Content(songs) + !String.IsEmpty(Skin.String(Skin.ForcedView.songs))] | [Container.Content(musicvideos) + !String.IsEmpty(Skin.String(Skin.ForcedView.musicvideos))] | [Container.Content(addons) + !String.IsEmpty(Skin.String(Skin.ForcedView.addons))] | [Container.Content(actors) + !String.IsEmpty(Skin.String(Skin.ForcedView.actors))] | [Container.Content(directors) + !String.IsEmpty(Skin.String(Skin.ForcedView.directors))] | [Container.Content(files) + !String.IsEmpty(Skin.String(Skin.ForcedView.files))] | [Container.Content(mixed) + !String.IsEmpty(Skin.String(Skin.ForcedView.mixed))] | [Container.Content(images) + !String.IsEmpty(Skin.String(Skin.ForcedView.images))] | [Container.Content(games) + !String.IsEmpty(Skin.String(Skin.ForcedView.games))] | [Container.Content(unknown) + !String.IsEmpty(Skin.String(Skin.ForcedView.unknown))] | [Container.Content(videos) + !String.IsEmpty(Skin.String(Skin.ForcedView.videos))]</selected>
                    <include>DefContextButtonGradient</include>
                    <align>left</align>
                    <label>$LOCALIZE[31420] $VAR[label_container]</label>
                    <include>unlock_views</include>
                    <include>lock_views</include>
                    <visible>!String.IsEmpty(Container.Content) + Skin.HasSetting(enable.forcedviews)</visible>
                </control>
                <control type="button" id="3">
                    <description>Sort</description>
                    <include>DefContextButtonGradient</include>
                    <align>left</align>
                </control>
                <control type="togglebutton" id="4">
                    <description>Ascending</description>
                    <include>DefContextButtonGradient</include>
                    <align>left</align>
                    <label>584</label>
                    <altlabel>585</altlabel>
                </control>
            </control>
        </control>
    </controls>
</window>
