<?xml version="1.0" encoding="UTF-8"?>
<window>
    <menucontrol>9000</menucontrol>
    <backgroundcolor>0</backgroundcolor>
    <defaultcontrol always="true">50</defaultcontrol>
    <views>50,55,51</views>
    <include>Blur_OnLoad_Action</include>
    <controls>
        <include>GlobalBackground</include>
        <include>Furniture_Header</include>
        <include>Furniture_Clock</include>
        <include>Furniture_NowPlaying</include>
        <include>Furniture_Weather</include>
        <include>PVRView_50</include>
        <include>PVRView_51</include>
        <include>PVRView_55</include>
        <include>PVRSideBlade</include>
    </controls>
</window>
