<?xml version="1.0" encoding="UTF-8"?>
<!-- Foundation -->
<window id="2600">
    <defaultcontrol always="true">9100</defaultcontrol>
    <menucontrol>9000</menucontrol>
    <backgroundcolor>0</backgroundcolor>
    <include>Blur_OnLoad_Action</include>
    <include>Blur_SimpleBackground_Onload_Action</include>
    <controls>
        <include>GlobalBackground</include>
        <include>Furniture_Header</include>
        <include>Furniture_NowPlaying</include>
        <include>Furniture_Clock</include>
        <control type="group">
            <include>Animation.Common</include>
            <control type="scrollbar" id="1675">
            	<onleft>9100</onleft>
            	<onright>9100</onright>
			    <include content="scrollbar_vertical">
				    <param name="scrollid" value="1675"/>
				    <param name="height" value="640"/>
			    </include>
            </control>
            <control type="image">
                <visible>!Container(9100).OnNext + !Container(9100).OnPrevious</visible>
                <top>190</top>
                <left>930</left>
                <include>arrowdimensions</include>
                <texture colordiffuse="Dark1" flipy="true">common/arrow-small.png</texture>
                <include>Animation.DelayFadeIn2</include>
            </control>
            <control type="image">
                <visible>!Container(9100).OnNext + !Container(9100).OnPrevious</visible>
                <top>869</top>
                <left>930</left>
                <include>arrowdimensions</include>
                <texture colordiffuse="Dark1" flipy="false">common/arrow-small.png</texture>
                <include>Animation.DelayFadeIn2</include>
            </control>
            <control type="wraplist" id="9100">
                <pagecontrol>1675</pagecontrol>
                <top>PosterPad</top>
                <left>SidePad</left>
                <width>1760</width>
                <height>PosterH</height>
                <orientation>vertical</orientation>
                <onleft>9000</onleft>
                <onright>1675</onright>
                <include>ScrolltimeViewsList</include>
                <scroll>false</scroll>
                <preloaditems>0</preloaditems>
                <itemlayout height="810" width="1840">
					<include>weatherlist.itemlayout</include>
                </itemlayout>
                <focusedlayout height="810" width="1840">
					<include>weatherlist.itemlayout</include>
                </focusedlayout>
                <content>
                    <item id="0">
                       <label>31094</label>
                       <label2>Daily</label2>
                    </item>
                    <item id="1">
                        <label>31093</label>
                        <label2>Hourly</label2>
                        <visible>!String.IsEmpty(Window.Property(Hourly.IsFetched))</visible>
                    </item>
                    <item id="2">
                        <label>$INFO[Window.Property(Map.1.Heading)]</label>
                        <label2>Map1</label2>
                       	<onclick condition="String.IsEmpty(Window.Property(Play.map1))">SetProperty(Play.map1,true)</onclick>                       
                       	<onclick condition="!String.IsEmpty(Window.Property(Play.map1))">ClearProperty(Play.map1)</onclick>                       
                        <visible>!String.IsEmpty(Window.Property(Map.1.Area)) + !String.IsEmpty(Window.Property(Map.IsFetched))</visible>
                    </item>
                    <item id="3">
                        <label>$INFO[Window.Property(Map.2.Heading)]</label>
                        <label2>Map2</label2>
                       	<onclick condition="String.IsEmpty(Window.Property(Play.map2))">SetProperty(Play.map2,true)</onclick>                       
                       	<onclick condition="!String.IsEmpty(Window.Property(Play.map2))">ClearProperty(Play.map2)</onclick>                       
                        <visible>!String.IsEmpty(Window.Property(Map.2.Area)) + !String.IsEmpty(Window.Property(Map.IsFetched))</visible>
                    </item>
                    <item id="4">
                        <label>$INFO[Window.Property(Map.3.Heading)]</label>
                        <label2>Map3</label2>
                       	<onclick condition="String.IsEmpty(Window.Property(Play.map3))">SetProperty(Play.map3,true)</onclick>                       
                       	<onclick condition="!String.IsEmpty(Window.Property(Play.map3))">ClearProperty(Play.map3)</onclick>                       
                        <visible>!String.IsEmpty(Window.Property(Map.3.Area)) + !String.IsEmpty(Window.Property(Map.IsFetched))</visible>
                    </item>
                    <item id="5">
                        <label>$INFO[Window.Property(Map.4.Heading)]</label>
                        <label2>Map4</label2>
                       	<onclick condition="String.IsEmpty(Window.Property(Play.map4))">SetProperty(Play.map4,true)</onclick>                       
                       	<onclick condition="!String.IsEmpty(Window.Property(Play.map4))">ClearProperty(Play.map4)</onclick>                       
                        <visible>!String.IsEmpty(Window.Property(Map.4.Area)) + !String.IsEmpty(Window.Property(Map.IsFetched))</visible>
                    </item>
                    <item id="6">
                        <label>$INFO[Window.Property(Map.5.Heading)]</label>
                        <label2>Map5</label2>
                       	<onclick condition="String.IsEmpty(Window.Property(Play.map5))">SetProperty(Play.map5,true)</onclick>                       
                       	<onclick condition="!String.IsEmpty(Window.Property(Play.map5))">ClearProperty(Play.map5)</onclick>                       
                        <visible>!String.IsEmpty(Window.Property(Map.5.Area)) + !String.IsEmpty(Window.Property(Map.IsFetched))</visible>
                    </item>
                </content>
            </control>
        </control>
        <!-- Used for animated maps -->
		<control type="fadelabel" id="99">
			<textcolor>00000000</textcolor>
			<scrollout>false</scrollout>
			<pauseatend>600</pauseatend>
			<width>100</width>
			<label>$NUMBER[23]</label>
			<label>$NUMBER[22]</label>
			<label>$NUMBER[21]</label>
			<label>$NUMBER[20]</label>
			<label>$NUMBER[19]</label>
			<label>$NUMBER[18]</label>
			<label>$NUMBER[17]</label>
			<label>$NUMBER[16]</label>
			<label>$NUMBER[15]</label>
			<label>$NUMBER[14]</label>
			<label>$NUMBER[13]</label>
			<label>$NUMBER[12]</label>
			<label>$NUMBER[11]</label>
			<label>$NUMBER[10]</label>
			<label>$NUMBER[9]</label>
			<label>$NUMBER[8]</label>
			<label>$NUMBER[7]</label>
			<label>$NUMBER[6]</label>
			<label>$NUMBER[5]</label>
			<label>$NUMBER[4]</label>
			<label>$NUMBER[3]</label>
			<label>$NUMBER[2]</label>
			<label>$NUMBER[1]</label>
			<label>$NUMBER[0]</label>
            <label>$NUMBER[0]</label>
            <label>$NUMBER[0]</label>
		</control>
        <control type="spincontrolex" id="3">
            <textoffsetx>30</textoffsetx>
            <description>Location Select</description>
            <visible allowhiddenfocus="true">false</visible>
        </control>
        <control type="group">
            <include>Animation.FadeIn</include>
            <include>Animation.FadeOut</include>
            <visible>ControlGroup(9000).HasFocus()</visible>
            <include>GlobalOverlay</include>
        </control>
        <control type="group">
            <height>693</height>
            <include>Def9000Background</include>
            <control type="group">
                <left>22</left>
                <top>22</top>
                <control type="label">
                    <description>Header Label</description>
                    <left>70</left>
                    <width>1000</width>
                    <posy>0</posy>
                    <include>FontTop</include>
                    <textcolor>Black70</textcolor>
                    <label>14018</label>
                </control>
                <include>Kodi_Logo</include>

                <!-- Lines -->
                <control type="image">
                    <top>70</top>
                    <left>17</left>
                    <width>385</width>
                    <height>1</height>
                    <bottom>10</bottom>
                    <colordiffuse>Black12</colordiffuse>
                    <texture>common/white.png</texture>
                </control>
            </control>
            <include content="Def9000Arrows"><param name="arrow_bottom" value="620" /></include>
            <include content="Def_Gradient_Settings_Image">
                <param name="controlid" value="9000"/>
                <param name="left" value="8"/>
                <param name="top" value="112"/>
                <param name="width" value="450"/>
            </include>
            <control type="grouplist" id="9000">
                <onright>9100</onright>
                <onleft>9100</onleft>
                <onback>9100</onback>
                <scrolltime>0</scrolltime>
                <usecontrolcoords>true</usecontrolcoords>
                <height>620</height>
                <top>112</top>
                <include>Def9000GroupList</include>

                <!-- Weather Options -->
                <control type="button" id="9001" description="Weather Location">
                    <include>DefContextButtonGradient</include>
                    <align>left</align>
                    <label>$LOCALIZE[184]:</label>
                    <label2>$INFO[Weather.Location]</label2>
                    <onclick>Weather.LocationNext</onclick>
                </control>
                <control type="button" id="9003" description="Set Icons">
                    <include>DefContextButtonGradient</include>
                    <align>left</align>
                    <label>31260</label>
                    <onclick>RunScript(script.image.resource.select,property=weather.icons&amp;type=resource.images.weathericons)</onclick>
                </control>
                <control type="radiobutton" id="9004">
                    <include>DefContextButtonGradient</include>
                    <align>left</align>
                    <label>$LOCALIZE[31386]</label>
                    <selected>Skin.HasSetting(weather.icons.override)</selected>
                    <onclick>Skin.ToggleSetting(weather.icons.override)</onclick>
                    <enable>!String.IsEmpty(Skin.String(weather.icons.path)) | $EXP[WeatherAddon_IsOpenMeteo]</enable>
                </control>
                <control type="button" id="9005" description="Set Weather Fanart">
                    <include>DefContextButtonGradient</include>
                    <align>left</align>
                    <label>31143</label>
                    <onclick>RunScript(script.image.resource.select,property=weather.fanart&amp;type=resource.images.weatherfanart)</onclick>
                </control>
                <control type="radiobutton" id="9006" description="Show weather overlay">
                    <include>DefContextButtonGradient</include>
                    <align>left</align>
                    <label>31234</label>
                    <enable>$EXP[HasWeatherFanartSingle] | $EXP[HasWeatherFanartMulti]</enable>
                    <selected>!Skin.HasSetting(weather.hidefanart)</selected>
                    <onclick>Skin.ToggleSetting(weather.hidefanart)</onclick>
                </control>
                <control type="radiobutton" id="9007" description="Show weather overlay">
                    <include>DefContextButtonGradient</include>
                    <align>left</align>
                    <label>$LOCALIZE[31385]</label>
                    <enable>[$EXP[HasWeatherFanartSingle] | $EXP[HasWeatherFanartMulti]] + !Skin.HasSetting(weather.hidefanart)</enable>
                    <selected>!Skin.HasSetting(weather.fanart.widgets)</selected>
                    <onclick>Skin.ToggleSetting(weather.fanart.widgets)</onclick>
                </control>
                <control type="button" id="9008">
                    <include>DefContextButtonGradient</include>
                    <align>left</align>
                    <label>$LOCALIZE[10140]</label>
                    <onclick>Addon.OpenSettings($INFO[Weather.Plugin])</onclick>
                </control>
                <control type="button" id="9009">
                    <include>DefContextButtonGradient</include>
                    <align>left</align>
                    <label>$LOCALIZE[5]</label>
                    <onclick>ActivateWindow(ServiceSettings,weather)</onclick>
                </control>
            </control>
        </control>
    </controls>
</window>
