<?xml version="1.0" encoding="UTF-8"?>
<window>

    <!-- pointer -->
    <controls>

        <control type="image" id="1">
            <description>Pointer</description>
            <width>40</width>
            <height>40</height>
            <texture>mouse.png</texture>
            <colordiffuse>bf999999</colordiffuse>
        </control>

        <control type="image" id="2">
            <description>Pointer Focus</description>
            <width>40</width>
            <height>40</height>
            <texture>mouse.png</texture>
            <colordiffuse>bf999999</colordiffuse>
        </control>

        <control type="image" id="3">
            <description>Pointer Drag</description>
            <width>40</width>
            <height>40</height>
            <texture>mouse.png</texture>
            <colordiffuse>bf999999</colordiffuse>
        </control>

        <control type="image" id="4">
            <description>pointer_click</description>
            <width>40</width>
            <height>40</height>
            <texture>mouse.png</texture>
            <colordiffuse>bf999999</colordiffuse>
        </control>
        
    </controls>
</window>