<?xml version="1.0" encoding="UTF-8"?>
<window>
    <views>50</views>
    <onunload>ClearProperty(GlobalSearchWindowOpen,home)</onunload>
    <controls>
        <control type="group">
            <include>GlobalBackground</include>
            <include>Animation.FadeIn</include>
            <include>Furniture_Header</include>
            <include>Furniture_NowPlaying</include>
            <include>Furniture_Clock</include>
            <include>Furniture_Weather</include>
            <control type="group">
                <visible>![Window.IsVisible(DialogVideoInfo.xml) | Window.IsVisible(DialogMusicInfo.xml)]</visible>
                <include>Animation.FadeOut</include>
                <include>Animation.FadeIn</include>
                <animation condition="!Control.HasFocus(9000) + !Control.HasFocus(990)" effect="slide" end="-440,0" start="0,0" reversible="true" time="300" tween="sine">Conditional</animation>
                <control type="image">
                    <left>-5</left>
                    <top>-14</top>
                    <width>530</width>
                    <height>1160</height>
                    <texture>globalsearch-panel.png</texture>
                    <bordertexture border="6">globalsearch-panel-shadow.png</bordertexture>
                    <bordersize>5</bordersize>
                </control>
                <control type="group">
                    <top>745</top>
                    <left>85</left>
                    <control type="image">
                        <left>333</left>
                        <top>1</top>
                        <width>118</width>
                        <height>118</height>
                        <texture colordiffuse="$VAR[ColorHighlight]">globalsearch-roundbutton.png</texture>
                        <visible>Control.HasFocus(990)</visible>
                    </control>
                    <control type="image">
                        <left>372</left>
                        <top>40</top>
                        <width>40</width>
                        <height>40</height>
                        <texture colordiffuse="FFA0A0A0">globalsearch-search.png</texture>
                        <visible>Control.IsVisible(990) + !Control.HasFocus(990)</visible>
                    </control>
                    <control type="image">
                        <left>372</left>
                        <top>40</top>
                        <width>40</width>
                        <height>40</height>
                        <texture colordiffuse="FFF0F0F0">globalsearch-search.png</texture>
                        <visible>Control.HasFocus(990)</visible>
                    </control>
                    <control type="grouplist">
                        <left>20</left>
                        <top>30</top>
                        <width>442</width>
                        <align>center</align>
                        <itemgap>10</itemgap>
                        <orientation>horizontal</orientation>
                        <control type="label" id="991">
                            <width>380</width>
                            <height>55</height>
                            <aligny>center</aligny>
                            <font>Small33</font>
                            <label/>
                        </control>
                    </control>
                    <control type="button" id="990">
                        <left>77</left>
                        <top>0</top>
                        <width>500</width>
                        <height>120</height>
                        <label/>
                        <align>left</align>
                        <aligny>center</aligny>
                        <font>Small33</font>
                        <texturefocus/>
                        <texturenofocus/>
                        <onup>SetFocus(9000,99,absolute)</onup>
                        <onclick>ClearProperty(GlobalSearchWindowOpen,home)</onclick>
                        <onclick condition="String.IsEmpty(Window(home).Property(GlobalSearchWindowOpen))">SetFocus(9000)</onclick>
                        <onclick condition="String.IsEmpty(Window(home).Property(GlobalSearchWindowOpen))">SetProperty(GlobalSearchWindowOpen,1,home)</onclick>
                        <ondown>2</ondown>
                        <onleft>50</onleft>
                        <onright>50</onright>
                    </control>
                </control>
                <control type="group">
                    <top>80</top>
                    <control type="fixedlist" id="9000">
                        <left>0</left>
                        <top>135</top>
                        <width>562</width>
                        <height>840</height>
                        <movement>6</movement>
                        <onup>2</onup>
                        <ondown>990</ondown>
                        <onleft>50</onleft>
                        <onright>50</onright>
                        <scrolltime tween="cubic" easing="out">500</scrolltime>
                        <itemlayout height="64" width="462">
                            <control type="image">
                                <left>-3</left>
                                <top>1</top>
                                <width>95</width>
                                <height>95</height>
                                <texture colordiffuse="51FFFFFF">$INFO[ListItem.Icon]</texture>
                            </control>
                            <control type="label">
                                <left>84</left>
                                <width>auto</width>
                                <aligny>center</aligny>
                                <height>64</height>
                                <font>SmallBold</font>
                                <textcolor>PanelWhite70</textcolor>
                                <label>$INFO[ListItem.Label]</label>
                            </control>
                            <control type="label">
                                <left>154</left>
                                <width>340</width>
                                <aligny>center</aligny>
                                <height>64</height>
                                <align>right</align>
                                <font>Small</font>
                                <textcolor>PanelWhite70</textcolor>
                                <label>$INFO[ListItem.Label2]</label>
                            </control>
                        </itemlayout>
                        <focusedlayout height="64" width="462">
                            <control type="image">
                                <width>518</width>
                                <height>100%</height>
                                <texture border="8" colordiffuse="Dark2">common/box.png</texture>
                                <include>ListViewScrollAnim</include>
                            </control>
                            <control type="label">
                                <left>84</left>
                                <width>200</width>
                                <aligny>center</aligny>
                                <height>64</height>
                                <font>SmallBold</font>
                                <label>$INFO[ListItem.Label]</label>
                                <textcolor>Light1</textcolor>
                                <selectedcolor>Light1</selectedcolor>
                            </control>
                            <control type="label">
                                <left>154</left>
                                <width>340</width>
                                <aligny>center</aligny>
                                <height>64</height>
                                <align>right</align>
                                <font>Small</font>
                                <textcolor>Light1</textcolor>
                                <selectedcolor>Light1</selectedcolor>
                                <label>$INFO[ListItem.Label2]</label>
                            </control>
                        </focusedlayout>
                    </control>
                </control>
                <control type="panel" id="50">
                    <left>512</left>
                    <top>205</top>
                    <width>1900</width>
                    <height>674</height>
                    <onleft>9000</onleft>
                    <onright>1645</onright>
                    <pagecontrol>1645</pagecontrol>
                    <viewtype label="536">icon</viewtype>
                    <preloaditems>4</preloaditems>
                    <onfocus condition="String.IsEmpty(Window(home).Property(GlobalSearchWindowOpen))">SetFocus(9000)</onfocus>
                    <onfocus condition="String.IsEmpty(Window(home).Property(GlobalSearchWindowOpen))">DOWN</onfocus>
                    <onfocus condition="String.IsEmpty(Window(home).Property(GlobalSearchWindowOpen))">UP</onfocus>
                    <onfocus condition="String.IsEmpty(Window(home).Property(GlobalSearchWindowOpen))">SetProperty(GlobalSearchWindowOpen,1,home)</onfocus>
                    <animation effect="fade" time="200">VisibleChange</animation>
                    <include>ScrolltimeViewsList</include>
                    <itemlayout height="337" width="444" condition="Container.Content(episodes) | Container.Content(musicvideos)">
                        <control type="group">
                            <height>245</height>
                            <include content="include.widget.landscape">
                                <param name="id" value="50"/>
                                <param name="indicatorbackground" value="true"/>
                                <param name="height" value="245"/>
                            </include>
                        </control>
                        <control type="label">
                            <font>Tiny</font>
                            <left>15</left>
                            <right>15</right>
                            <bottom>40</bottom>
                            <align>left</align>
                            <textcolor>Dark1</textcolor>
                            <label>$INFO[ListItem.Label]</label>
                        </control>
                        <control type="label">
                            <font>Tiny</font>
                            <left>15</left>
                            <right>15</right>
                            <bottom>40</bottom>
                            <align>right</align>
                            <textcolor>Dark2</textcolor>
                            <label>$VAR[RatingLabel]</label>
                        </control>
                        <control type="label">
                            <font>Mini</font>
                            <left>15</left>
                            <right>15</right>
                            <bottom>3</bottom>
                            <align>left</align>
                            <textcolor>Dark2</textcolor>
                            <label>$VAR[LabelYear]</label>
                        </control>
                        <control type="label">
                            <font>Mini</font>
                            <left>15</left>
                            <right>15</right>
                            <bottom>3</bottom>
                            <align>right</align>
                            <textcolor>Dark2</textcolor>
                            <label>$VAR[LabelDuration]</label>
                        </control>
                    </itemlayout>
                    <itemlayout height="337" width="222" condition="Container.Content(movies) | Container.Content(tvshows) | Container.Content(seasons)">
                        <control type="group">
                            <height>325</height>
                            <include content="include.widget.poster">
                                <param name="id" value="50"/>
                                <param name="indicatorbackground" value="true"/>
                                <param name="visible_title_overlay" value="Skin.HasSetting(view.title.overlay)"/>
                            </include>
                        </control>                        
                    </itemlayout>
                    <itemlayout height="337" width="299.33" condition="Container.Content(artists) | Container.Content(albums) | Container.Content(songs) | Container.Content(actors) | Container.Content(directors) | Container.Content(livetv)">
                        <control type="group">
                            <height>280</height>
                            <width>280</width>
                            <include content="include.widget.landscape">
                                <param name="id" value="50"/>
                                <param name="height" value="280"/>
                            </include>
                        </control>
                        <control type="label">
                            <left>15</left>
                            <right>30</right>
                            <bottom>20</bottom>
                            <height>50</height>
                            <align>center</align>
                            <font>Tiny</font>
                            <label>$INFO[ListItem.Label]</label>
                            <textcolor>Dark1</textcolor>
                        </control>
                    </itemlayout>
                    <focusedlayout height="337" width="222" condition="Container.Content(movies) | Container.Content(tvshows) | Container.Content(seasons)">
                        <control type="group">
                            <height>325</height>
                            <include content="include.widget.poster.focus">
                                <param name="id" value="50"/>
                                <param name="indicatorbackground" value="true"/>
                                <param name="visible_title_overlay" value="Skin.HasSetting(view.title.overlay)"/>
                            </include>
                        </control>
                    </focusedlayout>
                    <focusedlayout height="337" width="444" condition="Container.Content(episodes) | Container.Content(musicvideos)">
                        <control type="group">
                            <height>245</height>
                            <include content="include.widget.landscape.focus">
                                <param name="id" value="50"/>
                                <param name="indicatorbackground" value="true"/>
                                <param name="height" value="245"/>
                            </include>
                        </control>
                        <control type="label">
                            <font>Tiny</font>
                            <left>15</left>
                            <right>15</right>
                            <bottom>40</bottom>
                            <align>left</align>
                            <textcolor>Dark1</textcolor>
                            <label>$INFO[ListItem.Label]</label>
                        </control>
                        <control type="label">
                            <font>Tiny</font>
                            <left>15</left>
                            <right>15</right>
                            <bottom>40</bottom>
                            <align>right</align>
                            <textcolor>Dark2</textcolor>
                            <label>$VAR[RatingLabel]</label>
                        </control>
                        <control type="label">
                            <font>Mini</font>
                            <left>15</left>
                            <right>15</right>
                            <bottom>3</bottom>
                            <align>left</align>
                            <textcolor>Dark2</textcolor>
                            <label>$VAR[LabelYear]</label>
                        </control>
                        <control type="label">
                            <font>Mini</font>
                            <left>15</left>
                            <right>15</right>
                            <bottom>3</bottom>
                            <align>right</align>
                            <textcolor>Dark2</textcolor>
                            <label>$VAR[LabelDuration]</label>
                        </control>
                    </focusedlayout>
                    <focusedlayout height="337" width="299.33" condition="Container.Content(artists) | Container.Content(albums) | Container.Content(songs) | Container.Content(actors) | Container.Content(directors) | Container.Content(livetv)">
                        <control type="group">
                            <height>280</height>
                            <width>280</width>
                            <include content="include.widget.landscape.focus">
                                <param name="id" value="50"/>
                                <param name="height" value="280"/>
                            </include>
                        </control>
                        <control type="label">
                            <left>15</left>
                            <right>30</right>
                            <bottom>20</bottom>
                            <height>50</height>
                            <align>center</align>
                            <font>Tiny</font>
                            <label>$INFO[ListItem.Label]</label>
                            <textcolor>Dark1</textcolor>
                        </control>
                    </focusedlayout>
                    <control type="scrollbar" id="1645">
                        <include content="scrollbar_vertical">
                            <param name="scrollid" value="1645"/>
                        </include>
                    </control>
                </control>
                <control type="label" id="999">
                    <left>436</left>
                    <top>0</top>
                    <width>1484</width>
                    <height>1080</height>
                    <align>center</align>
                    <aligny>center</aligny>
                    <font>Small33</font>
                    <label>$LOCALIZE[284]</label>
                </control>
            </control>
            <include>Furniture_Flags</include>
        </control>
    </controls>
</window>
