<?xml version="1.0" encoding="UTF-8"?>
<window id="3033">
    <defaultcontrol always="true">1000</defaultcontrol>
    <controls>
        <include>GlobalBackground</include>
        <include>Furniture_Header</include>
        <include>Furniture_Clock</include>
        <include>Furniture_NowPlaying</include>
        <include>Furniture_Weather</include>
        <control type="group">
            <left>SidePad</left>

            <!-- Main Menu (left) -->
            <include>Animation.Common</include>
            <left>72</left>
            <right>72</right>
            <top>208</top>
            <height>656</height>
            <control type="image">
                <left>-8</left>
                <right>0</right>
                <top>-8</top>
                <bottom>0</bottom>
                <texture border="16" colordiffuse="Panel">common/rounded-shadow8.png</texture>
            </control>
            <control type="image">
                <top>10</top>
                <left>500</left>
                <width>1</width>
                <bottom>10</bottom>
                <colordiffuse>Black12</colordiffuse>
                <texture>common/white.png</texture>
            </control>

            <control type="list" id="1000">
                <left>0</left>
                <top>140</top>
                <width>501</width>
                <height>490</height>
                <onleft>1500</onleft>
                <scrolltime>300</scrolltime>
                <itemlayout height="70" width="501">
                    <control type="label">
                        <left>30</left>
                        <width>240</width>
                        <height>70</height>
                        <aligny>center</aligny>
                        <font>Small</font>
                        <textcolor>white</textcolor>
                        <label>$INFO[ListItem.Label]</label>
                    </control>
                </itemlayout>
                <focusedlayout height="70" width="501">
                    <control type="image">
                        <height>70</height>
                        <width>1310</width>
                        <texture colordiffuse="$VAR[ColorHighlight]" border="5">common/white.png</texture>
                    </control>
                    <control type="image">
                        <height>70</height>
                        <width>1310</width>
                        <texture colordiffuse="$VAR[ColorGradient]" border="5">common/gradient-box-wide-cut.png</texture>
                    </control>
                    <control type="label">
                        <left>30</left>
                        <width>240</width>
                        <height>70</height>
                        <aligny>center</aligny>
                        <font>Small</font>
                        <textcolor>white</textcolor>
                        <label>$INFO[ListItem.Label]</label>
                    </control>
                </focusedlayout>
            </control>

            <!-- Line -->
            <control type="image">
                <left>530</left>
                <right>40</right>
                <top>135</top>
                <height>1</height>
                <colordiffuse>PanelWhite12</colordiffuse>
                <texture>common/white.png</texture>
                <visible>!ControlGroup(9100).HasFocus(9108)</visible>
            </control>

            <control type="group">
                <left>420</left>
                <top>0</top>
                <width>1256</width>
                <height>638</height>

                <!-- Other Content -->
                <control type="group" id="1900">
                    <left>60</left>
                    <top>140</top>
                    <width>1256</width>
                    <height>3</height>
                    <visible>String.IsEqual(Container(1000).ListItem.Property(listTyp), 1900)</visible>
                    <control type="label">
                        <left>60</left>
                        <top>20</top>
                        <width>300</width>
                        <height>20</height>
                        <textcolor>PanelWhite30</textcolor>
                        <align>left</align>
                        <aligny>center</aligny>
                        <label>$ADDON[service.coreelec.settings 606]</label>
                    </control>
                    <control type="label">
                        <left>300</left>
                        <top>20</top>
                        <width>700</width>
                        <height>20</height>
                        <textcolor>white</textcolor>
                        <align>left</align>
                        <aligny>center</aligny>
                        <label>$INFO[Window.Property(Distri)] ($INFO[Window.Property(build)])</label>
                    </control>
                    <control type="label">
                        <left>60</left>
                        <top>60</top>
                        <width>300</width>
                        <height>20</height>
                        <textcolor>PanelWhite30</textcolor>
                        <align>left</align>
                        <aligny>center</aligny>
                        <label>$ADDON[service.coreelec.settings 607]</label>
                    </control>
                    <control type="label">
                        <left>300</left>
                        <top>60</top>
                        <width>700</width>
                        <height>16</height>
                        <textcolor>white</textcolor>
                        <align>left</align>
                        <aligny>center</aligny>
                        <label>$INFO[Window.Property(Version)]</label>
                    </control>
                    <control type="label">
                        <left>60</left>
                        <top>100</top>
                        <width>300</width>
                        <height>16</height>
                        <textcolor>PanelWhite30</textcolor>
                        <align>left</align>
                        <aligny>center</aligny>
                        <label>$ADDON[service.coreelec.settings 608]</label>
                    </control>
                    <control type="label">
                        <left>300</left>
                        <top>100</top>
                        <width>700</width>
                        <height>16</height>
                        <textcolor>white</textcolor>
                        <align>left</align>
                        <aligny>center</aligny>
                        <label>$INFO[Window.Property(Arch)]</label>
                    </control>
                    <control type="textbox">
                        <left>60</left>
                        <top>150</top>
                        <width>1200</width>
                        <height>250</height>
                        <font>Tiny</font>
                        <textcolor>white</textcolor>
                        <label>$ADDON[service.coreelec.settings 609]</label>
                    </control>
                    <control type="textbox">
                        <left>60</left>
                        <top>285</top>
                        <width>1200</width>
                        <height>200</height>
                        <font>Tiny</font>
                        <textcolor>white</textcolor>
                        <label>$ADDON[service.coreelec.settings 610]</label>
                    </control>
                </control>

                <!-- simple list content -->
                <control type="list" id="1100">
                    <left>82</left>
                    <top>140</top>
                    <width>1286</width>
                    <height>490</height>
                    <onleft>1000</onleft>
                    <onright>1500</onright>
                    <scrolltime>300</scrolltime>
                    <pagecontrol>1097</pagecontrol>
                    <visible>String.IsEqual(Container(1000).ListItem.Property(listTyp), 1100)</visible>
                    <itemlayout height="70">
                        <!-- entry name and text value -->
                        <control type="group">
                            <visible>!String.IsEqual(ListItem.Property(Typ), separator)</visible>
                            <control type="label">
                                <aligny>center</aligny>
                                <textoffsetx>80</textoffsetx>
                                <width>1256</width>
                                <height>70</height>
                                <textcolor>white</textcolor>
                                <info>ListItem.Label</info>
                            </control>
                            <control type="label">
                                <align>right</align>
                                <aligny>center</aligny>
                                <textoffsetx>30</textoffsetx>
                                <width>1256</width>
                                <height>70</height>
                                <textcolor>white</textcolor>
                                <info>ListItem.Property(value)</info>
                                <visible>!String.IsEqual(ListItem.Property(Typ), bool) + !String.IsEqual(ListItem.Property(Typ), button)</visible>
                            </control>
                        </control>
                        <!-- section name / seperator -->
                        <control type="group">
                            <visible>String.IsEqual(ListItem.Property(Typ), separator)</visible>
                            <control type="image">
                                <width>1256</width>
                                <height>70</height>
                            </control>
                            <control type="label">
                                <aligny>center</aligny>
                                <textoffsetx>30</textoffsetx>
                                <width>1256</width>
                                <height>70</height>
                                <font>Button</font>
                                <textcolor>PanelWhite30</textcolor>
                                <info>ListItem.Label</info>
                                <visible>true</visible>
                            </control>
                        </control>
                        <!-- boolean value -->
                        <control type="group">
                            <visible>String.IsEqual(ListItem.Property(Typ), bool)</visible>
                            <control type="image">
                                <left>1200</left>
                                <top>20</top>
                                <width>30</width>
                                <height>30</height>
                                <texture>buttons/radio-off.png</texture>
                                <visible>String.IsEqual(ListItem.Property(value), 0) | String.IsEqual(ListItem.Property(value), false) | String.IsEmpty(ListItem.Property(value))</visible>
                            </control>
                            <control type="image">
                                <left>1200</left>
                                <top>20</top>
                                <width>30</width>
                                <height>30</height>
                                <texture>buttons/radio-on.png</texture>
                                <visible>String.IsEqual(ListItem.Property(value), 1) | String.IsEqual(ListItem.Property(value), true)</visible>
                            </control>
                        </control>
                    </itemlayout>
                    <focusedlayout height="70">
                        <!-- entry name and text value -->
                        <control type="group">
                            <visible>!String.IsEqual(ListItem.Property(Typ), separator)</visible>
                            <control type="image">
                                <height>70</height>
                                <width>1256</width>
                                <texture colordiffuse="$VAR[ColorHighlight]" border="5">common/white.png</texture>
                                <visible>Control.HasFocus(1100)</visible>
                            </control>
                            <control type="image">
                                <height>70</height>
                                <width>1256</width>
                                <texture colordiffuse="$VAR[ColorGradient]" border="5">common/gradient-box-wide-cut.png</texture>
                                <visible>Control.HasFocus(1100)</visible>
                            </control>
                            <control type="label">
                                <aligny>center</aligny>
                                <textoffsetx>80</textoffsetx>
                                <width>1256</width>
                                <height>70</height>
                                <textcolor>white</textcolor>
                                <info>ListItem.Label</info>
                            </control>
                            <control type="label">
                                <align>right</align>
                                <textoffsetx>30</textoffsetx>
                                <aligny>center</aligny>
                                <width>1256</width>
                                <height>70</height>
                                <textcolor>white</textcolor>
                                <info>ListItem.Property(value)</info>
                                <visible>!String.IsEqual(ListItem.Property(Typ), bool) + !String.IsEqual(ListItem.Property(Typ), button)</visible>
                            </control>
                        </control>
                        <!-- section name / seperator -->
                        <control type="group">
                            <visible>String.IsEqual(ListItem.Property(Typ), separator)</visible>
                            <control type="label">
                                <aligny>center</aligny>
                                <textoffsetx>30</textoffsetx>
                                <width>1256</width>
                                <height>70</height>
                                <font>Button</font>
                                <textcolor>PanelWhite30</textcolor>
                                <info>ListItem.Label</info>
                                <visible>true</visible>
                            </control>
                        </control>
                        <!-- boolean value -->
                        <control type="group">
                            <visible>String.IsEqual(ListItem.Property(Typ), bool)</visible>
                            <control type="image">
                                <left>1200</left>
                                <top>20</top>
                                <width>30</width>
                                <height>30</height>
                                <texture>buttons/radio-off.png</texture>
                                <visible>String.IsEqual(ListItem.Property(value), 0) | String.IsEqual(ListItem.Property(value), false) | String.IsEmpty(ListItem.Property(value))</visible>
                            </control>
                            <control type="image">
                                <left>1200</left>
                                <top>20</top>
                                <width>30</width>
                                <height>30</height>
                                <texture>buttons/radio-on.png</texture>
                                <visible>String.IsEqual(ListItem.Property(value), 1) | String.IsEqual(ListItem.Property(value), true)</visible>
                            </control>
                        </control>
                    </focusedlayout>
                </control>

                <!-- Network Menu Content -->
                <control type="list" id="1200">
                    <left>82</left>
                    <top>140</top>
                    <width>1256</width>
                    <height>490</height>
                    <onleft>1000</onleft>
                    <onright>1500</onright>
                    <pagecontrol>1098</pagecontrol>
                    <scrolltime>300</scrolltime>
                    <visible>String.IsEqual(Container(1000).ListItem.Property(listTyp), 1200)</visible>
                    <itemlayout height="100">
                        <!-- Icon ethernet -->
                        <control type="image">
                            <left>40</left>
                            <top>10</top>
                            <width>64</width>
                            <height>64</height>
                            <aspectratio>keep</aspectratio>
                            <visible>String.IsEqual(ListItem.Property(netType), ethernet)</visible>
                            <texture>elec/ethernet.png</texture>
                        </control>
                        <!-- Icon vpn -->
                        <control type="image">
                            <left>40</left>
                            <top>10</top>
                            <width>64</width>
                            <height>64</height>
                            <aspectratio>keep</aspectratio>
                            <visible>String.IsEqual(ListItem.Property(netType), vpn)</visible>
                            <texture>elec/vpn.png</texture>
                        </control>
                        <!-- Icon wifi -->
                        <control type="image">
                            <left>40</left>
                            <top>10</top>
                            <width>64</width>
                            <height>64</height>
                            <aspectratio>keep</aspectratio>
                            <visible>String.IsEqual(ListItem.Property(netType), wifi)</visible>
                            <texture>elec/wlan.png</texture>
                        </control>
                        <!-- Connection Name -->
                        <control type="label">
                            <left>140</left>
                            <top>20</top>
                            <width>300</width>
                            <height>20</height>
                            <font>Small</font>
                            <textcolor>white</textcolor>
                            <info>ListItem.Label</info>
                            <visible>true</visible>
                        </control>
                        <!-- Interface -->
                        <control type="label">
                            <left>140</left>
                            <top>49</top>
                            <width>300</width>
                            <height>20</height>
                            <font>Small</font>
                            <textcolor>PanelWhite30</textcolor>
                            <label>$ADDON[service.coreelec.settings 601]: [COLOR=white]$INFO[ListItem.Property(Interface)][/COLOR]</label>
                            <visible>!String.IsEmpty(ListItem.Property(Interface))</visible>
                        </control>
                        <!-- Connection Address -->
                        <control type="label">
                            <left>740</left>
                            <top>49</top>
                            <width>290</width>
                            <height>20</height>
                            <font>Small</font>
                            <textcolor>PanelWhite30</textcolor>
                            <visible>String.IsEqual(ListItem.Property(State), online) | String.IsEqual(ListItem.Property(State), ready)</visible>
                            <label>$ADDON[service.coreelec.settings 602]: [COLOR=white]$INFO[ListItem.Property(Address)][/COLOR]</label>
                        </control>
                        <!-- Method -->
                        <control type="label">
                            <left>500</left>
                            <top>49</top>
                            <width>200</width>
                            <height>20</height>
                            <font>Small</font>
                            <textcolor>PanelWhite30</textcolor>
                            <label>$ADDON[service.coreelec.settings 603]: [COLOR=white]$INFO[ListItem.Property(Method)][/COLOR]</label>
                        </control>
                        <!-- State -->
                        <control type="label">
                            <left>500</left>
                            <top>20</top>
                            <width>200</width>
                            <height>20</height>
                            <font>Small</font>
                            <textcolor>PanelWhite30</textcolor>
                            <label>$ADDON[service.coreelec.settings 604]: [COLOR=white]$INFO[ListItem.Property(State)][/COLOR]</label>
                        </control>
                        <!-- Signal strength value -->
                        <control type="label">
                            <left>1050</left>
                            <top>49</top>
                            <width>40</width>
                            <height>20</height>
                            <font>Small</font>
                            <align>right</align>
                            <textcolor>white</textcolor>
                            <info>ListItem.Property(Strength)</info>
                            <visible>String.IsEqual(ListItem.Property(netType), wifi)</visible>
                        </control>
                        <!-- Online Symbol (top right) -->
                        <control type="image">
                            <left>1190</left>
                            <top>16</top>
                            <width>32</width>
                            <height>32</height>
                            <aspectratio>keep</aspectratio>
                            <visible>String.IsEqual(ListItem.Property(State), online)</visible>
                            <texture>elec/connected.png</texture>
                        </control>
                        <!-- Favorite Symbol (bottom right) -->
                        <control type="image">
                            <left>1190</left>
                            <top>48</top>
                            <width>32</width>
                            <height>32</height>
                            <aspectratio>keep</aspectratio>
                            <visible>String.IsEqual(ListItem.Property(Favorite), 1)</visible>
                            <texture>elec/favorites.png</texture>
                        </control>
                        <!-- Secure Symbol (bottom right) -->
                        <control type="image">
                            <left>1140</left>
                            <top>48</top>
                            <width>32</width>
                            <height>32</height>
                            <aspectratio>keep</aspectratio>
                            <visible>Integer.IsGreater(ListItem.Property(Security), 0)</visible>
                            <texture>elec/key.png</texture>
                        </control>
                        <!-- Insecure Symbol (bottom right) -->
                        <control type="image">
                            <left>1140</left>
                            <top>48</top>
                            <width>32</width>
                            <height>32</height>
                            <aspectratio>keep</aspectratio>
                            <visible>Integer.IsEqual(ListItem.Property(Security), 0)</visible>
                            <texture>elec/unlock.png</texture>
                        </control>
                    </itemlayout>
                    <focusedlayout height="100">
                        <control type="image">
                            <height>100</height>
                            <width>1256</width>
                            <texture colordiffuse="$VAR[ColorHighlight]" border="5">common/white.png</texture>
                            <visible>Control.HasFocus(1200)</visible>
                        </control>
                        <control type="image">
                            <height>100</height>
                            <width>1256</width>
                            <texture colordiffuse="$VAR[ColorGradient]" border="5">common/gradient-box-wide-cut.png</texture>
                            <visible>Control.HasFocus(1200)</visible>
                        </control>
                        <!-- Icon ethernet -->
                        <control type="image">
                            <left>40</left>
                            <top>10</top>
                            <width>64</width>
                            <height>64</height>
                            <aspectratio>keep</aspectratio>
                            <visible>String.IsEqual(ListItem.Property(netType), ethernet)</visible>
                            <texture>elec/ethernet.png</texture>
                        </control>
                        <!-- Icon vpn -->
                        <control type="image">
                            <left>40</left>
                            <top>10</top>
                            <width>64</width>
                            <height>64</height>
                            <aspectratio>keep</aspectratio>
                            <visible>String.IsEqual(ListItem.Property(netType), vpn)</visible>
                            <texture>elec/vpn.png</texture>
                        </control>
                        <!-- Icon wifi -->
                        <control type="image">
                            <left>40</left>
                            <top>10</top>
                            <width>64</width>
                            <height>64</height>
                            <aspectratio>keep</aspectratio>
                            <visible>String.IsEqual(ListItem.Property(netType), wifi)</visible>
                            <texture>elec/wlan.png</texture>
                        </control>
                        <!-- Connection Name -->
                        <control type="label">
                            <left>140</left>
                            <top>20</top>
                            <width>300</width>
                            <height>20</height>
                            <font>Small</font>
                            <textcolor>white</textcolor>
                            <info>ListItem.Label</info>
                            <visible>true</visible>
                        </control>
                        <!-- Interface -->
                        <control type="label">
                            <left>140</left>
                            <top>49</top>
                            <width>300</width>
                            <height>20</height>
                            <font>Small</font>
                            <textcolor>PanelWhite30</textcolor>
                            <label>$ADDON[service.coreelec.settings 601]: [COLOR=white]$INFO[ListItem.Property(Interface)][/COLOR]</label>
                            <visible>!String.IsEmpty(ListItem.Property(Interface))</visible>
                        </control>
                        <!-- Connection Address -->
                        <control type="label">
                            <left>740</left>
                            <top>49</top>
                            <width>290</width>
                            <height>20</height>
                            <font>Small</font>
                            <textcolor>PanelWhite30</textcolor>
                            <visible>String.IsEqual(ListItem.Property(State), online) | String.IsEqual(ListItem.Property(State), ready)</visible>
                            <label>$ADDON[service.coreelec.settings 602]: [COLOR=white]$INFO[ListItem.Property(Address)][/COLOR]</label>
                        </control>
                        <!-- Method -->
                        <control type="label">
                            <left>500</left>
                            <top>49</top>
                            <width>200</width>
                            <height>20</height>
                            <font>Small</font>
                            <textcolor>PanelWhite30</textcolor>
                            <label>$ADDON[service.coreelec.settings 603]: [COLOR=white]$INFO[ListItem.Property(Method)][/COLOR]</label>
                        </control>
                        <!-- State -->
                        <control type="label">
                            <left>500</left>
                            <top>20</top>
                            <width>200</width>
                            <height>20</height>
                            <font>Small</font>
                            <textcolor>PanelWhite30</textcolor>
                            <label>$ADDON[service.coreelec.settings 604]: [COLOR=white]$INFO[ListItem.Property(State)][/COLOR]</label>
                        </control>
                        <!-- Signal strength value -->
                        <control type="label">
                            <left>1050</left>
                            <top>49</top>
                            <width>40</width>
                            <height>20</height>
                            <font>Small</font>
                            <align>right</align>
                            <textcolor>white</textcolor>
                            <info>ListItem.Property(Strength)</info>
                            <visible>String.IsEqual(ListItem.Property(netType), wifi)</visible>
                        </control>
                        <!-- Online Symbol (top right) -->
                        <control type="image">
                            <left>1190</left>
                            <top>16</top>
                            <width>32</width>
                            <height>32</height>
                            <aspectratio>keep</aspectratio>
                            <visible>String.IsEqual(ListItem.Property(State), online)</visible>
                            <texture>elec/connected.png</texture>
                        </control>
                        <!-- Favorite Symbol (bottom right) -->
                        <control type="image">
                            <left>1190</left>
                            <top>48</top>
                            <width>32</width>
                            <height>32</height>
                            <aspectratio>keep</aspectratio>
                            <visible>String.IsEqual(ListItem.Property(Favorite), 1)</visible>
                            <texture>elec/favorites.png</texture>
                        </control>
                        <!-- Secure Symbol (bottom right) -->
                        <control type="image">
                            <left>1140</left>
                            <top>48</top>
                            <width>32</width>
                            <height>32</height>
                            <aspectratio>keep</aspectratio>
                            <visible>Integer.IsGreater(ListItem.Property(Security), 0)</visible>
                            <texture>elec/key.png</texture>
                        </control>
                        <!-- Insecure Symbol (bottom right) -->
                        <control type="image">
                            <left>1140</left>
                            <top>48</top>
                            <width>32</width>
                            <height>32</height>
                            <aspectratio>keep</aspectratio>
                            <visible>Integer.IsEqual(ListItem.Property(Security), 0)</visible>
                            <texture>elec/unlock.png</texture>
                        </control>
                    </focusedlayout>
                </control>
                <!-- Bluetooth Menu Content -->
                <control type="label" id="1301">
                    <align>center</align>
                    <aligny>center</aligny>
                    <top>20</top>
                    <width>1316</width>
                    <height>602</height>
                    <info />
                    <align>center</align>
                    <visible>String.IsEqual(Container(1000).ListItem.Property(listTyp), 1300) + String.IsEqual(Container(1300).NumItems, 0)</visible>
                </control>
                <control type="list" id="1300">
                    <left>82</left>
                    <top>140</top>
                    <width>1256</width>
                    <height>490</height>
                    <onleft>1000</onleft>
                    <onright>1500</onright>
                    <pagecontrol>1099</pagecontrol>
                    <scrolltime>300</scrolltime>
                    <visible>String.IsEqual(Container(1000).ListItem.Property(listTyp), 1300)</visible>
                    <itemlayout height="100">
                        <!-- default -->
                        <control type="image">
                            <left>40</left>
                            <top>10</top>
                            <width>64</width>
                            <height>64</height>
                            <aspectratio>keep</aspectratio>
                            <visible>String.IsEqual(ListItem.Property(Icon), default)</visible>
                            <texture>elec/bluetooth.png</texture>
                        </control>
                        <!-- modem -->
                        <control type="image">
                            <left>40</left>
                            <top>10</top>
                            <width>64</width>
                            <height>64</height>
                            <aspectratio>keep</aspectratio>
                            <visible>String.IsEqual(ListItem.Property(Icon), modem)</visible>
                            <texture>elec/bluetooth.png</texture>
                        </control>
                        <!-- audio -->
                        <control type="image">
                            <left>40</left>
                            <top>10</top>
                            <width>64</width>
                            <height>64</height>
                            <aspectratio>keep</aspectratio>
                            <visible>String.IsEqual(ListItem.Property(Icon), audio-card)</visible>
                            <texture>elec/bluetooth.png</texture>
                        </control>
                        <!-- Camera Photo -->
                        <control type="image">
                            <left>40</left>
                            <top>10</top>
                            <width>64</width>
                            <height>64</height>
                            <aspectratio>keep</aspectratio>
                            <visible>String.IsEqual(ListItem.Property(Icon), camera-photo)</visible>
                            <texture>elec/bluetooth.png</texture>
                        </control>
                        <!-- Icon phone -->
                        <control type="image">
                            <left>40</left>
                            <top>10</top>
                            <width>64</width>
                            <height>64</height>
                            <aspectratio>keep</aspectratio>
                            <visible>String.IsEqual(ListItem.Property(Icon), phone)</visible>
                            <texture>elec/bluetooth.png</texture>
                        </control>
                        <!-- camera-video -->
                        <control type="image">
                            <left>40</left>
                            <top>10</top>
                            <width>64</width>
                            <height>64</height>
                            <aspectratio>keep</aspectratio>
                            <visible>String.IsEqual(ListItem.Property(Icon), camera-video)</visible>
                            <texture>elec/bluetooth.png</texture>
                        </control>
                        <!-- input-mouse -->
                        <control type="image">
                            <left>40</left>
                            <top>10</top>
                            <width>64</width>
                            <height>64</height>
                            <aspectratio>keep</aspectratio>
                            <visible>String.IsEqual(ListItem.Property(Icon), input-mouse)</visible>
                            <texture>elec/bluetooth.png</texture>
                        </control>
                        <!-- input-gaming -->
                        <control type="image">
                            <left>40</left>
                            <top>10</top>
                            <width>64</width>
                            <height>64</height>
                            <aspectratio>keep</aspectratio>
                            <visible>String.IsEqual(ListItem.Property(Icon), input-gaming)</visible>
                            <texture>elec/bluetooth.png</texture>
                        </control>
                        <!-- input-keyboard -->
                        <control type="image">
                            <left>40</left>
                            <top>10</top>
                            <width>64</width>
                            <height>64</height>
                            <aspectratio>keep</aspectratio>
                            <visible>String.IsEqual(ListItem.Property(Icon), input-keyboard)</visible>
                            <texture>elec/bluetooth.png</texture>
                        </control>
                        <!-- input-tablet -->
                        <control type="image">
                            <left>40</left>
                            <top>10</top>
                            <width>64</width>
                            <height>64</height>
                            <aspectratio>keep</aspectratio>
                            <visible>String.IsEqual(ListItem.Property(Icon), input-tablet)</visible>
                            <texture>elec/bluetooth.png</texture>
                        </control>
                        <!-- Printer -->
                        <control type="image">
                            <left>40</left>
                            <top>10</top>
                            <width>64</width>
                            <height>64</height>
                            <aspectratio>keep</aspectratio>
                            <visible>String.IsEqual(ListItem.Property(Icon), printer)</visible>
                            <texture>elec/bluetooth.png</texture>
                        </control>
                        <!-- Computer -->
                        <control type="image">
                            <left>40</left>
                            <top>10</top>
                            <width>64</width>
                            <height>64</height>
                            <aspectratio>keep</aspectratio>
                            <visible>String.IsEqual(ListItem.Property(Icon), computer)</visible>
                            <texture>elec/bluetooth.png</texture>
                        </control>
                        <!-- Connection Name -->
                        <control type="label">
                            <left>140</left>
                            <top>20</top>
                            <width>490</width>
                            <height>30</height>
                            <font>Small</font>
                            <textcolor>white</textcolor>
                            <info>ListItem.Label</info>
                            <visible>true</visible>
                        </control>
                        <!-- Connection Address -->
                        <control type="label">
                            <left>650</left>
                            <top>49</top>
                            <width>340</width>
                            <height>20</height>
                            <font>Small</font>
                            <textcolor>PanelWhite30</textcolor>
                            <label>$ADDON[service.coreelec.settings 605]: [COLOR=white]$INFO[ListItem.Property(Address)][/COLOR]</label>
                        </control>
                        <!-- Connected State -->
                        <control type="label">
                            <left>650</left>
                            <top>20</top>
                            <width>340</width>
                            <height>20</height>
                            <font>Small</font>
                            <textcolor>PanelWhite30</textcolor>
                            <label>$ADDON[service.coreelec.settings 32333][COLOR=white]$INFO[ListItem.Property(ConnectedState)][/COLOR]</label>
                        </control>
                        <!-- Paired Symbol (bottom right) -->
                        <control type="image">
                            <left>1190</left>
                            <top>16</top>
                            <width>32</width>
                            <height>32</height>
                            <aspectratio>keep</aspectratio>
                            <visible>String.IsEqual(ListItem.Property(Paired), 1)</visible>
                            <texture>icons/Favorite.png</texture>
                        </control>
                        <!-- Trusted Symbol (bottom right) -->
                        <control type="image">
                            <left>1140</left>
                            <top>48</top>
                            <width>32</width>
                            <height>32</height>
                            <aspectratio>keep</aspectratio>
                            <visible>Integer.IsGreater(ListItem.Property(Trusted), 0)</visible>
                            <texture>elec/key.png</texture>
                        </control>
                    </itemlayout>
                    <focusedlayout height="100">
                        <control type="image">
                            <height>100</height>
                            <width>1256</width>
                            <texture colordiffuse="$VAR[ColorHighlight]" border="5">common/white.png</texture>
                            <visible>Control.HasFocus(1300)</visible>
                        </control>
                        <control type="image">
                            <height>100</height>
                            <width>1256</width>
                            <texture colordiffuse="$VAR[ColorGradient]" border="5">common/gradient-box-wide-cut.png</texture>
                            <visible>Control.HasFocus(1300)</visible>
                        </control>
                        <!-- default -->
                        <control type="image">
                            <left>40</left>
                            <top>10</top>
                            <width>64</width>
                            <height>64</height>
                            <aspectratio>keep</aspectratio>
                            <visible>String.IsEqual(ListItem.Property(Icon), default)</visible>
                            <texture>elec/bluetooth.png</texture>
                        </control>
                        <!-- modem -->
                        <control type="image">
                            <left>40</left>
                            <top>10</top>
                            <width>64</width>
                            <height>64</height>
                            <aspectratio>keep</aspectratio>
                            <visible>String.IsEqual(ListItem.Property(Icon), modem)</visible>
                            <texture>elec/bluetooth.png</texture>
                        </control>
                        <!-- audio -->
                        <control type="image">
                            <left>40</left>
                            <top>10</top>
                            <width>64</width>
                            <height>64</height>
                            <aspectratio>keep</aspectratio>
                            <visible>String.IsEqual(ListItem.Property(Icon), audio-card)</visible>
                            <texture>elec/bluetooth.png</texture>
                        </control>
                        <!-- Camera Photo -->
                        <control type="image">
                            <left>40</left>
                            <top>10</top>
                            <width>64</width>
                            <height>64</height>
                            <aspectratio>keep</aspectratio>
                            <visible>String.IsEqual(ListItem.Property(Icon), camera-photo)</visible>
                            <texture>elec/bluetooth.png</texture>
                        </control>
                        <!-- Icon phone -->
                        <control type="image">
                            <left>40</left>
                            <top>10</top>
                            <width>64</width>
                            <height>64</height>
                            <aspectratio>keep</aspectratio>
                            <visible>String.IsEqual(ListItem.Property(Icon), phone)</visible>
                            <texture>elec/bluetooth.png</texture>
                        </control>
                        <!-- camera-video -->
                        <control type="image">
                            <left>40</left>
                            <top>10</top>
                            <width>64</width>
                            <height>64</height>
                            <aspectratio>keep</aspectratio>
                            <visible>String.IsEqual(ListItem.Property(Icon), camera-video)</visible>
                            <texture>elec/bluetooth.png</texture>
                        </control>
                        <!-- input-mouse -->
                        <control type="image">
                            <left>40</left>
                            <top>10</top>
                            <width>64</width>
                            <height>64</height>
                            <aspectratio>keep</aspectratio>
                            <visible>String.IsEqual(ListItem.Property(Icon), input-mouse)</visible>
                            <texture>elec/bluetooth.png</texture>
                        </control>
                        <!-- input-gaming -->
                        <control type="image">
                            <left>40</left>
                            <top>10</top>
                            <width>64</width>
                            <height>64</height>
                            <aspectratio>keep</aspectratio>
                            <visible>String.IsEqual(ListItem.Property(Icon), input-gaming)</visible>
                            <texture>elec/bluetooth.png</texture>
                        </control>
                        <!-- input-keyboard -->
                        <control type="image">
                            <left>40</left>
                            <top>10</top>
                            <width>64</width>
                            <height>64</height>
                            <aspectratio>keep</aspectratio>
                            <visible>String.IsEqual(ListItem.Property(Icon), input-keyboard)</visible>
                            <texture>elec/bluetooth.png</texture>
                        </control>
                        <!-- input-tablet -->
                        <control type="image">
                            <left>40</left>
                            <top>10</top>
                            <width>64</width>
                            <height>64</height>
                            <aspectratio>keep</aspectratio>
                            <visible>String.IsEqual(ListItem.Property(Icon), input-tablet)</visible>
                            <texture>elec/bluetooth.png</texture>
                        </control>
                        <!-- Printer -->
                        <control type="image">
                            <left>40</left>
                            <top>10</top>
                            <width>64</width>
                            <height>64</height>
                            <aspectratio>keep</aspectratio>
                            <visible>String.IsEqual(ListItem.Property(Icon), printer)</visible>
                            <texture>elec/bluetooth.png</texture>
                        </control>
                        <!-- Computer -->
                        <control type="image">
                            <left>40</left>
                            <top>10</top>
                            <width>64</width>
                            <height>64</height>
                            <aspectratio>keep</aspectratio>
                            <visible>String.IsEqual(ListItem.Property(Icon), computer)</visible>
                            <texture>elec/bluetooth.png</texture>
                        </control>
                        <!-- Connection Name -->
                        <control type="label">
                            <left>140</left>
                            <top>20</top>
                            <width>490</width>
                            <height>30</height>
                            <font>Small</font>
                            <textcolor>white</textcolor>
                            <info>ListItem.Label</info>
                            <visible>true</visible>
                        </control>
                        <!-- Connection Address -->
                        <control type="label">
                            <left>650</left>
                            <top>49</top>
                            <width>340</width>
                            <height>20</height>
                            <font>Small</font>
                            <textcolor>PanelWhite30</textcolor>
                            <label>$ADDON[service.coreelec.settings 605]: [COLOR=white]$INFO[ListItem.Property(Address)][/COLOR]</label>
                        </control>
                        <!-- Connected State -->
                        <control type="label">
                            <left>650</left>
                            <top>20</top>
                            <width>340</width>
                            <height>20</height>
                            <font>Small</font>
                            <textcolor>PanelWhite30</textcolor>
                            <label>$ADDON[service.coreelec.settings 32333][COLOR=white]$INFO[ListItem.Property(ConnectedState)][/COLOR]</label>
                        </control>
                        <!-- Paired Symbol (bottom right) -->
                        <control type="image">
                            <left>1190</left>
                            <top>16</top>
                            <width>32</width>
                            <height>32</height>
                            <aspectratio>keep</aspectratio>
                            <visible>String.IsEqual(ListItem.Property(Paired), 1)</visible>
                            <texture>elec/Favorite.png</texture>
                        </control>
                        <!-- Trusted Symbol (bottom right) -->
                        <control type="image">
                            <left>1140</left>
                            <top>48</top>
                            <width>32</width>
                            <height>32</height>
                            <aspectratio>keep</aspectratio>
                            <visible>Integer.IsGreater(ListItem.Property(Trusted), 0)</visible>
                            <texture>elec/key.png</texture>
                        </control>
                    </focusedlayout>
                </control>
            </control>
            
            <!-- Buttons -->
            <control type="grouplist">
                <right>40</right>
                <top>550</top>
                <height>66</height>
                <width>670</width>
                <orientation>horizontal</orientation>
                <itemgap>30</itemgap>
                <control type="button" id="1501">
                    <width>320</width>
                    <font>Button</font>
                    <texturefocus colordiffuse="$VAR[ColorHighlight]" border="5">common/box.png</texturefocus>
                    <texturenofocus colordiffuse="Black12" border="5">common/box.png</texturenofocus>
                    <label />
                    <onup>1100</onup>
                    <ondown>1100</ondown>
                    <onleft>1500</onleft>
                    <onright>1500</onright>
                    <visible>!String.IsEmpty(Control.GetLabel(1501))</visible>
                </control>
                <control type="button" id="1500">
                    <width>320</width>
                    <font>Button</font>
                    <texturefocus colordiffuse="$VAR[ColorHighlight]" border="5">common/box.png</texturefocus>
                    <texturenofocus colordiffuse="Black12" border="5">common/box.png</texturenofocus>
                    <label />
                    <onup>1100</onup>
                    <ondown>1100</ondown>
                    <onleft>1501</onleft>
                    <onright>1501</onright>
                    <visible>!String.IsEmpty(Control.GetLabel(1500))</visible>
                </control>
            </control>

            <!-- Header -->
            <control type="label">
                <left>30</left>
                <width>390</width>
                <posy>18</posy>
                <font>MediumBold</font>
                <label>5</label>
                <textcolor>PanelWhite100</textcolor>
            </control>
            <control type="label">
                <left>30</left>
                <right>30</right>
                <posy>77</posy>
                <height>30</height>
                <font>Tiny</font>
                <textcolor>PanelWhite70</textcolor>
                <scroll>true</scroll>
                <align>left</align>
                <textoffsetx>0</textoffsetx>
                <label>$INFO[System.ProfileName]</label>
            </control>
            <control type="group">
                <visible>!ControlGroup(9100).HasFocus(9108)</visible>
                <control type="label">
                    <left>540</left>
                    <width>390</width>
                    <posy>18</posy>
                    <font>MediumBold</font>
                    <label>$ADDON[service.coreelec.settings 32363]</label>
                    <textcolor>PanelWhite100</textcolor>
                </control>
                <control type="label" id="1400">
                    <left>540</left>
                    <right>30</right>
                    <posy>77</posy>
                    <height>30</height>
                    <label>$INFO[Window.Property(InfoText)]</label>
                    <align>left</align>
                    <font>Tiny</font>
                    <textcolor>PanelWhite70</textcolor>
                    <scroll>true</scroll>
                    <align>left</align>
                    <textoffsetx>0</textoffsetx>
                </control>
            </control>

            <control type="image">
                <description>LOGO</description>
                <left>0</left>
                <top>670</top>
                <width>360</width>
                <height>150</height>
                <aspectratio>keep</aspectratio>
                <texture>/usr/share/kodi/addons/service.coreelec.settings/resources/skins/Default/media/logo.png</texture>
            </control>
        </control>
    </controls>
</window>
