<?xml version="1.0" encoding="UTF-8"?>
<!-- Foundation -->
<window id="12">
    <defaultcontrol always="true">3</defaultcontrol>
    <backgroundcolor>0</backgroundcolor>
    <controls>
        <include>GlobalBackground</include>
        <include>Furniture_Clock</include>
        <include>Furniture_Header</include>
        <include>Furniture_NowPlaying</include>
        <include>Furniture_Weather</include>
        <control type="group">
            <include>Animation.Common</include>
            <left>72</left>
            <right>72</right>
            <top>208</top>
            <height>656</height>
            <control type="image">
                <width>100%</width>
                <height>100%</height>
                <texture border="16" colordiffuse="Panel">common/rounded-shadow8.png</texture>
            </control>
            <include content="Def_Gradient_Settings_Image">
                <param name="controlid" value="5"/>
                <param name="left" value="458"/>
                <param name="top" value="148"/>
                <param name="overlayfix" value="true"/>
            </include>
            <include content="Def_Gradient_Settings_Image">
                <param name="controlid" value="3"/>
                <param name="left" value="88"/>
                <param name="top" value="148"/>
                <param name="width" value="370"/>
                <param name="overlayfix" value="true"/>
            </include>
            <control type="group">
                <left>8</left>
                <right>8</right>
                <top>8</top>
                <bottom>8</bottom>
                <control type="image">
                    <top>0</top>
                    <left>0</left>
                    <width>80</width>
                    <bottom>0</bottom>
                    <colordiffuse>PanelWhite12</colordiffuse>
                    <texture border="5">common/box.png</texture>
                    <animation effect="fade" end="50" start="100" time="0" condition="true">Conditional</animation>
                </control>
                
                <!-- Right Group -->
                <control type="grouplist" id="5">
                    <scrolltime>0</scrolltime>
                    <description>Control Area</description>
                    <left>500</left>
                    <right>0</right>
                    <top>140</top>
                    <bottom>10</bottom>
                    <itemgap>0</itemgap>
                    <onleft>3</onleft>
                    <onup>5</onup>
                    <ondown>5</ondown>
                    <orientation>vertical</orientation>
                </control>

                <!-- Left Group -->
                <control type="grouplist" id="3">
                    <description>Button Area</description>
                    <width>370</width>
                    <top>140</top>
                    <left>80</left>
                    <bottom>10</bottom>
                    <itemgap>0</itemgap>
                    <onright>5</onright>
                    <onleft>20</onleft>
                    <ondown>3</ondown>
                    <orientation>vertical</orientation>
                </control>

                <!-- Lines -->
                <control type="image">
                    <top>10</top>
                    <left>450</left>
                    <width>1</width>
                    <bottom>10</bottom>
                    <colordiffuse>PanelWhite12</colordiffuse>
                    <texture>common/white.png</texture>
                </control>

                <!-- Header -->
                <control type="label">
                    <left>110</left>
                    <width>390</width>
                    <posy>18</posy>
                    <font>MediumBold</font>
                    <label>5</label>
                    <textcolor>PanelWhite100</textcolor>
                </control>
                <control type="label">
                    <left>110</left>
                    <right>30</right>
                    <posy>77</posy>
                    <height>30</height>
                    <font>Tiny</font>
                    <textcolor>PanelWhite70</textcolor>
                    <scroll>true</scroll>
                    <align>left</align>
                    <textoffsetx>0</textoffsetx>
                    <label>$INFO[System.ProfileName]</label>
                </control>
                <control type="group">
                    <width>641</width>
                    <top>-80</top>
                    <visible>Control.HasFocus(20)</visible>
                    <animation effect="rotate" condition="true" start="0" end="270" time="0">Conditional</animation>
                    <control type="image">
                        <width>100%</width>
                        <height>80</height>
                        <texture colordiffuse="$VAR[ColorHighlight]" border="5">common/box.png</texture>
                    </control>
                    <control type="image">
                        <width>100%</width>
                        <height>80</height>
                        <texture colordiffuse="$VAR[ColorGradient]" border="5">common/gradient-box-wide.png</texture>
                    </control>
                </control>
                <control type="button" id="20">
                    <left>-260</left>
                    <right>30</right>
                    <posy>305</posy>
                    <height>30</height>
                    <font>Tiny</font>
                    <width>600</width>
                    <textcolor>PanelWhite70</textcolor>
                    <align>center</align>
                    <textoffsetx>0</textoffsetx>
                    <texturenofocus />
                    <texturefocus />
                    <focusedcolor>PanelWhite100</focusedcolor>
                    <ondown>3</ondown>
                    <onright>3</onright>
                    <onup>3</onup>
                    <onclick>SettingsLevelChange</onclick>
                    <animation effect="rotate" condition="true" start="360" end="270" loop="false" time="0" center="auto">Conditional</animation>
                </control>
                <control type="label">
                    <left>480</left>
                    <width>390</width>
                    <posy>18</posy>
                    <font>MediumBold</font>
                    <label>$VAR[Label_SettingsHeader]</label>
                    <textcolor>PanelWhite100</textcolor>
                </control>
                <control type="label" id="6">
                    <left>480</left>
                    <right>30</right>
                    <posy>77</posy>
                    <height>30</height>
                    <font>Tiny</font>
                    <textcolor>PanelWhite70</textcolor>
                    <scroll>true</scroll>
                </control>
                <control type="image">
                    <left>480</left>
                    <right>30</right>
                    <top>135</top>
                    <height>1</height>
                    <colordiffuse>PanelWhite12</colordiffuse>
                    <texture>common/white.png</texture>
                </control>
            </control>
        </control>
        <control type="button" id="7">
            <description>Default Button</description>
            <include>DefSettingsButtonGradient</include>
        </control>
        <control type="radiobutton" id="8">
            <radioposx>1200</radioposx>
            <description>Default Radio Button</description>
            <include>DefSettingsButtonGradient</include>
        </control>
        <control type="spincontrolex" id="9">
            <description>Default Spin Control</description>
            <include>DefSettingsButtonGradient</include>
        </control>
        <control type="togglebutton" id="10">
            <width>450</width>
            <description>Default Category Button</description>
            <include>DefSettingsButtonGradient</include>
        </control>
        <control type="colorbutton" id="15">
			<description>Default ColorButton</description>
			<include>DefSettingsButtonGradient</include>
		</control>
        <control type="sliderex" id="13">
            <font>Small33</font>
            <include>DefSettingsButtonGradient</include>
        </control>
        <control type="grouplist" id="5">
            <enable>false</enable>
            <height>1</height>
            <control type="label" id="14">
                <font>Button</font>
                <textoffsetx>0</textoffsetx>
                <textcolor>PanelWhite30</textcolor>
                <include>DefSettingsButtonGradient</include>
                <animation effect="slide" start="0" end="-20,0" time="0" condition="true">Conditional</animation>
            </control>
        </control>
    </controls>
</window>