<?xml version="1.0" encoding="UTF-8"?>
<!-- Foundation -->
<window id="34">
    <defaultcontrol always="true">4</defaultcontrol>
    <backgroundcolor>0</backgroundcolor>
    <controls>
        <include>GlobalBackground</include>
        <include>Furniture_Header</include>
        <include>Furniture_Clock</include>
        <include>Furniture_NowPlaying</include>
        <include>Furniture_Weather</include>
        <include>GlobalOverlay</include>
        <control type="group">
            <width>700</width>
            <include>DefDialogInfoPanel</include>
            <control type="label">
                <description>Header Label</description>
                <left>100</left>
                <width>1000</width>
                <posy>20</posy>
                <include>FontTop</include>
                <textcolor>Black70</textcolor>
                <label>10130</label>
            </control>
            <include content="Kodi_Logo">
                <param name="dimensions" value="40"/>
                <param name="top" value="35"/>
                <param name="left" value="45"/>
            </include>

            <!-- Lines -->
            <control type="image">
                <top>90</top>
                <left>45</left>
                <width>610</width>
                <height>1</height>
                <bottom>10</bottom>
                <colordiffuse>Black12</colordiffuse>
                <texture>common/white.png</texture>
            </control>
            <control type="image">
                <top>110</top>
                <left>15</left>
                <height>66</height>
                <width>670</width>
                <texture colordiffuse="$VAR[ColorHighlight]">common/white.png</texture>
                <visible>Control.HasFocus(4)</visible>
            </control>
            <control type="image">
                <top>180</top>
                <left>15</left>
                <height>66</height>
                <width>670</width>
                <texture colordiffuse="$VAR[ColorHighlight]">common/white.png</texture>
                <visible>Control.HasFocus(5)</visible>
            </control>
            <control type="radiobutton" id="4">
                <label>20096</label>
                <width>670</width>
                <radioposx>620</radioposx>
                <align>left</align>
                <left>15</left>
                <right>15</right>
                <textoffsetx>30</textoffsetx>
                <posy>110</posy>
                <ondown>5</ondown>
                <texturefocus colordiffuse="$VAR[ColorGradient]" border="5">common/gradient-box-wide-cut.png</texturefocus>
            </control>
            <control type="button" id="5">
                <left>15</left>
                <right>15</right>
                <textoffsetx>30</textoffsetx>
                <posy>179</posy>
                <width>670</width>
                <align>left</align>
                <onup>4</onup>
                <ondown>2</ondown>
                <texturefocus colordiffuse="$VAR[ColorGradient]" border="5">common/gradient-box-wide-cut.png</texturefocus>
                <label>$LOCALIZE[33084]$INFO[System.ProfileAutoLogin,: ,]</label>
                <enable>!System.HasLoginScreen</enable>
            </control>
            <control type="list" id="2">
                <posx>15</posx>
                <posy>248</posy>
                <width>670</width>
                <height>483</height>
                <onup>5</onup>
                <itemlayout height="69" width="670">
                    <control type="label">
                        <posx>30</posx>
                        <width>810</width>
                        <info>ListItem.Label</info>
                    </control>
                    <control type="label">
                        <right>20</right>
                        <width>810</width>
                        <align>right</align>
                        <font>Tiny</font>
                        <info>ListItem.Label2</info>
                    </control>
                </itemlayout>
                <focusedlayout height="69" width="670">
                    <control type="group">
                        <visible>Control.HasFocus(2)</visible>
                        <control type="image">
                            <width>100%</width>
                            <height>66</height>
                            <texture border="5" colordiffuse="$VAR[ColorHighlight]">common/white.png</texture>
                        </control>
                        <control type="image">
                            <width>100%</width>
                            <height>66</height>
                            <texture border="8" colordiffuse="$VAR[ColorGradient]">common/gradient-box-wide-cut.png</texture>
                        </control>
                        <control type="label">
                            <posx>30</posx>
                            <width>810</width>
                            <textcolor>Selected</textcolor>
                            <info>ListItem.Label</info>
                        </control>
                        <control type="label">
                            <right>20</right>
                            <width>810</width>
                            <align>right</align>
                            <font>Tiny</font>
                            <textcolor>Selected</textcolor>
                            <info>ListItem.Label2</info>
                        </control>
                    </control>
                    <control type="group">
                        <visible>!Control.HasFocus(2)</visible>
                        <control type="label">
                            <posx>30</posx>
                            <width>810</width>
                            <info>ListItem.Label</info>
                        </control>
                        <control type="label">
                            <right>20</right>
                            <width>810</width>
                            <align>right</align>
                            <font>Tiny</font>
                            <info>ListItem.Label2</info>
                        </control>
                    </control>
                </focusedlayout>
            </control>
        </control>
    </controls>
</window>
