<?xml version="1.0" encoding="UTF-8"?>
<!-- Foundation -->
<window id="129">
    <defaultcontrol always="true">9001</defaultcontrol>
    <controls>
        <include>GlobalOverlay</include>
        <control type="group">
            <include>Animation.ZoomIn</include>
            <posx>360</posx>
            <posy>330</posy>
            <control type="image">
                <description>background image</description>
                <posx>7</posx>
                <posy>-10</posy>
                <width>1187</width>
                <height>460</height>
                <texture border="16" colordiffuse="White100">common/rounded-shadow8.png</texture>
            </control>
            <control type="group">
                <left>30</left>
                <top>15</top>
                <control type="label">
                    <description>Header Label</description>
                    <left>70</left>
                    <width>1000</width>
                    <posy>0</posy>
                    <include>FontTop</include>
                    <textcolor>Black70</textcolor>
                    <label>21421</label>
                </control>
                <include>Kodi_Logo</include>

                <!-- Lines -->
                <control type="image">
                    <top>70</top>
                    <left>17</left>
                    <width>385</width>
                    <height>1</height>
                    <bottom>10</bottom>
                    <colordiffuse>Black12</colordiffuse>
                    <texture>common/white.png</texture>
                </control>
            </control>
            <control type="label">
                <description>Rule match label</description>
                <posx>60</posx>
                <posy>75</posy>
                <width>1080</width>
                <align>center</align>
                <textcolor>Black70</textcolor>
                <label>21422</label>
            </control>
            <control type="group" id="9001">
                <control type="button" id="15">
                    <description>Rule Field</description>
                    <posx>15</posx>
                    <posy>150</posy>
                    <width>595</width>
                    <onright>16</onright>
                    <onleft>16</onleft>
                    <onup>9000</onup>
                    <ondown>17</ondown>
                    <texturefocus colordiffuse="$VAR[ColorHighlight]" border="8">common/box.png</texturefocus>
                    <texturenofocus colordiffuse="Black12" border="5">common/box.png</texturenofocus>
                </control>
                <control type="button" id="16">
                    <description>Rule operator</description>
                    <posx>623</posx>
                    <posy>150</posy>
                    <width>563</width>
                    <onright>15</onright>
                    <onleft>15</onleft>
                    <onup>9000</onup>
                    <ondown>17</ondown>
                    <texturefocus colordiffuse="$VAR[ColorHighlight]" border="8">common/box.png</texturefocus>
                    <texturenofocus colordiffuse="Black12" border="5">common/box.png</texturenofocus>
                </control>
            </control>
            <control type="edit" id="17">
                <description>Value Button</description>
                <posx>15</posx>
                <posy>234</posy>
                <width>908</width>
                <onup>9001</onup>
                <onleft>20</onleft>
                <onright>20</onright>
                <ondown>9000</ondown>
                <align>left</align>
                <textoffsetx>30</textoffsetx>
                <textcolor>Black70</textcolor>
                <focusedcolor>Selected</focusedcolor>
                <texturefocus colordiffuse="$VAR[ColorHighlight]" border="5">common/box.png</texturefocus>
                <texturenofocus colordiffuse="Black12" border="5">common/box.png</texturenofocus>
            </control>
            <control type="button" id="20">
                <description>Browse Button</description>
                <posx>936</posx>
                <posy>234</posy>
                <width>250</width>
                <label>1024</label>
                <onup>9001</onup>
                <onleft>17</onleft>
                <onright>17</onright>
                <ondown>9000</ondown>
                <texturenofocus colordiffuse="Black12" border="5">common/box.png</texturenofocus>
                <texturefocus colordiffuse="$VAR[ColorHighlight]" border="8">common/box.png</texturefocus>
                <include>DefDialogButtons</include>
            </control>
            <control type="group" id="9000">
                <control type="button" id="18">
                    <description>Ok Button</description>
                    <posx>278</posx>
                    <posy>338</posy>
                    <width>300</width>
                    <label>186</label>
                    <onup>17</onup>
                    <onleft>19</onleft>
                    <onright>19</onright>
                    <ondown>9001</ondown>
                    <texturefocus colordiffuse="$VAR[ColorHighlight]" border="5">common/box.png</texturefocus>
                    <texturenofocus colordiffuse="Black12" border="5">common/box.png</texturenofocus>
                    <include>DefDialogButtons</include>
                </control>
                <control type="button" id="19">
                    <description>Cancel Button</description>
                    <posx>623</posx>
                    <posy>338</posy>
                    <width>300</width>
                    <label>222</label>
                    <onup>17</onup>
                    <onleft>18</onleft>
                    <onright>19</onright>
                    <ondown>9001</ondown>
                    <texturefocus colordiffuse="$VAR[ColorHighlight]" border="5">common/box.png</texturefocus>
                    <texturenofocus colordiffuse="Black12" border="5">common/box.png</texturenofocus>
                    <include>DefDialogButtons</include>
                </control>
            </control>
        </control>
    </controls>
</window>
