<?xml version="1.0" encoding="UTF-8"?>
<!-- Foundation -->
<window id="2901">
    <include condition="!Player.PauseEnabled">OSDFocusStop</include>
    <include condition="Player.PauseEnabled">OSDFocusPause</include>
    <onunload>ClearProperty(osdshowinfo,home)</onunload>
    <onload>ClearProperty(dontautoclose,home)</onload>
    <onunload>ClearProperty(dontautoclose,home)</onunload>

    <controls>
        <control type="group">
            <animation effect="fade" start="100" end="0" time="250" condition="Window.IsVisible(DialogSlider.xml)">Conditional</animation>
            <include condition="Skin.HasSetting(osd.usetheme) + !Skin.HasSetting(videoosd.side)">OSD1</include>
            <include condition="!Skin.HasSetting(osd.usetheme) + !Skin.HasSetting(videoosd.side)">OSD2</include>
            <include condition="Skin.HasSetting(videoosd.side)">OSD3</include>
        </control>
    </controls>
</window>
