<?xml version="1.0" encoding="UTF-8"?>
<!-- Foundation -->
<includes>

    <include name="View_57_ExtraInfo">
        <description>List View (id=57)</description>
        <control type="group">
            <include>Animation.Common</include>
            <visible>Control.IsVisible(57)</visible>
            <include>ViewSlideForJumpBar</include>
            <control type="group">
                <control type="panel" id="57">
                    <visible>$EXP[InGameMode] | Container.Content(musicvideos) | Container.Content(artists) | Container.Content(movies) | Container.Content(files) | Container.Content(tvshows) | Container.Content(episodes) | Container.Content(actors) | Container.Content(sets) | Container.Content(seasons) | Container.Content(videos)</visible>
                    <top>PosterPad</top>
                    <height>PosterH</height>
                    <right>SidePad</right>
                    <width>1100</width>
                    <onleft condition="!Skin.HasSetting(global.kioskmode)">9000</onleft>
                    <onright>1603</onright>
                    <onup>57</onup>
                    <ondown>57</ondown>
                    <focusposition>3</focusposition>
                    <movement>3</movement>
                    <pagecontrol>1603</pagecontrol>
                    <include content="forced_view" condition="Skin.HasSetting(enable.forcedviews)">
                        <param name="string" value="$LOCALIZE[31147]" />
                    </include>
                    <viewtype label="31147">list</viewtype>
                    <include>ScrolltimeViewsList</include>
                    <itemlayout condition="!Skin.HasSetting(511ListInfo)" width="1100" height="64">
                        <include>50itemlayout</include>
                    </itemlayout>
                    <focusedlayout condition="!Skin.HasSetting(511ListInfo)" width="1100" height="64">
                        <include>50focuslayout</include>
                    </focusedlayout>
                    <itemlayout condition="Skin.HasSetting(511ListInfo)" width="1100" height="91.4">
                        <include>50itemlayout_info</include>
                    </itemlayout>
                    <focusedlayout condition="Skin.HasSetting(511ListInfo)" width="1100" height="91.4">
                        <include>50focuslayout_info</include>
                    </focusedlayout>
                </control>
                <control type="scrollbar" id="1603">
                    <include content="scrollbar_vertical">
                        <param name="scrollid" value="1603"/>
                    </include>
                </control>
            </control>
            <include content="Fanart_Info">
                <param name="posx" value="70"/>
            </include>
        </control>
    </include>

    <include name="View_57_ExtraInfo_LowList">
        <description>List View (id=57)</description>
        <control type="group">
            <include>Animation.Common</include>
            <visible>Control.IsVisible(57)</visible>
            <include>ViewSlideForJumpBar</include>
            <control type="group">
                <include content="def_top" condition="Skin.HasSetting(511ListInfo)">
                    <param name="top" value="370" />
                </include>
                <top>320</top>
                <control type="fixedlist" id="57">
                    <visible>$EXP[InGameMode] | Container.Content(musicvideos) | Container.Content(artists) | Container.Content(movies) | Container.Content(files) | Container.Content(tvshows) | [Container.Content(episodes) + !String.Contains(Container.FolderPath,plugin://,left)] | Container.Content(actors) | Container.Content(sets) | Container.Content(seasons) | Container.Content(videos)</visible>
                    <top>PosterPad</top>
                    <include content="def_height" condition="Skin.HasSetting(511ListInfo)">
                        <param name="height" value="270" />
                    </include>
                    <height>320</height>
                    <right>SidePad</right>
                    <width>1100</width>
                    <onleft condition="!Skin.HasSetting(global.kioskmode)">9000</onleft>
                    <onright>60</onright>
                    <onup>57</onup>
                    <ondown>57</ondown>
                    <include content="def_focusposition" condition="Skin.HasSetting(511ListInfo)">
                        <param name="focusposition" value="1" />
                    </include>
                    <focusposition>2</focusposition>
                    <include content="def_movement" condition="Skin.HasSetting(511ListInfo)">
                        <param name="movement" value="1" />
                    </include>
                    <movement>2</movement>
                    <pagecontrol>60</pagecontrol>
                    <include content="forced_view" condition="Skin.HasSetting(enable.forcedviews)">
                        <param name="string" value="$LOCALIZE[31147]" />
                    </include>
                    <viewtype label="31147">list</viewtype>
                    <include>ScrolltimeViewsList</include>
                    <itemlayout condition="!Skin.HasSetting(511ListInfo)" width="1100" height="64">
                        <include>50itemlayout</include>
                    </itemlayout>
                    <focusedlayout condition="!Skin.HasSetting(511ListInfo)" width="1100" height="64">
                        <control type="group">
                            <visible>Control.HasFocus(57)</visible>
                            <include>50focuslayout</include>
                        </control>
                        <control type="group">
                            <visible>!Control.HasFocus(57)</visible>
                            <include>50itemlayout</include>
                        </control>
                    </focusedlayout>
                    <itemlayout condition="Skin.HasSetting(511ListInfo)" width="1100" height="90">
                        <include>50itemlayout_info</include>
                    </itemlayout>
                    <focusedlayout condition="Skin.HasSetting(511ListInfo)" width="1100" height="90">
                        <control type="group">
                            <visible>Control.HasFocus(57)</visible>
                            <include>50focuslayout_info</include>
                        </control>
                        <control type="group">
                            <visible>!Control.HasFocus(57)</visible>
                            <include>50itemlayout_info</include>
                        </control>
                    </focusedlayout>
                </control>
                <control type="scrollbar" id="60">
                    <include content="scrollbar_vertical" condition="Skin.HasSetting(511ListInfo)">
                        <param name="scrollid" value="60"/>
                        <param name="posy" value="216"/>
                        <param name="height" value="270"/>
                    </include>
                    <include content="scrollbar_vertical" condition="!Skin.HasSetting(511ListInfo)">
                        <param name="scrollid" value="60"/>
                        <param name="posy" value="216"/>
                        <param name="height" value="325"/>
                    </include>
                </control>
            </control>
            <include content="LowList_Info" condition="Skin.HasSetting(511ListInfo)">
                <param name="left" value="70"/>
                <param name="bottom" value="165"/>
                <param name="group_height" value="290"/>
            </include>
            <include content="LowList_Info" condition="!Skin.HasSetting(511ListInfo)">
                <param name="left" value="70"/>
            </include>
        </control>
    </include>

    <include name="LowList_Info">
        <param name="bottom" default="199"/>
        <param name="group_height" default="330"/>
        <definition>
        <control type="group">
            <left>$PARAM[left]</left>
            <width>645</width>
            <bottom>$PARAM[bottom]</bottom>
            <height>660</height>
            <control type="group">
                <left>12</left>
                <right>12</right>
                <posy>319</posy>
                <height>$PARAM[group_height]</height>
                <control type="label">
                    <top>10</top>
                    <aligny>center</aligny>
                    <height>64</height>
                    <font>MediumBold</font>
                    <textcolor>Dark1</textcolor>
                    <selectedcolor>Dark1</selectedcolor>
                    <label>$VAR[LabelDirector]</label>
                </control>
                <control type="label">
                    <top>50</top>
                    <height>64</height>
                    <aligny>center</aligny>
                    <font>Tiny</font>
                    <textcolor>Dark1</textcolor>
                    <selectedcolor>Dark1</selectedcolor>
                    <label>$VAR[LabelGenre]</label>
                </control>
                <control type="textbox">
                    <top>126</top>
                    <bottom>25</bottom>
                    <align>justify</align>
                    <font>Tiny</font>
                    <textcolor>Dark2</textcolor>
                    <selectedcolor>Dark1</selectedcolor>
                    <label>$VAR[LabelPlotBox]</label>
                </control>
            </control>
        </control>
        </definition>
    </include>

    <include name="Fanart_Info">
        <param name="top" value="$PARAM[top]" default="206"/>
        <param name="width_condition" value="$PARAM[width_condition]" default="Skin.HasSetting(furniture.overlayinfobalken)"/>
        <param name="visible" value="$PARAM[visible]" default="true"/>
        <param name="visible_progress" value="$PARAM[visible_progress]" default="true"/>
        <param name="infobox_height" value="$PARAM[infobox_height]" default="300"/>
        <definition>
        <control type="group">
            <left>$PARAM[posx]</left>
            <width>645</width>
            <top>$PARAM[top]</top>
            <height>660</height>
            <control type="group">
                <height>370</height>
                <visible>[!Skin.HasSetting(57list.low) + Control.IsVisible(57)] | !Control.IsVisible(57)</visible>
                <visible>[!Skin.HasSetting(56media.low) + Control.IsVisible(56)] | !Control.IsVisible(56)</visible>
                <control type="group">
                    <visible>$PARAM[visible]</visible>
                    <control type="image">
                        <width>100%</width>
                        <height>100%</height>
                        <texture border="10" infill="false">common/$VAR[nofocus-shadow10]</texture>
                    </control>
                    <control type="image">
                        <left>10</left>
                        <top>10</top>
                        <right>10</right>
                        <bottom>10</bottom>
                        <texture colordiffuse="Fallback" border="4" background="true">common/diffuse_box.png</texture>
                    </control>
                    <control type="image">
                        <left>10</left>
                        <top>10</top>
                        <right>10</right>
                        <bottom>10</bottom>
                        <fadetime>PosterFanartFadetime</fadetime>
                        <aspectratio align="center" aligny="center" scalediffuse="false">scale</aspectratio>
                        <texture diffuse="diffuse/widgetfanart_new.png" background="true">$VAR[FanartImage]</texture>
                    </control>
                    <control type="image">
                        <left>10</left>
                        <top>10</top>
                        <right>10</right>
                        <bottom>10</bottom>
                        <texture colordiffuse="Box2" border="4" background="true" infill="false">common/box21.png</texture>
                        <visible>!Skin.HasSetting(global.hideborders)</visible>
                    </control>
                </control>
            </control>
            <control type="group">
                <left>10</left>
                <right>10</right>
                <posy>370</posy>
                <height>$PARAM[infobox_height]</height>
                <control type="group">
                    <include content="def_width" condition="$PARAM[width_condition]">
                        <param name="width" value="520"/>
                    </include>
                    <width>100%</width>
                    <control type="label">
                        <top>8</top>
                        <aligny>center</aligny>
                        <height>64</height>
                        <font>MediumBold</font>
                        <textcolor>Dark1</textcolor>
                        <selectedcolor>Dark1</selectedcolor>
                        <label>$VAR[LabelDirector]</label>
                    </control>
                    <control type="label">
                        <top>48</top>
                        <height>64</height>
                        <aligny>center</aligny>
                        <font>Tiny</font>
                        <textcolor>Dark1</textcolor>
                        <selectedcolor>Dark1</selectedcolor>
                        <label>$VAR[LabelGenre]</label>
                    </control>
                </control>
                <control type="textbox">
                    <top>126</top>
                    <bottom>25</bottom>
                    <align>justify</align>
                    <font>TinyPlot</font>
                    <textcolor>Dark2</textcolor>
                    <selectedcolor>Dark1</selectedcolor>
                    <label>$VAR[LabelPlotBox]</label>
                </control>
            </control>
            <control type="group">
                <top>360</top>
                <left>526</left>
                <width>155</width>
                <height>155</height>
                <visible>Skin.HasSetting(furniture.overlayinfobalken) + !String.IsEqual(ListItem.Label,..) + !String.IsEqual(ListItem.DBType,set) + !Window.IsVisible(MyMusicNav.xml) + $PARAM[visible_progress]</visible>
                <control type="group">
                    <control type="image" description="Back">
                        <centertop>44%</centertop>
                        <width>139</width>
                        <height>139</height>
                        <texture diffuse="diffuse/diffuse_progress.png" border="0">progress/back3.png</texture>
                    </control>
                    <control type="group">
                        <visible>!String.IsEqual(ListItem.Label,..) + [Container.Content(movies) | Container.Content(episodes)]</visible>
                        <include>Animation.SwitchText</include>
                        <control type="image">
                            <visible>ListItem.IsResumable</visible>
                            <centertop>44%</centertop>
                            <width>139</width>
                            <height>139</height>
                            <texture diffuse="diffuse/diffuse_progress.png" colordiffuse="$VAR[ColorHighlight]">$INFO[ListItem.PercentPlayed,progress/circle/p,.png]</texture>
                        </control>
                        <control type="image">
                            <visible>String.Contains(ListItem.Overlay,OverlayWatched.png) + !ListItem.IsResumable</visible>
                            <centertop>44%</centertop>
                            <width>139</width>
                            <height>139</height>
                            <texture diffuse="diffuse/diffuse_progress.png" colordiffuse="$VAR[ColorHighlight]">progress/circle/p100.png</texture>
                        </control>
                    </control>
                </control>
                <control type="image">
                    <visible>!String.IsEqual(ListItem.Label,..) + [Container.Content(tvshows) | Container.Content(seasons)]</visible>
                    <width>139</width>
                    <height>139</height>
                    <centertop>44%</centertop>
                    <texture diffuse="diffuse/diffuse_progress.png" colordiffuse="$VAR[ColorHighlight]">progress/tvshows/p$INFO[ListItem.Property(WatchedEpisodePercent)].png</texture>
                    <visible>String.IsEqual(ListItem.DBType,tvshow) | String.IsEqual(ListItem.DBType,season)</visible>
                    <include>Animation.SwitchText</include>
                </control>
                <control type="label">
                    <include>Animation.SwitchText</include>
                    <width>140</width>
                    <centertop>43%</centertop>
                    <align>center</align>
                    <label>$VAR[ProgressCircleLabel]</label>
                    <font>WatchedLabel</font>
                    <textcolor>Dark2</textcolor>
                </control>
            </control>
        </control>
        </definition>
    </include>
</includes>