<?xml version="1.0" encoding="UTF-8"?>
<!-- Foundation -->
<includes>

    <include name="View_59_BannerWall">
        <control type="group">
            <include>Animation.Common</include>
            <visible>Control.IsVisible(59)</visible>
            <include>ViewSlideForJumpBar</include>
            <control type="panel" id="59">
                <visible>Container.Content(movies) | Container.Content(tvshows) | Container.Content(videos) | $EXP[InGameMode]</visible>
                <top>200</top>
                <right>70</right>
                <left>70</left>
                <height>666</height>
                <onleft condition="!Skin.HasSetting(global.kioskmode)">9000</onleft>
                <onright>1619</onright>
                <onup>59</onup>
                <ondown>59</ondown>
                <preloaditems>2</preloaditems>
                <pagecontrol>1619</pagecontrol>
                <include content="forced_view" condition="Skin.HasSetting(enable.forcedviews)">
                    <param name="string" value="$LOCALIZE[31244]" />
                </include>
                <viewtype label="31244">list</viewtype>
                <include>ScrolltimeViewsList</include>
                <itemlayout height="133" width="593">
                    <control type="group">
                        <height>128</height>
                        <top>8</top>
                        <include content="include.widget.banner">
                            <param name="id" value="59"/>
                            <param name="height" value="128"/>
                        </include>
                    </control>
                </itemlayout>
                <focusedlayout height="133" width="593">
                    <control type="group">
                        <height>128</height>
                        <top>8</top>
                        <include content="include.widget.banner.focus">
                            <param name="id" value="59"/>
                            <param name="height" value="128"/>
                        </include>
                    </control>
                </focusedlayout>
            </control>
            <control type="scrollbar" id="1619">
                <include content="scrollbar_vertical">
                    <param name="scrollid" value="1619"/>
                </include>
            </control>
        </control>
    </include>
</includes>
