<?xml version="1.0" encoding="UTF-8"?>
<!-- Foundation -->
<includes>

    <include name="View_526_SeasonsInfo_V2">
        <description>List View (id=526)</description>
        <control type="group">
            <include>Animation.Common</include>
            <visible>Control.IsVisible(526)</visible>
            <include>ViewSlideForJumpBar</include>
            <control type="group">
                <control type="panel" id="526">
                    <visible>Container.Content(seasons)</visible>
                    <top>206</top>
                    <include content="def_left" condition="!Skin.HasSetting(view.526.switch.plot.poster)">
                        <param name="left" value="70" />
                    </include>
                    <include content="def_left" condition="Skin.HasSetting(view.526.switch.plot.poster)">
                        <param name="left" value="727" />
                    </include>
                    <width>1120</width>
                    <height>370</height>
                    <onup condition="!Skin.HasSetting(global.kioskmode)">9000</onup>
                    <ondown>5261</ondown>
                    <preloaditems>2</preloaditems>
                    <orientation>horizontal</orientation>
                    <include content="forced_view" condition="Skin.HasSetting(enable.forcedviews)">
                        <param name="string" value="$LOCALIZE[31530]" />
                    </include>
                    <viewtype label="31530">list</viewtype>
                    <include>ScrolltimeViewsList</include>
                    <itemlayout height="355" width="224">
                        <control type="group">
                            <height>325</height>
                            <include content="include.widget.poster">
                                <param name="id" value="526"/>
                            </include>
                        </control>
                        <control type="label">
                            <top>305</top>
                            <width>220</width>
                            <align>center</align>
                            <font>Mini</font>
                            <textcolor>Dark1</textcolor>
                            <label>$INFO[ListItem.Label]</label>
                        </control>
                    </itemlayout>
                    <focusedlayout height="355" width="224">
                        <control type="group">
                            <height>325</height>
                            <include content="include.widget.poster.focus">
                                <param name="id" value="526"/>
                            </include>
                        </control>
                        <control type="label">
                            <top>305</top>
                            <width>220</width>
                            <align>center</align>
                            <font>Mini</font>
                            <textcolor>Dark1</textcolor>
                            <label>$INFO[ListItem.Label]</label>
                        </control>
                    </focusedlayout>
                </control>
                <control type="fixedlist" id="5261">
                    <visible>Control.IsVisible(526)</visible>
                    <top>570</top>
                    <height>345</height>
                    <left>-285</left>
                    <width>2490</width>
                    <onup>526</onup>
                    <ondown>1603</ondown>
                    <onback>526</onback>
                    <focusposition>1</focusposition>
                    <orientation>horizontal</orientation>
                    <pagecontrol>1603</pagecontrol>
                    <include content="forced_view" condition="Skin.HasSetting(enable.forcedviews)">
                        <param name="string" value="$LOCALIZE[31530]" />
                    </include>
                    <viewtype label="31530">list</viewtype>
                    <include>ScrolltimeViewsList</include>
                    <visible>!String.Contains(Control.GetLabel(526),..)</visible>
                    <itemlayout height="205" width="355.3">
                        <include content="include.widget.thumb">
                            <param name="clearlogo" value="false"/>
                            <param name="id" value="5261"/>
                            <param name="small" value="true"/>
                            <param name="height" value="300"/>
                            <param name="reflections" value="false"/>
                        </include>
                    </itemlayout>
                    <focusedlayout height="205" width="355.3">
                        <include content="include.widget.thumb.focus">
                            <param name="clearlogo" value="false"/>
                            <param name="id" value="5261"/>
                            <param name="small" value="true"/>
                            <param name="height" value="300"/>
                            <param name="reflections" value="false"/>
                        </include>
                    </focusedlayout>
                    <content target="videos" sortby="episode" sortorder="ascending">$INFO[Container(526).ListItem.FolderPath]</content>
                </control>
                <control type="scrollbar" id="1603">
                    <include content="scrollbar_hor">
                        <param name="scrollid" value="1603"/>
                        <param name="jumpbar" value="false"/>
                        <param name="onup" value="5261"/>
                        <param name="bottom" value="200"/>
                    </include>
                </control>
            </control>
            <include content="Fanart_Info" condition="!Skin.HasSetting(view.526.switch.plot.poster)">
                <param name="posx" value="1203"/>
                <param name="top" value="-178"/>
                <param name="visible" value="false"/>
                <param name="infobox_height" value="335"/>
                <param name="visible_progress" value="false"/>
                <param name="width_condition" value="false"/>
            </include>
            <include content="Fanart_Info" condition="Skin.HasSetting(view.526.switch.plot.poster)">
                <param name="posx" value="70"/>
                <param name="top" value="-178"/>
                <param name="visible" value="false"/>
                <param name="infobox_height" value="335"/>
                <param name="visible_progress" value="false"/>
                <param name="width_condition" value="false"/>
            </include>
        </control>
    </include>
</includes>